{"type":"FeatureCollection","crs":{"type":"name","properties":{"name":"EPSG:4326"}},"features":[{"type":"Feature","properties":{"id":1},"geometry":{"type":"LineString","coordinates":[[106.1004176,21.204877],[106.0992576,21.2011571]]}},{"type":"Feature","properties":{"id":2},"geometry":{"type":"LineString","coordinates":[[106.2761808,21.3988373],[106.2767454,21.3992764],[106.2769305,21.3994204],[106.2770828,21.399517],[106.2773449,21.3996664],[106.2774048,21.399706],[106.2778813,21.400021],[106.2784285,21.4003456],[106.2791057,21.4006978],[106.2792907,21.4007741],[106.2810988,21.4016076],[106.281277,21.4016891],[106.2813346,21.4017166],[106.2814969,21.401794],[106.2816048,21.4018389],[106.2817296,21.4018789],[106.2819314,21.4019176],[106.2823016,21.4019289],[106.2825537,21.4019116],[106.2836592,21.401836],[106.2845266,21.4017766],[106.2848093,21.4017573],[106.285122,21.4017359],[106.2854565,21.401713],[106.2855633,21.4017057],[106.2859426,21.4016691],[106.2861894,21.4016616],[106.2864115,21.4016657],[106.2868197,21.4017066],[106.2871262,21.4017484],[106.2872309,21.4017631],[106.2873481,21.4017734],[106.2874849,21.4017815],[106.2883345,21.4018496],[106.2887261,21.4018851],[106.2887868,21.4018898],[106.2888404,21.4018955],[106.2891955,21.4019232],[106.2893786,21.4019338],[106.2901005,21.4020098],[106.2905857,21.4020326],[106.2910101,21.4020754],[106.2911648,21.4020822],[106.2913018,21.4020857],[106.2914032,21.4020814],[106.2923653,21.40204],[106.2931527,21.4019915],[106.2932982,21.4019711],[106.2934955,21.4019444],[106.2936047,21.401925],[106.294143,21.4018244],[106.2942057,21.4018118],[106.2946549,21.4016754],[106.2960453,21.4011506],[106.2964129,21.4010371],[106.2964567,21.4010116],[106.296641,21.4009486],[106.2967782,21.4008877],[106.2972625,21.4006659],[106.2975448,21.4005765],[106.2978515,21.4004214],[106.2979844,21.400357],[106.2980284,21.4003221]]}},{"type":"Feature","properties":{"id":3},"geometry":{"type":"LineString","coordinates":[[106.3160611,21.3512195],[106.316088,21.3512193],[106.3164031,21.3512158],[106.3171783,21.351219],[106.3178033,21.3512258],[106.3178904,21.3512308],[106.3181332,21.3512633],[106.3183281,21.3512997],[106.3184885,21.3513296],[106.318603,21.351351],[106.3191373,21.3514757],[106.3191942,21.3514889],[106.3197433,21.3516002],[106.3202072,21.3516943],[106.3205098,21.3517569],[106.320861,21.3518246],[106.3210389,21.3518558],[106.3211685,21.3518809],[106.3216266,21.3519538],[106.3217772,21.3519853],[106.3219338,21.3520117],[106.322152,21.3520486],[106.3223185,21.3520767],[106.3225814,21.3521212],[106.3230339,21.3521976],[106.323433,21.3522641],[106.3238722,21.3523372],[106.3241603,21.3523852],[106.3248063,21.3524928],[106.3251745,21.3525601],[106.3253874,21.3525984],[106.3255654,21.3526305],[106.3261934,21.3527437],[106.3263649,21.3527746],[106.3264701,21.3527958],[106.3266502,21.3528321],[106.3274579,21.3529807],[106.3275753,21.3530067],[106.3279556,21.3530884],[106.3286367,21.353233],[106.3294408,21.353401],[106.3298242,21.3534655],[106.3302916,21.3535441],[106.3303151,21.3535484],[106.3311875,21.3537114],[106.3314284,21.3537545],[106.3329884,21.3540333],[106.3331478,21.3540655],[106.3337812,21.3541936],[106.3340236,21.3542404],[106.3344772,21.3543309],[106.3346901,21.354372],[106.3347803,21.3543821],[106.335074,21.3543884],[106.335311,21.3544355],[106.33553,21.3542962],[106.3359942,21.3541555],[106.3361874,21.354097],[106.3362725,21.3540712],[106.336564,21.3539902],[106.3367832,21.3539352],[106.3368844,21.3539121],[106.3375894,21.3537072],[106.3378589,21.3536265],[106.3379448,21.3535998],[106.3382588,21.3534984],[106.3391202,21.353213],[106.3393575,21.3531344],[106.339898,21.3529583],[106.3405439,21.3527819],[106.3406379,21.3527559],[106.3408285,21.352699],[106.3412526,21.3525952],[106.3419938,21.3523187],[106.34233,21.3522116],[106.3426355,21.3521207],[106.3432387,21.3519515],[106.3438793,21.351747],[106.345581,21.3512196],[106.3461887,21.3510389],[106.3467282,21.3508911],[106.3486828,21.3502796],[106.3494692,21.3500336],[106.3495545,21.3499788],[106.3502151,21.3495121],[106.350634,21.3492253],[106.3510251,21.3489575],[106.3513359,21.3487512],[106.3518798,21.34839],[106.3520313,21.3482895],[106.3522207,21.3481637],[106.3526049,21.3478808],[106.3528161,21.3477403],[106.3532264,21.3474673],[106.3532473,21.3474531],[106.3534258,21.3473317],[106.3535019,21.34728],[106.3539975,21.3469417],[106.3544749,21.3466158],[106.355663,21.3458047],[106.3557724,21.3457322],[106.356075,21.3455285],[106.3563363,21.3453524],[106.3563611,21.3453357],[106.3579583,21.3442204],[106.3602774,21.3426595],[106.3607776,21.342321],[106.3611571,21.3420549],[106.3616694,21.3417227],[106.3621214,21.3414091],[106.36245,21.3411855],[106.362513,21.3411568],[106.3625761,21.3411427],[106.3626037,21.3411412],[106.3638394,21.3416327],[106.3646762,21.34197],[106.3650759,21.3421236],[106.3652609,21.3421736],[106.3654437,21.3422107],[106.3656686,21.3422348],[106.3658658,21.3422261],[106.3660656,21.3422023],[106.3661997,21.3421724],[106.366358,21.3421524],[106.3664237,21.3421649],[106.3666406,21.342293],[106.3669729,21.3425019],[106.3671143,21.3425946],[106.3673109,21.3427001],[106.3675045,21.3427494],[106.3675824,21.3427657],[106.3678985,21.3428366],[106.3681591,21.3428831],[106.3682635,21.3429001],[106.3683549,21.3429031],[106.3684849,21.3428881],[106.3686526,21.3428544],[106.3688216,21.3428232],[106.3691461,21.3427707],[106.3692923,21.3427382],[106.3698716,21.3426208],[106.370506,21.3424921],[106.3711775,21.3423663],[106.3716379,21.3422735],[106.3723365,21.3421252],[106.3728355,21.3420325],[106.3732955,21.3419275],[106.3741659,21.3417514],[106.3746017,21.341654],[106.3750295,21.3415178],[106.3758956,21.341257],[106.3759375,21.3412416],[106.3769554,21.3409245],[106.3782478,21.3405711]]}},{"type":"Feature","properties":{"id":4},"geometry":{"type":"LineString","coordinates":[[105.897299,21.3219107],[105.8996801,21.321521]]}},{"type":"Feature","properties":{"id":5},"geometry":{"type":"LineString","coordinates":[[105.8996801,21.321521],[105.8998749,21.3214677],[105.9001095,21.3214386],[105.9002987,21.3214327],[105.900491,21.3214386],[105.9006473,21.3214577],[105.9008331,21.3215266],[105.9011683,21.3217541],[105.9013125,21.3219075],[105.9014493,21.3220634],[105.9016344,21.3223647],[105.9017661,21.322622],[105.9018421,21.3227703],[105.9018726,21.3228298],[105.9020008,21.3231113],[105.9021555,21.3234508],[105.902216,21.3235838],[105.9023914,21.3239761],[105.9026885,21.3246184],[105.9029643,21.3251914],[105.9032884,21.3258236],[105.9034896,21.3261734]]}},{"type":"Feature","properties":{"id":6},"geometry":{"type":"LineString","coordinates":[[106.1792099,21.4450278],[106.1793567,21.4449822],[106.1794567,21.4449703],[106.1797508,21.4450581],[106.180332,21.4452398],[106.1810373,21.4453904],[106.1816677,21.4454894],[106.1821841,21.4455698],[106.1824644,21.4456137],[106.1826857,21.4456642],[106.1839288,21.4459763],[106.1839482,21.4459789],[106.1843044,21.4460261],[106.1847764,21.4460886],[106.1853833,21.4461771],[106.1858642,21.4462468],[106.1861783,21.4462923],[106.1862141,21.4462983],[106.1864072,21.4463333],[106.1872387,21.4464481],[106.1889075,21.4466993],[106.1896042,21.4468214],[106.190692,21.4469365],[106.1910474,21.4469823],[106.1917157,21.4470863],[106.1927479,21.447247],[106.192866,21.4472719],[106.1932039,21.4473219],[106.1945697,21.4475208],[106.1946255,21.4475257],[106.1958592,21.4477309],[106.1962871,21.4477495],[106.1966554,21.4477655],[106.1971967,21.4477955],[106.197747,21.4475567],[106.1987466,21.4471911],[106.1989018,21.447091],[106.1990699,21.4469199],[106.1991692,21.4468226],[106.1992232,21.4467139],[106.1993334,21.4464017],[106.1996058,21.4456299],[106.1998275,21.4450986],[106.1998598,21.4450213],[106.2000288,21.4446881],[106.200112,21.4445532],[106.2002353,21.4443822],[106.2006384,21.4440284],[106.2007531,21.4439278],[106.2010011,21.4437231],[106.2011035,21.4436521],[106.2011956,21.4435883],[106.2017885,21.4433255],[106.2019843,21.4432387],[106.202261,21.4431479],[106.2036099,21.4427056],[106.2041836,21.4425175],[106.2044089,21.4424499],[106.20461,21.4424125],[106.2050097,21.4423775],[106.2051654,21.4423618],[106.2055025,21.442333],[106.2057255,21.442314],[106.2061214,21.4422652],[106.2063561,21.4422202],[106.2065922,21.4421316],[106.2068497,21.4419805]]}},{"type":"Feature","properties":{"id":7},"geometry":{"type":"LineString","coordinates":[[106.2025385,21.2662406],[106.200239,21.2646763]]}},{"type":"Feature","properties":{"id":8},"geometry":{"type":"LineString","coordinates":[[106.2068497,21.4419805],[106.2078779,21.4413264]]}},{"type":"Feature","properties":{"id":9},"geometry":{"type":"LineString","coordinates":[[106.1787006,21.4453798],[106.1792099,21.4450278]]}},{"type":"Feature","properties":{"id":10},"geometry":{"type":"LineString","coordinates":[[106.260684,21.4186932],[106.2608722,21.4186165]]}},{"type":"Feature","properties":{"id":11},"geometry":{"type":"LineString","coordinates":[[106.2922182,21.4448112],[106.2929309,21.4454129]]}},{"type":"Feature","properties":{"id":12},"geometry":{"type":"LineString","coordinates":[[106.279285,21.4031091],[106.27869,21.404844],[106.278558,21.4055194],[106.2785301,21.4061452],[106.2785756,21.4067225],[106.2786721,21.4072286],[106.2786928,21.407346],[106.2789779,21.4083779],[106.2791252,21.408911],[106.2793434,21.4097734],[106.2793923,21.4099306],[106.2795733,21.4106744],[106.2796906,21.4110501],[106.2797047,21.4110951],[106.2797559,21.4112591],[106.2797979,21.4114561],[106.2799737,21.4122809],[106.2800502,21.4126463],[106.280103,21.4130665],[106.2801828,21.4136982],[106.2801974,21.4137963],[106.2802083,21.4139244],[106.2802469,21.4143756],[106.2802636,21.4145712],[106.2802745,21.4147704],[106.2803193,21.4155871],[106.2804074,21.4166664],[106.2804213,21.4168367],[106.2804275,21.4170686],[106.2804556,21.4174484],[106.280479,21.4179395],[106.2805152,21.4184947],[106.2805474,21.4189666],[106.2805978,21.420092],[106.280668,21.4211654],[106.2806788,21.4213312],[106.2807046,21.4217952],[106.2807429,21.4224848],[106.2807628,21.4228433],[106.280766,21.4229],[106.280789,21.4233658],[106.2807968,21.4235235],[106.2808129,21.4237332],[106.280829,21.4239155],[106.2808318,21.4239606],[106.2808393,21.4240797],[106.2808413,21.4241119],[106.2808448,21.4241596],[106.2808434,21.4242062],[106.2808853,21.4248169]]}},{"type":"Feature","properties":{"id":13},"geometry":{"type":"LineString","coordinates":[[106.097754,21.4428838],[106.0980265,21.4428912],[106.0989496,21.4430136],[106.1009988,21.4442604],[106.1013061,21.4444427],[106.1021945,21.4449664],[106.1031972,21.4455576],[106.104339,21.4462307],[106.1045818,21.4463738],[106.1052302,21.4467489],[106.1062606,21.4473604],[106.1070262,21.4478148],[106.1079708,21.4483842],[106.1084461,21.4488841],[106.1084749,21.4489096],[106.1085667,21.4489857],[106.1088327,21.4491865],[106.1090184,21.4493162],[106.1091407,21.4493814],[106.1092783,21.4494188],[106.1098411,21.4495729],[106.1100127,21.4496108],[106.1102983,21.4496738],[106.1104999,21.4497183],[106.1106263,21.4497462],[106.1107208,21.4497675],[106.1108232,21.4497906],[106.111091,21.449851],[106.1116379,21.4499606],[106.1122288,21.4500905],[106.1123443,21.4501264],[106.1126455,21.4502235],[106.1139926,21.4509083],[106.1141437,21.4509632],[106.1147345,21.4510812],[106.1151319,21.4511207],[106.1153001,21.4511711],[106.1155146,21.4512461],[106.1156124,21.4512839],[106.1166961,21.4516526],[106.1169491,21.4517481],[106.1169755,21.4517581],[106.1171543,21.4518256],[106.1174517,21.4519379],[106.1175794,21.4520035],[106.1181452,21.452294],[106.1197324,21.4531089],[106.119861,21.4531749],[106.1198866,21.453188],[106.120161,21.4533374],[106.1202699,21.4534347],[106.1204168,21.4535929],[106.1209131,21.4541385],[106.120932,21.4541586],[106.1214242,21.4546828],[106.1217048,21.4549817],[106.1217601,21.4550748],[106.1217571,21.4551514],[106.1218384,21.4555962],[106.1218598,21.4556923],[106.12188,21.4557535],[106.1220302,21.456088],[106.1220535,21.4561469],[106.1223734,21.4569546],[106.1225653,21.4575276],[106.1226639,21.4579998],[106.1226819,21.4580863],[106.1227759,21.458508],[106.1229086,21.4591122],[106.1229553,21.4593633],[106.1229724,21.4594556],[106.1230009,21.4596087],[106.1230921,21.4600568],[106.1231433,21.460308],[106.1232649,21.4609519],[106.1233565,21.4613951],[106.1233874,21.4615423],[106.1235087,21.4618971],[106.1236583,21.4622751],[106.1236958,21.4623698],[106.1239144,21.4629465],[106.1239788,21.4631412],[106.1240137,21.463281],[106.1240645,21.4635096],[106.1240686,21.4635281],[106.1241278,21.463814],[106.1241692,21.4640198],[106.1242127,21.4641803],[106.1243416,21.464538],[106.1244989,21.4649742],[106.1250546,21.4664688],[106.1251026,21.4666159],[106.1251561,21.4667555],[106.1256925,21.4681584],[106.1257268,21.4682481],[106.1258613,21.4686155],[106.1263729,21.4696791],[106.1265913,21.4702268],[106.1266342,21.47037],[106.1266668,21.4705571],[106.1267039,21.4708068],[106.1268699,21.4725146],[106.1269266,21.4731257],[106.1269317,21.4731803],[106.1270064,21.4739858],[106.1270123,21.4740492],[106.1270579,21.4745609],[106.1270534,21.4749445],[106.1270171,21.4754988],[106.1269692,21.4759489],[106.126933,21.4762886],[106.1268954,21.4765054],[106.1267151,21.4774034]]}},{"type":"Feature","properties":{"id":14},"geometry":{"type":"LineString","coordinates":[[106.2078779,21.4413264],[106.2082538,21.441098],[106.2084483,21.4409732],[106.2086172,21.4408508],[106.2090692,21.4404963],[106.2091175,21.4404501],[106.2091669,21.4404011],[106.2093629,21.4402067],[106.2094916,21.4401031],[106.2097885,21.4398764],[106.2105592,21.4393953],[106.2107147,21.439298],[106.210817,21.4392329],[106.2121832,21.438363],[106.2130824,21.4377651],[106.2132714,21.4376724],[106.2133619,21.437616],[106.2144563,21.4370858],[106.2147498,21.4369474],[106.2151035,21.436802],[106.2155364,21.436624],[106.2165042,21.4362091],[106.2165708,21.4361862],[106.2166495,21.4361592],[106.2168607,21.4360791],[106.2170462,21.4360088],[106.2170901,21.4359924],[106.2176766,21.4357732],[106.2178771,21.4356985],[106.2179934,21.4356548],[106.2180702,21.4356261],[106.2183064,21.4355378],[106.2184743,21.4354777],[106.2187321,21.4353814],[106.2188225,21.4353442],[106.2196599,21.4349998],[106.2199625,21.4348786],[106.2202779,21.4347522],[106.2203115,21.4347387],[106.2206038,21.4346216],[106.2206468,21.4346044],[106.2210023,21.4344619],[106.2211381,21.4344073],[106.2214957,21.4342635],[106.2220511,21.43404],[106.2222812,21.4339195],[106.2223609,21.4338775],[106.2230352,21.4335221],[106.2234337,21.4332982]]}},{"type":"Feature","properties":{"id":15},"geometry":{"type":"LineString","coordinates":[[106.2488479,21.2232996],[106.2494376,21.2250176],[106.2496248,21.2254246],[106.2499178,21.2258466],[106.2499735,21.2259268],[106.250257,21.2262254],[106.2507135,21.2265955],[106.2518392,21.2273091],[106.2519897,21.2274015],[106.2530192,21.2280341],[106.2535129,21.2283375],[106.2539384,21.2286016],[106.2563687,21.2301863],[106.2565793,21.2303188],[106.2573433,21.2307912],[106.2575503,21.230933],[106.257962,21.2312001],[106.2588951,21.2317676],[106.2606389,21.2328562],[106.2607647,21.232971],[106.2608318,21.2330448],[106.2608975,21.2331298],[106.2609385,21.2332207],[106.2609646,21.2333073],[106.2610102,21.2334885],[106.2610843,21.2338277],[106.261147,21.2341748],[106.2612167,21.2345873],[106.2612972,21.2350023],[106.2616485,21.2361011],[106.2617535,21.2363774],[106.2618014,21.2365599],[106.2619355,21.2371299],[106.2619594,21.2372525],[106.2619832,21.2373425],[106.2620777,21.2378237],[106.2621139,21.2379658],[106.2621474,21.2380974],[106.2621823,21.2381987],[106.2622338,21.2383005],[106.2623446,21.2385006],[106.2624931,21.2388231],[106.2625206,21.2389379],[106.2626501,21.2394795],[106.2629455,21.2407153],[106.2631206,21.2415192],[106.2631646,21.2417213],[106.2632032,21.2418987],[106.2632194,21.2421518],[106.263239,21.2424571],[106.2632429,21.2425173],[106.2632347,21.2430681],[106.2632339,21.2433849],[106.2632253,21.2442024],[106.2632313,21.2442814],[106.2632392,21.2443844],[106.263307,21.2447353],[106.2633637,21.245029],[106.2634123,21.245174],[106.2635798,21.2456676],[106.2636249,21.2458133],[106.2638684,21.2466006],[106.2646213,21.2487476],[106.2646915,21.2489412],[106.2652311,21.2505262],[106.2654474,21.252653],[106.2657397,21.2541083],[106.2658843,21.2548279],[106.265959,21.2552867],[106.2661478,21.2564453],[106.2662511,21.2566953],[106.2664067,21.2569165],[106.2669085,21.2574625]]}},{"type":"Feature","properties":{"id":16},"geometry":{"type":"LineString","coordinates":[[105.9547433,21.4126679],[105.9549677,21.4127821],[105.9551002,21.4128839],[105.9553379,21.4131394],[105.9553818,21.4131785],[105.9554207,21.4132035],[105.9554692,21.4132196],[105.9556836,21.413221],[105.9560125,21.4132044],[105.9563462,21.4132073],[105.9565124,21.4132222],[105.956613,21.413251],[105.9567046,21.4132881],[105.9569818,21.4133733],[105.9570314,21.4133833],[105.9570955,21.4133852],[105.9571521,21.4133721],[105.9572111,21.4133529],[105.9578353,21.4130717],[105.9579205,21.4130237],[105.9580091,21.4129563],[105.9583151,21.4126957],[105.9584027,21.4126122],[105.958661,21.4123658],[105.9587118,21.4123495],[105.9587722,21.4123358],[105.9588593,21.412332],[105.9589508,21.4123356],[105.9590361,21.4123389],[105.9591752,21.4123648],[105.9595049,21.4124262],[105.9597531,21.4124614],[105.963467,21.4129879],[105.9671838,21.4135034],[105.967382,21.4135281],[105.9675532,21.4135626],[105.9682065,21.4137059],[105.968332,21.4137295],[105.9686215,21.4137865],[105.9687135,21.4138013],[105.9688731,21.4138314],[105.9689069,21.4138377],[105.9691617,21.4138857],[105.969657,21.4139789],[105.9699476,21.4140337],[105.9704655,21.4141312],[105.9713778,21.4143029],[105.9732939,21.4146637],[105.9743893,21.4148562],[105.9748933,21.4149447],[105.9766478,21.415253],[105.9772633,21.4153612],[105.9789753,21.415662],[105.9796002,21.415767],[105.9798907,21.4158158]]}},{"type":"Feature","properties":{"id":17},"geometry":{"type":"LineString","coordinates":[[106.2480298,21.2208976],[106.2488479,21.2232996]]}},{"type":"Feature","properties":{"id":18},"geometry":{"type":"LineString","coordinates":[[106.1839762,21.2738905],[106.1886647,21.276335]]}},{"type":"Feature","properties":{"id":19},"geometry":{"type":"LineString","coordinates":[[106.2794913,21.4021638],[106.2794222,21.402581],[106.279285,21.4031091]]}},{"type":"Feature","properties":{"id":20},"geometry":{"type":"LineString","coordinates":[[106.2396793,21.1975185],[106.2399334,21.1975737],[106.2402298,21.1976199],[106.2410492,21.1977187],[106.241422,21.1977862],[106.2417117,21.1978763],[106.2428141,21.1983289],[106.2435651,21.1986365],[106.2439111,21.1988065],[106.2445146,21.1990666],[106.2449035,21.1992342],[106.2453327,21.1994342],[106.2455982,21.1995499],[106.2457464,21.199618],[106.2465611,21.2000194],[106.246946,21.2002069],[106.2472263,21.2003532],[106.2474275,21.2004582],[106.2478338,21.2006621],[106.2479129,21.2007046],[106.2482241,21.2008734],[106.2484494,21.2009984],[106.2486157,21.2010822],[106.2487132,21.2011294]]}},{"type":"Feature","properties":{"id":21},"geometry":{"type":"LineString","coordinates":[[106.1787006,21.4453798],[106.1785093,21.4455109],[106.1783284,21.4455843],[106.1781364,21.4456481],[106.1776128,21.4457534],[106.1775482,21.4457666],[106.1771939,21.4458392],[106.1765282,21.4460452],[106.1756194,21.4463857],[106.1753091,21.4464831],[106.1749354,21.4466004],[106.1744338,21.4467502],[106.1741281,21.4467851],[106.1734615,21.4468575],[106.1731195,21.4468912],[106.1730042,21.4468962],[106.172802,21.4468895],[106.17274,21.4468875],[106.1725104,21.4468656],[106.1724235,21.4468525],[106.1722398,21.4468163],[106.1717243,21.4466515],[106.171584,21.4466066],[106.1709657,21.4463882],[106.1693568,21.4457798],[106.1693135,21.4457739],[106.1692484,21.4457876],[106.1690393,21.445897],[106.1687116,21.4460606],[106.168305,21.4462509],[106.1682647,21.4462683],[106.1678034,21.4464955],[106.1676988,21.4465589],[106.1674654,21.4467002],[106.1668747,21.4471702],[106.166465,21.4475765],[106.1663176,21.4476967],[106.1656764,21.448248],[106.1653599,21.4485052]]}},{"type":"Feature","properties":{"id":22},"geometry":{"type":"LineString","coordinates":[[106.26831,21.1900428],[106.2679205,21.1903971],[106.2676213,21.1906693],[106.2670204,21.1911294],[106.2662789,21.1915855],[106.2661299,21.1916771],[106.2660519,21.1917125],[106.2659374,21.1917644],[106.2657389,21.1918294],[106.2655274,21.1918317],[106.262942,21.1913661],[106.2622411,21.1912398],[106.2612021,21.1910527],[106.2607785,21.190976],[106.260397,21.1909108],[106.2602915,21.1908875],[106.2602522,21.1908808],[106.2593203,21.1907122],[106.2589983,21.1907157],[106.2581871,21.190787],[106.2579028,21.1908478],[106.2577245,21.1909128],[106.2574853,21.1910565],[106.2568527,21.1913893],[106.2567268,21.1914603],[106.2566423,21.1915216],[106.2565926,21.1915612],[106.2562486,21.1919718],[106.2558727,21.1923489],[106.2557691,21.1924346],[106.255627,21.1925192],[106.2550619,21.1927281],[106.2549855,21.1927771],[106.2541218,21.1930966],[106.2537011,21.1932924],[106.2533616,21.1935166],[106.252744,21.1939706],[106.2524569,21.1941893],[106.2518545,21.1946324],[106.2517874,21.1946898],[106.2510805,21.1952058],[106.2510389,21.195238]]}},{"type":"Feature","properties":{"id":23},"geometry":{"type":"LineString","coordinates":[[106.2510389,21.195238],[106.2505603,21.1955481],[106.2499093,21.1958404],[106.2493548,21.1957941],[106.2486279,21.1957781],[106.2482689,21.1957635],[106.2470508,21.1957515],[106.2467908,21.1957482],[106.2466432,21.1957472],[106.2464906,21.1957511],[106.246052,21.1958534],[106.2449114,21.1961534],[106.2438117,21.1964247],[106.2413746,21.1970905],[106.2411198,21.1971618],[106.240257,21.1973949],[106.2400203,21.1974128]]}},{"type":"Feature","properties":{"id":24},"geometry":{"type":"LineString","coordinates":[[106.2646027,21.4170765],[106.2647358,21.4170115],[106.2650689,21.4168667],[106.2652573,21.4167848],[106.2656788,21.4166225],[106.265776,21.416586],[106.2659161,21.4165333],[106.2666938,21.4162],[106.2675118,21.4158504],[106.2676889,21.4157854],[106.2677935,21.415743],[106.2679303,21.4156806],[106.2686199,21.4153997],[106.2687457,21.4153485],[106.2693465,21.4150788],[106.2695828,21.4149934],[106.2698191,21.4149096],[106.2700063,21.4148541],[106.2701324,21.4148166],[106.2701967,21.4147966],[106.2705444,21.4146865],[106.2711411,21.4144358],[106.2714625,21.4141934],[106.2718583,21.414],[106.2722336,21.4137384],[106.2728269,21.413374],[106.2737964,21.41276],[106.2738565,21.4127156],[106.2742859,21.4123988],[106.2744232,21.4122975],[106.2747404,21.4120031],[106.2752749,21.4114619],[106.2758203,21.4110778],[106.2763283,21.4107614],[106.276813,21.4104365],[106.277262,21.4101631],[106.2776862,21.4098624],[106.2779957,21.409643],[106.2791252,21.408911]]}},{"type":"Feature","properties":{"id":25},"geometry":{"type":"LineString","coordinates":[[106.1721714,21.394364],[106.1736143,21.3956946]]}},{"type":"Feature","properties":{"id":26},"geometry":{"type":"LineString","coordinates":[[106.1917372,21.278392],[106.1897438,21.2770755],[106.1895623,21.276884]]}},{"type":"Feature","properties":{"id":27},"geometry":{"type":"LineString","coordinates":[[106.2293101,21.2874842],[106.2289739,21.28746],[106.2288612,21.2874225],[106.2287566,21.28737],[106.2286748,21.2873163],[106.2285813,21.2872366],[106.2285125,21.2871751],[106.2284637,21.2871214],[106.2282309,21.2868689],[106.2280728,21.2866997],[106.2279399,21.2865552],[106.2279169,21.2865307],[106.2276177,21.2862125],[106.2271746,21.2857006],[106.2268655,21.2853977],[106.2268134,21.2853593],[106.2267858,21.2853389],[106.2266167,21.2852312],[106.2264101,21.2851341],[106.2262658,21.285074],[106.2261567,21.2850251],[106.2259367,21.2849613],[106.2255588,21.2848642],[106.2252964,21.2847967],[106.2251555,21.2847411],[106.225108,21.2847224],[106.2250498,21.2846896],[106.2249965,21.2846638],[106.2247973,21.2845446],[106.2247205,21.2845049],[106.2239878,21.2840148],[106.2238349,21.2839084],[106.2236518,21.2837809],[106.2236063,21.2837492],[106.2233984,21.2836323],[106.2232482,21.2835651],[106.2225535,21.2832924],[106.221803,21.2829977],[106.2216412,21.2830228],[106.221208,21.2829257],[106.2208006,21.2829074],[106.2206644,21.2829013],[106.2202969,21.2828752],[106.2197799,21.2828605],[106.2196572,21.2828626],[106.2195076,21.2828652],[106.2194011,21.2828826],[106.2193787,21.2828877],[106.2193003,21.2829056],[106.2190469,21.2829796],[106.2189853,21.2829976],[106.2186846,21.2830539],[106.2185924,21.2830626],[106.218519,21.2830637],[106.2181139,21.2829574],[106.2177813,21.2828474],[106.2172543,21.2826388],[106.2165711,21.2823261],[106.21626,21.2820562],[106.2161814,21.281983],[106.2161479,21.2819517],[106.2159448,21.281725],[106.2157536,21.2815178],[106.2157161,21.2814689],[106.2153781,21.281028],[106.2153295,21.2809632],[106.21523,21.2808465],[106.2149275,21.2806081],[106.2141845,21.279987],[106.2141061,21.2799263],[106.2136412,21.2795469],[106.2132803,21.2792524],[106.2130013,21.2790137],[106.2129292,21.278956],[106.2125319,21.278635],[106.2120208,21.2782768],[106.2115393,21.2779573],[106.2112901,21.2777977],[106.2111531,21.2777273],[106.2106064,21.2774639],[106.209814,21.2771008],[106.2092741,21.2768713],[106.2090544,21.2767767],[106.2089728,21.2767424],[106.2088571,21.2766939],[106.2086923,21.2766368],[106.2085019,21.2765793],[106.2082702,21.2765154],[106.208153,21.2764876],[106.2080595,21.2764698],[106.2080168,21.2764616],[106.2071189,21.2763097],[106.206927,21.2762904],[106.2067159,21.2762692],[106.2060864,21.2762083],[106.2053731,21.2761274],[106.2044454,21.2760292],[106.204319,21.2760057],[106.2041879,21.2759693],[106.2036682,21.275802],[106.2030058,21.2755379],[106.2023589,21.2752801],[106.2021853,21.2752109],[106.2021114,21.2751848],[106.2020592,21.2751696],[106.2019521,21.27513],[106.2018282,21.2750755],[106.2011761,21.2747891],[106.2004225,21.2744733],[106.2000951,21.2743567],[106.1994292,21.2741197],[106.1991411,21.2740425],[106.1987936,21.2739493],[106.1984026,21.2738444],[106.1980142,21.2737402],[106.1973513,21.2735624],[106.1968797,21.273452],[106.1966912,21.2733708],[106.195288,21.2727664],[106.1952388,21.2727429],[106.1944248,21.2723542],[106.1939874,21.2721739],[106.1938341,21.2721111],[106.1937001,21.2720741],[106.1935712,21.2720486],[106.1934789,21.2720378],[106.1934024,21.2720391],[106.1933354,21.2720428],[106.1932874,21.2720526]]}},{"type":"Feature","properties":{"id":28},"geometry":{"type":"LineString","coordinates":[[106.1932874,21.2720526],[106.1930809,21.2721664],[106.1929572,21.272239],[106.1928298,21.272349],[106.1927598,21.2724211],[106.1922665,21.2730276],[106.1921036,21.2732214],[106.1919503,21.2734087],[106.1909614,21.2744981],[106.1907933,21.2746426],[106.1904438,21.2749431],[106.1903799,21.274998],[106.1895712,21.2755463],[106.1888562,21.2760657],[106.1886779,21.2762167]]}},{"type":"Feature","properties":{"id":29},"geometry":{"type":"LineString","coordinates":[[106.1974431,21.28192],[106.1976417,21.28164],[106.1977569,21.2814594],[106.1983993,21.2803907],[106.1991579,21.2792188],[106.1993638,21.2789007],[106.199665,21.2784304],[106.1999155,21.2780393],[106.2002239,21.2775577],[106.2003698,21.2773298],[106.2005207,21.2770942]]}},{"type":"Feature","properties":{"id":30},"geometry":{"type":"LineString","coordinates":[[106.2006473,21.2771624],[106.2003533,21.2776305],[106.2000443,21.2781111],[106.1997894,21.2785074],[106.1996911,21.2786604],[106.1994931,21.2789682],[106.1990452,21.2796431],[106.1985119,21.2804465],[106.197914,21.2814194],[106.1978534,21.281518],[106.1975253,21.2819931]]}},{"type":"Feature","properties":{"id":31},"geometry":{"type":"LineString","coordinates":[[106.2005207,21.2770942],[106.2011498,21.2761116],[106.2018282,21.2750755],[106.2018648,21.2750196],[106.202058,21.2747122],[106.203004,21.2732066],[106.203563,21.2723511],[106.2040813,21.2715473],[106.204133,21.2714671]]}},{"type":"Feature","properties":{"id":32},"geometry":{"type":"LineString","coordinates":[[106.2061832,21.2859888],[106.2069729,21.2848138],[106.2074948,21.2840372],[106.208973,21.2818377],[106.2099114,21.2804072],[106.2105857,21.2794085],[106.2112561,21.2783884],[106.2115393,21.2779573]]}},{"type":"Feature","properties":{"id":33},"geometry":{"type":"LineString","coordinates":[[106.2301614,21.2872059],[106.2300349,21.2872094],[106.2298931,21.2872453],[106.2293523,21.287573],[106.2290162,21.2877584],[106.2289027,21.287821],[106.2281895,21.2882144],[106.2277411,21.2883813],[106.2254534,21.2892328],[106.2252982,21.2892895],[106.2227605,21.2902161],[106.2224668,21.290324],[106.2223917,21.2903565],[106.2206692,21.2909797],[106.2201629,21.2911645],[106.2193707,21.291451],[106.2190644,21.2915959],[106.2188108,21.2917463],[106.2186022,21.2919112],[106.2185671,21.2919389],[106.2183725,21.2921418],[106.2179451,21.2926276],[106.2174732,21.2931629],[106.2173922,21.2932502],[106.2166585,21.2940412],[106.2163146,21.2944196]]}},{"type":"Feature","properties":{"id":34},"geometry":{"type":"LineString","coordinates":[[105.96673,21.2569223],[105.966902,21.2568033],[105.9669417,21.2567703],[105.9670414,21.2566657],[105.967127,21.2565615],[105.9672192,21.2564502],[105.9673489,21.2561987],[105.9674583,21.2558059],[105.9675302,21.2554437],[105.9676905,21.2549329],[105.9678602,21.2540752],[105.9680265,21.2530833],[105.9683286,21.2512002],[105.9685105,21.250129],[105.9688524,21.2481158],[105.96913,21.2465215],[105.9693985,21.2449799],[105.9702137,21.2400978],[105.9704679,21.2386337],[105.9710598,21.2352251],[105.9711285,21.2348299],[105.9711666,21.2346102],[105.9713761,21.2338039],[105.9716059,21.2332684],[105.972052,21.2325754],[105.972667,21.2319517],[105.9733226,21.2314855],[105.9752095,21.2305118],[105.9767953,21.2297134]]}},{"type":"Feature","properties":{"id":35},"geometry":{"type":"LineString","coordinates":[[106.99177,21.4170427],[106.9919631,21.4174073],[106.9920744,21.4176257],[106.9923131,21.4180989],[106.9925579,21.4185797],[106.9926162,21.4187094],[106.9926479,21.4188216],[106.9927677,21.4195497],[106.9928013,21.4197257],[106.992816,21.4198718],[106.9928469,21.420074],[106.992885,21.4203275],[106.9928858,21.420441],[106.9928642,21.420584],[106.9928348,21.4206982],[106.9928103,21.4207762],[106.9927537,21.4209904],[106.9927552,21.4210405],[106.9927671,21.4210733],[106.9927828,21.4211037],[106.9928095,21.4211349],[106.9928417,21.4211564],[106.9929102,21.4211839],[106.9930776,21.421224],[106.9935697,21.4213287],[106.9939348,21.4214155],[106.9940673,21.4214597],[106.9941346,21.4214914],[106.9941883,21.421531],[106.9942296,21.4215659],[106.9942587,21.4216134],[106.9942832,21.4216797],[106.9943463,21.4219091],[106.9944156,21.4221562],[106.9944428,21.4222189],[106.9944924,21.4222895],[106.9945797,21.422379],[106.9946902,21.4224935],[106.9947298,21.4225528],[106.9947542,21.4226185],[106.9947573,21.4226873],[106.9947495,21.4227424],[106.9947248,21.4228025],[106.9946887,21.4228462],[106.9946369,21.4228887],[106.9945767,21.4229219],[106.9944924,21.4229573],[106.9943731,21.4229835],[106.9942805,21.4230016],[106.9941303,21.4230393],[106.9940138,21.4230768],[106.9939265,21.4231202],[106.9938061,21.4232207],[106.9937568,21.4232763],[106.9937162,21.4233325],[106.9936976,21.4233776],[106.9936951,21.4234136],[106.9937025,21.4234495],[106.9937185,21.4234806],[106.9937568,21.4235113],[106.9939012,21.4235509],[106.9941052,21.4235778],[106.9942051,21.4235981],[106.9942833,21.4236291],[106.994371,21.4236986],[106.9944496,21.4237807],[106.9944897,21.4238518],[106.9945049,21.4239381],[106.9945208,21.4242186],[106.9945343,21.4242579],[106.9945487,21.424285],[106.99457,21.424309],[106.994599,21.4243332],[106.9946406,21.4243556],[106.9950601,21.4244496],[106.9951113,21.4244842],[106.9951622,21.4245478],[106.9951953,21.4246263],[106.9951992,21.4247176],[106.9951556,21.4248943],[106.9951408,21.4249823],[106.9951413,21.4250753],[106.9951679,21.4252713],[106.99523,21.425476],[106.9952837,21.4256446],[106.9953011,21.4256804],[106.9953342,21.4257162],[106.9953708,21.4257395],[106.9954131,21.4257513],[106.995458,21.4257563],[106.995502,21.425753],[106.9956015,21.4257207],[106.9957021,21.4256833],[106.9957584,21.4256683],[106.9958755,21.4256345],[106.9959378,21.425628],[106.9959955,21.4256362],[106.9960464,21.4256589],[106.9960934,21.425702],[106.9961468,21.4257895],[106.996204,21.4259706],[106.9962627,21.4261077],[106.996327,21.4263275],[106.9963565,21.4264823],[106.9963875,21.4266242],[106.9964182,21.4267023],[106.9964387,21.4267323],[106.9964685,21.4267573],[106.9965054,21.4267781],[106.996549,21.4267916],[106.9965976,21.4267983],[106.9966777,21.4267913],[106.9967565,21.4267789],[106.9970506,21.4267182],[106.9972396,21.4266896],[106.9973121,21.4266792],[106.9973922,21.4266755],[106.9974398,21.4266826],[106.9975017,21.4267056],[106.9975709,21.4267529],[106.997631,21.426811],[106.997861,21.4271854],[106.9979176,21.4272937],[106.9980115,21.427471],[106.9980893,21.4276033],[106.9981456,21.427713],[106.9983695,21.4280846],[106.9984634,21.4282825],[106.9984929,21.4283892],[106.9985164,21.4284938]]}},{"type":"Feature","properties":{"id":36},"geometry":{"type":"LineString","coordinates":[[106.9488804,21.3877455],[106.9490715,21.3881477],[106.9492543,21.388478],[106.9494382,21.3887824],[106.9497422,21.3893089],[106.9498363,21.3894133],[106.9498886,21.3894636],[106.949933,21.3895063],[106.9501112,21.3896144],[106.9501717,21.3896469],[106.9503571,21.3897046],[106.9505275,21.3896936],[106.951064,21.3895458],[106.9512083,21.3895394],[106.9513609,21.3895524],[106.9514604,21.3896031],[106.9517964,21.3898868],[106.9519378,21.3899778],[106.9520253,21.3900047],[106.9521611,21.3900126],[106.9530644,21.3899539],[106.9539392,21.3898604],[106.9548693,21.3897767],[106.955021,21.3897742],[106.955171,21.3897959],[106.9554954,21.3898559],[106.9555333,21.3898629],[106.9556659,21.3898581],[106.955768,21.3898192],[106.9558024,21.3897901],[106.9558797,21.3897248],[106.9561397,21.3894456],[106.956232,21.3893796],[106.9563246,21.3893246],[106.9565567,21.3892265],[106.9569744,21.38905],[106.9570622,21.3890253],[106.9571031,21.3890289],[106.9571574,21.3890337],[106.9572592,21.3890604],[106.9573525,21.3891213],[106.9573975,21.3891973],[106.9574229,21.3893047],[106.9574093,21.3894595],[106.9573743,21.389669],[106.9572875,21.3901438],[106.9572693,21.3903392],[106.9572897,21.390442],[106.9573227,21.3905206],[106.957376,21.3905834],[106.9574577,21.3906268],[106.957545,21.3906383],[106.9576346,21.3906252],[106.958251,21.3903439],[106.9583242,21.3903355],[106.9584017,21.3903371],[106.9584868,21.3903625],[106.958556,21.390413],[106.9585877,21.390471],[106.9586145,21.3908063],[106.958631,21.3911364],[106.9586481,21.3912088],[106.9586802,21.3912639],[106.9587395,21.3913087],[106.958813,21.391332],[106.9588987,21.3913309],[106.9593555,21.3912908],[106.9599335,21.3912595],[106.9600836,21.3912634],[106.9602198,21.3912983],[106.9603584,21.3913585],[106.960777,21.3915942],[106.9609581,21.3916866],[106.9613644,21.3918127],[106.9617167,21.3919179],[106.9618399,21.3919426],[106.9619679,21.3919449],[106.9621158,21.3919207],[106.9622321,21.3918839],[106.9623227,21.3918652],[106.9624491,21.3918516],[106.9625597,21.3918612],[106.9626439,21.3918989],[106.9626881,21.3919657],[106.962711,21.392038],[106.9627077,21.3922009],[106.9626955,21.3924177],[106.9627019,21.3926336],[106.9627277,21.3927555],[106.9627784,21.3928781],[106.9629335,21.3931077],[106.9630586,21.3932835],[106.9631065,21.3933337],[106.9631669,21.3933777],[106.9632507,21.393413],[106.963634,21.3935301],[106.9636906,21.3935666],[106.9637378,21.3936198],[106.9637563,21.3936633],[106.9637558,21.3937165],[106.9637389,21.3937757],[106.9635887,21.3940485],[106.963507,21.3942094],[106.9634693,21.394302],[106.9634425,21.3943832],[106.9634334,21.3944666],[106.9634438,21.3945287],[106.9634801,21.394595],[106.963537,21.3946379],[106.9636217,21.3946599],[106.9637798,21.3946679],[106.9639172,21.394681],[106.9640573,21.3947129],[106.9641493,21.3947416],[106.9646321,21.3949421],[106.9647172,21.3949926],[106.9648021,21.3950631],[106.9648607,21.3951486],[106.965044,21.3954842],[106.9650971,21.3955507],[106.9651718,21.3956019],[106.9654937,21.3957355],[106.9658395,21.3958593],[106.9659336,21.3959228],[106.9663373,21.3963798],[106.966385,21.3964729],[106.9664097,21.3965759],[106.9664166,21.3966734],[106.9664338,21.3973413],[106.9664338,21.3974837],[106.9664516,21.3975902],[106.9664821,21.3976635],[106.9665466,21.3977485],[106.9667002,21.3978416],[106.9667798,21.3979032],[106.9668613,21.3979801],[106.9669006,21.3980714],[106.9669047,21.3981628],[106.9668791,21.3982953],[106.9668107,21.3985113],[106.9668015,21.3985815],[106.9668015,21.3987537],[106.9668066,21.3988428],[106.9668459,21.3991346],[106.966875,21.3992081],[106.9669387,21.3992942],[106.9670682,21.399426],[106.9671088,21.3994613],[106.967158,21.3994909],[106.9672257,21.3995052],[106.9675622,21.3995253],[106.9676127,21.3995415],[106.9676469,21.3995708],[106.9676832,21.3996253],[106.9677041,21.3997147],[106.9676878,21.3999504],[106.9676883,21.4000393],[106.9677146,21.4000977],[106.9677414,21.4001208],[106.9677655,21.4001374],[106.9678232,21.4001583],[106.9678742,21.4001508],[106.9679251,21.4001383],[106.9679613,21.4001221],[106.9679987,21.4000902],[106.9682872,21.3996957],[106.9685781,21.3992749],[106.9686319,21.3992168],[106.9686988,21.3991838],[106.9687582,21.3991739],[106.9688337,21.3991868],[106.9688988,21.3992318],[106.9689605,21.3993204],[106.9689995,21.3993975],[106.9690614,21.3995026],[106.9691241,21.3995683],[106.9693569,21.3996992],[106.9694372,21.3997344],[106.9695217,21.3997475],[106.9696056,21.3997404],[106.9696894,21.399715],[106.9697656,21.3996799],[106.9699255,21.3995914],[106.9700092,21.3995577],[106.9701012,21.3995428],[106.9703827,21.3995845],[106.970665,21.3996656],[106.9707495,21.3997013],[106.9708296,21.3997666],[106.9708729,21.3998361],[106.9709313,21.3999554],[106.9712618,21.4005928],[106.9714013,21.4009312],[106.9714154,21.4010248],[106.9714193,21.4011089],[106.9713946,21.401337],[106.9713718,21.40145],[106.9713349,21.4015587],[106.9713085,21.4016239],[106.9711269,21.4020733],[106.9711136,21.4021186],[106.9711054,21.4023801],[106.9711551,21.4025744],[106.9712069,21.4026917],[106.9712622,21.4027761],[106.9713092,21.4028284],[106.9713328,21.4028547],[106.9717546,21.4031744],[106.9718866,21.4032744],[106.9721012,21.4034371],[106.9724227,21.4036825],[106.9726826,21.4038791],[106.9727417,21.4039166],[106.9730889,21.4041787],[106.9731375,21.4042219],[106.9732515,21.4043234],[106.9733111,21.4043764],[106.9733648,21.4044458],[106.9734548,21.40455],[106.9736264,21.4047485],[106.9741406,21.4053436],[106.9741805,21.4053854],[106.9742182,21.405425],[106.9743222,21.4055192],[106.9744305,21.4055995],[106.9746984,21.4057894],[106.9747516,21.4058271],[106.9749371,21.4059587],[106.9750399,21.4060274],[106.9752301,21.4061554],[106.9752809,21.4061852],[106.9754037,21.4062732],[106.9754516,21.4063038],[106.9755639,21.4063739],[106.9756677,21.4064352],[106.9759201,21.4066076]]}},{"type":"Feature","properties":{"id":37},"geometry":{"type":"LineString","coordinates":[[106.9487508,21.3874878],[106.9488804,21.3877455]]}},{"type":"Feature","properties":{"id":38},"geometry":{"type":"LineString","coordinates":[[106.7756631,21.3800551],[106.7757636,21.3797978],[106.7759464,21.3793175]]}},{"type":"Feature","properties":{"id":39},"geometry":{"type":"LineString","coordinates":[[106.8699132,21.3464895],[106.8701181,21.3466541]]}},{"type":"Feature","properties":{"id":40},"geometry":{"type":"LineString","coordinates":[[106.8964604,21.3588086],[106.8967716,21.3587995]]}},{"type":"Feature","properties":{"id":41},"geometry":{"type":"LineString","coordinates":[[106.9759201,21.4066076],[106.9761218,21.406745]]}},{"type":"Feature","properties":{"id":42},"geometry":{"type":"LineString","coordinates":[[106.8528195,21.3388359],[106.8530166,21.3389808],[106.8533291,21.3391719],[106.8534371,21.3392137],[106.8535624,21.3392469],[106.8538025,21.3392906],[106.8540838,21.3393034],[106.8542124,21.3393092],[106.8547305,21.3393443],[106.85498,21.3393593],[106.855157,21.3394042],[106.8553528,21.339508],[106.855402,21.3395381],[106.8556414,21.3396813],[106.8558618,21.3398131],[106.8558758,21.3398215],[106.8560213,21.3399024],[106.8562165,21.3400188],[106.8565732,21.3401812],[106.8568763,21.3403028],[106.8570617,21.3403772],[106.8571041,21.3403942],[106.8576166,21.3406159],[106.8577881,21.3407502],[106.857839,21.3407787],[106.8580618,21.3409032],[106.8583244,21.3411396],[106.8583918,21.341208],[106.8587212,21.3414999],[106.8592179,21.3419625]]}},{"type":"Feature","properties":{"id":43},"geometry":{"type":"LineString","coordinates":[[106.7753264,21.3809179],[106.7752692,21.3810379],[106.7750837,21.3814312],[106.7749898,21.3816535],[106.7748247,21.3819981],[106.7748079,21.3820244],[106.774747,21.3821193],[106.7745177,21.3824302],[106.7744292,21.3825576],[106.7743395,21.3826836],[106.7742482,21.3827899],[106.7741014,21.3829304],[106.773992,21.3830359],[106.7735079,21.3835479],[106.773347,21.3837277],[106.7732222,21.3839288],[106.7731391,21.3840986],[106.7730385,21.3843684],[106.7729634,21.3846618],[106.7728682,21.3851251],[106.7727689,21.3856883],[106.7727445,21.3858397],[106.7727099,21.3860542],[106.7726992,21.3861204],[106.7726743,21.3862424],[106.772665,21.3862881],[106.7726536,21.3863439],[106.7726013,21.3864575],[106.7725235,21.3866224],[106.7724283,21.3867572],[106.7723465,21.3868646],[106.7721882,21.3870207],[106.7720608,21.3871194],[106.7719308,21.3872193],[106.7717282,21.3873442],[106.7713747,21.3875311],[106.7712331,21.387606],[106.7710566,21.3876992],[106.7708874,21.3877887],[106.7703,21.3881146],[106.770139,21.3882233],[106.770021,21.3883144],[106.7698883,21.3884743],[106.7698212,21.3885767],[106.7697863,21.3886366],[106.7697059,21.3887827],[106.7696562,21.3889675],[106.7696428,21.3890325],[106.7696375,21.3890774],[106.7696281,21.3892273],[106.7696522,21.3895357],[106.7697059,21.3899952],[106.7697072,21.3901276],[106.7696911,21.3901813],[106.769658,21.3902519],[106.7696401,21.3902899],[106.7696127,21.3903283],[106.7694537,21.3905509],[106.769384,21.3906708],[106.7692834,21.3908082],[106.7691775,21.3908956],[106.7689575,21.3910429],[106.7688368,21.3910904],[106.7687175,21.3911366],[106.7684707,21.3912165],[106.7683286,21.3912652],[106.768063,21.3913563],[106.7678529,21.391446],[106.7677881,21.3914737],[106.7675802,21.3916161],[106.767198,21.391907],[106.7670009,21.3920544],[106.7667769,21.3922005],[106.7666723,21.3922529],[106.7664577,21.3922954],[106.7662002,21.3923478],[106.76594,21.392379],[106.765759,21.3923898],[106.7656879,21.392394],[106.7655478,21.3923922],[106.7654975,21.3923915],[106.7652628,21.3923641],[106.7651368,21.3923357],[106.7650408,21.3923141],[106.7649261,21.3922759],[106.7648343,21.3922454],[106.764467,21.3921264],[106.7640075,21.3919776],[106.763408,21.3917578],[106.7625423,21.3914581],[106.761839,21.3912265],[106.7615617,21.3911307],[106.7613655,21.3910673],[106.7612067,21.3910139],[106.7606024,21.3908107],[106.76042,21.3907495],[106.7603503,21.390732],[106.7603061,21.3907207],[106.7602611,21.390712],[106.760176,21.3907033],[106.7600707,21.3906977],[106.7599963,21.3906951],[106.7599266,21.3906927],[106.7597736,21.390687],[106.7596469,21.3906814],[106.7595316,21.3906814],[106.7594022,21.3906883],[106.7591098,21.3907058],[106.7589326,21.3907189],[106.7587208,21.3907346],[106.7584366,21.3907557],[106.758332,21.3907583],[106.758194,21.3907618],[106.7581322,21.3907613],[106.7580369,21.3907644],[106.7579609,21.3907592],[106.7577888,21.3907407],[106.7576466,21.3907207],[106.7574455,21.3906658],[106.7572479,21.3905949],[106.7564832,21.3902462],[106.7564257,21.3902199],[106.7562447,21.3901374],[106.7559807,21.390017],[106.7558874,21.3899736],[106.7557664,21.3899203],[106.7556953,21.3898853],[106.7555307,21.3898111],[106.7553294,21.389719],[106.755006,21.3895744],[106.7549041,21.3895244],[106.7547043,21.3894308],[106.75448,21.3893284],[106.7543771,21.3892809],[106.7543109,21.3892506],[106.7541866,21.3891937],[106.7541558,21.3891796],[106.7540961,21.3891523],[106.7539987,21.3891077],[106.753971,21.3890933],[106.7538201,21.3890195],[106.7537793,21.3890017],[106.7535631,21.3889008],[106.7534316,21.3888414],[106.7533176,21.3887989],[106.753005,21.3886927],[106.7529042,21.3886644],[106.7527865,21.3886366],[106.7525947,21.3885904],[106.7525059,21.3885717],[106.7523868,21.388543],[106.7522457,21.3885118],[106.7521568,21.3884963],[106.7519786,21.3884695],[106.7507639,21.388373],[106.7506292,21.3883726],[106.7501807,21.3884043],[106.7498286,21.3884385],[106.7491347,21.388488],[106.7488372,21.3885073],[106.7487728,21.3885123],[106.7484006,21.388549],[106.7424581,21.3891115],[106.7423306,21.3891216],[106.7407329,21.3892852],[106.7400631,21.3893493],[106.7398124,21.3893733],[106.739544,21.389399],[106.7394037,21.3894216],[106.739249,21.3894465],[106.7390675,21.3894439],[106.7387143,21.389492],[106.7375381,21.3895931],[106.737341,21.3895844],[106.7372082,21.3895569],[106.7370178,21.3894695],[106.7368931,21.3894033],[106.7368005,21.3893559],[106.7366959,21.3893072],[106.736539,21.3892422],[106.7363606,21.3891873],[106.7357706,21.3889188],[106.7356217,21.3888664],[106.7354715,21.3888427],[106.7353588,21.3888402],[106.7352408,21.3888651],[106.7350866,21.3889113],[106.7349431,21.3889925],[106.7347473,21.3891698],[106.7344997,21.3894013],[106.7344456,21.389452],[106.7342042,21.3896693],[106.7339883,21.3897967],[106.7338542,21.3898753],[106.7336838,21.389954],[106.7334732,21.390009],[106.7333395,21.3900451],[106.7332868,21.3900589],[106.733095,21.3901064],[106.7328536,21.3901513],[106.7326739,21.3901938],[106.7324647,21.3902312],[106.7322904,21.3902687],[106.7321295,21.3903087],[106.7316139,21.3904324],[106.7315031,21.3904586],[106.7314667,21.3904689],[106.7313717,21.390496],[106.7311276,21.3905684],[106.7308809,21.3906221],[106.7305945,21.3907018],[106.7303951,21.3907485],[106.7302844,21.3907767],[106.7301835,21.3907882],[106.7300628,21.3908119],[106.7299247,21.3908456],[106.7297597,21.3908743],[106.7295679,21.390923],[106.7294151,21.390948],[106.7293131,21.3909655],[106.7291509,21.3909717],[106.7289581,21.3909961],[106.7279043,21.3911467],[106.7261465,21.3913322],[106.7256069,21.3913857],[106.7249438,21.3914749],[106.7246949,21.3915094],[106.7241338,21.3915661],[106.7238495,21.3916185],[106.7235705,21.3916972],[106.7233063,21.3918546],[106.723187,21.391932],[106.7229402,21.3921019],[106.7229139,21.3921251],[106.7228317,21.3922129],[106.7226116,21.392404],[106.7218793,21.3931367],[106.7215602,21.3934604],[106.7213999,21.393596],[106.7211834,21.3937489],[106.7210197,21.3938363],[106.7209885,21.3938465],[106.7207408,21.3939274],[106.7205771,21.3939724],[106.7203948,21.3940061],[106.7201735,21.3940236],[106.7200515,21.3940271],[106.7199549,21.3940298],[106.71968,21.3939961],[106.7194093,21.3939797],[106.7192267,21.3939524],[106.7184278,21.3938617],[106.7181029,21.3937891],[106.7173513,21.3935089],[106.7162729,21.3930785]]}},{"type":"Feature","properties":{"id":44},"geometry":{"type":"LineString","coordinates":[[106.8701181,21.3466541],[106.8703866,21.3468815],[106.8705314,21.3470052],[106.8705982,21.3470564],[106.870966,21.3473385],[106.8711591,21.3474736],[106.8712758,21.3475335],[106.8713829,21.3475886],[106.8715406,21.3476474],[106.8719485,21.3477493],[106.8722033,21.3477902],[106.8723863,21.3478321],[106.8724793,21.3478639],[106.8732346,21.348046],[106.8734162,21.3480968],[106.8734999,21.3481159],[106.8736493,21.34815],[106.8737902,21.3481821],[106.873829,21.3481927],[106.8738777,21.348206],[106.8753432,21.3485556],[106.8754325,21.3485769],[106.875526,21.3485992],[106.8758497,21.3486942],[106.8760054,21.3487602],[106.8766311,21.3490494],[106.876907,21.3491574],[106.8772504,21.3493122],[106.8775764,21.3494624],[106.8781687,21.3497212]]}},{"type":"Feature","properties":{"id":45},"geometry":{"type":"LineString","coordinates":[[106.9454802,21.373938],[106.9461013,21.3742754],[106.9467461,21.3745832],[106.9476188,21.374951],[106.9477007,21.3749991],[106.9477576,21.3750547],[106.9478193,21.3751359],[106.9478434,21.3751921],[106.9478542,21.3752557],[106.9478542,21.3753681],[106.9478287,21.3754793],[106.9477965,21.3755667],[106.9477707,21.3756201],[106.9477174,21.3756866],[106.9476824,21.3757203],[106.9475526,21.3758241],[106.9473795,21.3759658],[106.9472427,21.3761184],[106.9471313,21.3762701],[106.9471067,21.3763326],[106.9470978,21.3763816],[106.9470984,21.3764278],[106.9470984,21.3764628],[106.9471052,21.3765245],[106.9471128,21.3767333],[106.9470883,21.3773029],[106.9470951,21.37742],[106.9471238,21.3775609],[106.9473269,21.3781745],[106.9475465,21.3788709],[106.947594,21.3790247],[106.9476344,21.3791238],[106.9476844,21.3791928],[106.9477496,21.3792458],[106.9483343,21.3795842],[106.9486347,21.379779],[106.9489364,21.3800097],[106.9489995,21.3800737],[106.9490512,21.3801601],[106.9491168,21.3803627],[106.9491631,21.3805383],[106.9491912,21.3806832],[106.9492043,21.3808713]]}},{"type":"Feature","properties":{"id":46},"geometry":{"type":"LineString","coordinates":[[106.8967716,21.3587995],[106.8968157,21.3587993],[106.896852,21.3587992],[106.8971162,21.3587984],[106.8972757,21.3587974],[106.8974581,21.3588049],[106.8978655,21.3587961],[106.8980241,21.3587924],[106.8982869,21.358755],[106.8984398,21.35874],[106.8986166,21.3587121],[106.8989354,21.3586625],[106.8991893,21.3586155],[106.8992269,21.3586086],[106.8994242,21.3585501],[106.8999928,21.3584202],[106.9002838,21.358361],[106.9005051,21.3583128],[106.9006312,21.3582903],[106.9007717,21.3582617],[106.9008894,21.3582491],[106.9010018,21.3582464],[106.9010865,21.3582678],[106.9011988,21.3583082],[106.9012991,21.3583534],[106.9014385,21.3584109],[106.9015116,21.3584377],[106.9015832,21.3584538],[106.9016692,21.3584627],[106.9017671,21.3584627],[106.901798,21.3584621],[106.9018652,21.3584608],[106.9020554,21.3584452],[106.9021847,21.3584351],[106.9022467,21.3584303],[106.9028365,21.3583789],[106.9029728,21.358379],[106.9031283,21.3584246],[106.9032685,21.3584883],[106.9033281,21.3585301],[106.9034033,21.3586007],[106.9034468,21.3586638],[106.9034623,21.3586961],[106.903483,21.3587393],[106.9034958,21.3587887],[106.9035092,21.3588505],[106.9035387,21.3590354],[106.9035783,21.3593008],[106.9036346,21.3596299],[106.9036755,21.3598603],[106.9036923,21.3599309],[106.9037211,21.3600027],[106.9037928,21.3601195],[106.9038572,21.3602156],[106.9045345,21.3609138],[106.9046679,21.3610194],[106.904847,21.3611374],[106.9051407,21.3613297],[106.9052006,21.3613674],[106.9053004,21.3614302],[106.9054404,21.3615183],[106.9055355,21.3615772],[106.9056067,21.3616213],[106.9058072,21.3617456],[106.905841,21.3617649],[106.9059339,21.3618181],[106.9060291,21.3618605],[106.9061921,21.3619093],[106.9062225,21.3619156],[106.9063067,21.361933],[106.906393,21.3619428],[106.9064221,21.3619461],[106.9065508,21.3619555],[106.9067446,21.3619717],[106.9069706,21.3619826],[106.9070028,21.3619845],[106.9070497,21.3619873],[106.9074375,21.3620064],[106.9074816,21.3620079],[106.907898,21.3620348],[106.9081871,21.3620466],[106.9083761,21.3620543],[106.9089097,21.3620738],[106.9091888,21.3620875],[106.9092436,21.3620898],[106.9093591,21.3620945],[106.9094865,21.3620997],[106.9096662,21.3621081],[106.9098791,21.3621181],[106.9105298,21.3621487],[106.9107257,21.3621579],[106.9115973,21.3621988],[106.9118509,21.3622071],[106.9121593,21.3622246],[106.912259,21.3622344],[106.9123122,21.3622396],[106.9124946,21.3622796],[106.912622,21.3623358],[106.9126445,21.3623511],[106.9127722,21.3624382],[106.9128765,21.3625345],[106.9129734,21.3626355],[106.9130885,21.3627846],[106.9131665,21.3629553],[106.9132552,21.3631716],[106.9132737,21.3632166],[106.9132926,21.3632688],[106.9133261,21.3633225],[106.9133699,21.3633686],[106.9137457,21.3635987],[106.9138491,21.3636809],[106.9139376,21.3637896],[106.9140047,21.3638945],[106.9141629,21.364128],[106.9142541,21.3642217],[106.9143518,21.3643041],[106.9143695,21.3643191],[106.9145022,21.3644415],[106.9145975,21.3645439],[106.9146833,21.3646901],[106.9149448,21.3653245],[106.9149743,21.3654132],[106.9150212,21.3654781],[106.9150561,21.365505],[106.9151004,21.3655194],[106.9151446,21.3655243],[106.9151895,21.3655106],[106.9153364,21.3654057],[106.9155121,21.3652546],[106.9157495,21.3650185],[106.9158138,21.3649561],[106.9159131,21.3649211],[106.916015,21.3649186],[106.916196,21.3649648],[106.9163677,21.3650223],[106.9166628,21.3651447],[106.9167539,21.3651871],[106.916825,21.3652146],[106.9168907,21.3652471],[106.9169444,21.3652883],[106.916998,21.3653358],[106.9170815,21.3654567],[106.9171321,21.3655468],[106.917159,21.365603],[106.9172072,21.3656917],[106.9172723,21.3657529],[106.9173279,21.3657904],[106.9173853,21.3658121],[106.9175613,21.3658591],[106.9176552,21.3659065],[106.9177048,21.3659402],[106.9177584,21.3660039],[106.9178023,21.3660556]]}},{"type":"Feature","properties":{"id":47},"geometry":{"type":"LineString","coordinates":[[106.8493476,21.3253965],[106.8488276,21.3255824],[106.8487752,21.3256012],[106.8486728,21.3256578],[106.848588,21.3257321],[106.848527,21.3258059],[106.848481,21.325899],[106.8484582,21.3259976],[106.8484394,21.3261176],[106.8484397,21.3262403],[106.8484716,21.3267647],[106.8484823,21.3272532],[106.8484797,21.3273481],[106.8484636,21.3274818],[106.8484219,21.3277291],[106.8482168,21.3289384],[106.8480787,21.3297854],[106.8480671,21.329971],[106.8480733,21.3300977],[106.8481059,21.3301955],[106.8481632,21.3302851],[106.8482395,21.3303763],[106.848713,21.3307601],[106.8491135,21.3310724],[106.8493272,21.3312358],[106.8494238,21.3313095],[106.8494721,21.33138],[106.8495271,21.3315018],[106.8495684,21.3316266],[106.8496209,21.3318104],[106.8499096,21.3330285],[106.8500789,21.3336028],[106.850093,21.3336917],[106.8500925,21.3338003],[106.8500383,21.3339999],[106.8500255,21.334028]]}},{"type":"Feature","properties":{"id":48},"geometry":{"type":"LineString","coordinates":[[106.8505454,21.3249267],[106.8493476,21.3253965]]}},{"type":"Feature","properties":{"id":49},"geometry":{"type":"LineString","coordinates":[[106.2458849,21.28835],[106.2464286,21.2878386],[106.2467609,21.287526],[106.2472835,21.2870343],[106.2476209,21.2867169],[106.247655,21.2866848],[106.2485148,21.285876],[106.2488307,21.2855788],[106.2497448,21.2847308],[106.2511708,21.2834078],[106.2512259,21.2833566],[106.2528335,21.2819616],[106.2530346,21.2817804],[106.2533216,21.2815155],[106.2535469,21.2812993],[106.2537266,21.2811269],[106.2538071,21.2810506],[106.2541169,21.2807595],[106.2542309,21.2806582],[106.2543627,21.2805645],[106.2545068,21.2804499],[106.2547217,21.2802146],[106.2549202,21.2800147],[106.2549969,21.279945],[106.2551014,21.27985],[106.2554164,21.2795637],[106.255521,21.2794686],[106.2556198,21.2793864],[106.2559032,21.2791486],[106.2562147,21.27888],[106.2562933,21.278806],[106.2583025,21.2769169],[106.2583367,21.2768836]]}},{"type":"Feature","properties":{"id":50},"geometry":{"type":"LineString","coordinates":[[106.2605498,21.2907192],[106.2606897,21.2907452]]}},{"type":"Feature","properties":{"id":51},"geometry":{"type":"LineString","coordinates":[[106.2606897,21.2907452],[106.2607699,21.2907574],[106.2617879,21.2909451],[106.2619945,21.2909513],[106.2621132,21.2909435],[106.2625639,21.2908867],[106.2632724,21.2907785],[106.2640974,21.2906489],[106.2651202,21.2904998],[106.2667516,21.290199],[106.2668341,21.2901821],[106.2670022,21.2901591],[106.2673585,21.2901622],[106.2678921,21.2902198],[106.2682531,21.2903172],[106.2685725,21.2904295],[106.2690019,21.2905987],[106.2698623,21.2911258],[106.2699238,21.2911657],[106.2705359,21.2915626],[106.2710389,21.2919085],[106.2713402,21.2921106],[106.2714843,21.2922039],[106.2716063,21.2922829],[106.27168,21.2923253],[106.2718062,21.2923978],[106.2719304,21.2924693],[106.2721289,21.2925834],[106.2723654,21.2926674],[106.2724961,21.2927138],[106.2728655,21.2928407],[106.2730284,21.2928809],[106.2734962,21.2929271],[106.2735736,21.2929381],[106.273758,21.2929512],[106.274165,21.2929801],[106.2754339,21.2930702],[106.27801,21.293253],[106.278174,21.2932723],[106.2782388,21.2932668],[106.2792677,21.2933577]]}},{"type":"Feature","properties":{"id":52},"geometry":{"type":"LineString","coordinates":[[106.5340161,21.3613703],[106.5342146,21.3614902],[106.5346733,21.36174],[106.5352151,21.3620423],[106.5353905,21.3621433],[106.5354779,21.3622096],[106.5355423,21.3622796],[106.5355943,21.3623625],[106.5356657,21.3625444],[106.5357032,21.3626468],[106.5357542,21.3627642],[106.5358373,21.3628966],[106.535899,21.3629815],[106.5359439,21.3630383],[106.5360205,21.3631261],[106.53606,21.3631663],[106.5361203,21.3632225],[106.5361574,21.363244],[106.5362222,21.36328],[106.536414,21.3633537],[106.5372686,21.3635867],[106.5389532,21.3640608],[106.5390875,21.3641075],[106.5395549,21.3642354],[106.5397685,21.3643003],[106.5403473,21.3644681],[106.5403714,21.364475],[106.5412407,21.3647239],[106.5416103,21.3648297],[106.5418588,21.3649009],[106.5418864,21.3649085],[106.5419325,21.3649213],[106.5432924,21.3652972],[106.5435347,21.3653642],[106.5437658,21.3654281],[106.5440289,21.3655008],[106.5443601,21.3655955],[106.5447655,21.3657045],[106.5451066,21.3657988],[106.5451517,21.3658113],[106.5454291,21.3658942],[106.5455783,21.3659343],[106.5462154,21.3661054],[106.546301,21.366129],[106.5465183,21.3661922],[106.5467309,21.3662541],[106.5478026,21.3665658],[106.547929,21.3666026],[106.5481417,21.3666598],[106.5482218,21.3666814],[106.5484517,21.3667433],[106.5495101,21.3670332],[106.5495788,21.3670521],[106.5498728,21.3671326],[106.5504043,21.3672782],[106.5508021,21.3673872],[106.5509186,21.3674191],[106.5512934,21.3675217],[106.5518166,21.3676637],[106.5520127,21.3677258],[106.5520345,21.3677318],[106.5523599,21.367827],[106.5524511,21.3678537],[106.5526069,21.3679],[106.5529322,21.3679966],[106.553098,21.3680458],[106.5531274,21.3680545],[106.553327,21.3681138],[106.5536862,21.3682205],[106.5538297,21.3682631],[106.5546851,21.3685171],[106.5551074,21.3686425],[106.555768,21.3688291],[106.5564133,21.3690126],[106.5565824,21.3690608],[106.5566385,21.3690752]]}},{"type":"Feature","properties":{"id":53},"geometry":{"type":"LineString","coordinates":[[106.5783645,21.3765899],[106.5786647,21.3766837]]}},{"type":"Feature","properties":{"id":54},"geometry":{"type":"LineString","coordinates":[[106.5786647,21.3766837],[106.5800782,21.3773049],[106.5805466,21.3774954],[106.5812332,21.3777497],[106.5814007,21.3778118],[106.5817487,21.3779407],[106.582147,21.3781091],[106.5828216,21.3783853],[106.5834734,21.3786451],[106.5840406,21.3788861],[106.5846401,21.3791396],[106.585076,21.379297],[106.5856727,21.3795342],[106.5857618,21.3795735],[106.5859343,21.3796491],[106.5862521,21.3797753],[106.5866101,21.3799227],[106.5867,21.3799526],[106.5872592,21.3801787],[106.5876911,21.3803622],[106.5882879,21.3806045],[106.5885829,21.3807224],[106.5886705,21.3807573],[106.5891076,21.380932],[106.5891493,21.3809487],[106.5894891,21.3810844],[106.5898251,21.3812187],[106.5899496,21.3812684],[106.590085,21.3813225],[106.5901489,21.3813535],[106.5902932,21.3814236],[106.5904475,21.3814857],[106.5906041,21.3815487],[106.5908487,21.3816472],[106.5913197,21.3818368],[106.5915165,21.3819161],[106.5916902,21.381986],[106.5919193,21.382081],[106.5920811,21.3821451],[106.5928527,21.3824643],[106.5930202,21.3825336],[106.5936132,21.3827818],[106.594564,21.3831797],[106.5947118,21.3832419],[106.5950274,21.3833737],[106.5962097,21.3838685],[106.5967923,21.3841271],[106.5972448,21.3843138],[106.5976886,21.3844969],[106.5977693,21.3845302],[106.5978287,21.3845547],[106.5979876,21.3846192],[106.5980146,21.3846301],[106.5982367,21.3847203],[106.5983004,21.3847461],[106.5984897,21.3848229],[106.5986116,21.3848739],[106.5987646,21.3849378],[106.5990503,21.3850489],[106.5993016,21.3851565],[106.5994298,21.3852113],[106.5995089,21.3852475],[106.60004,21.3854772],[106.6003356,21.3855981],[106.600463,21.3856502],[106.6007023,21.385748],[106.6009787,21.3858606],[106.6015689,21.3861091],[106.6016648,21.3861486],[106.6022305,21.386382],[106.6025724,21.386523],[106.6029903,21.3866972],[106.6031587,21.3867619],[106.6032775,21.3868132],[106.6033385,21.3868396],[106.6037814,21.3870309],[106.6041931,21.3872075],[106.6047192,21.3874216],[106.6053495,21.3876951],[106.6055224,21.3877725],[106.6056921,21.3878537],[106.6058502,21.3879205],[106.6064492,21.3881558],[106.6066086,21.3882187],[106.6071385,21.388428],[106.6074778,21.3885642],[106.6077547,21.3886861],[106.6079351,21.3887615],[106.6084192,21.3889538],[106.6089852,21.389181],[106.6093781,21.3893421],[106.6109854,21.3899368],[106.6112503,21.3900839],[106.6115936,21.3901912],[106.6128864,21.3906133],[106.6133164,21.3907323],[106.6134282,21.3907632],[106.6137666,21.3908455],[106.614198,21.3909505],[106.6147956,21.3910935],[106.6151475,21.3911778],[106.6152738,21.3912105],[106.6154927,21.3912672],[106.6160246,21.391405],[106.6165992,21.3915416],[106.6167386,21.3915747],[106.6168414,21.3916036],[106.6170455,21.3916577],[106.6170899,21.3916695],[106.6171665,21.3916873],[106.617404,21.3917423],[106.6176091,21.3917899],[106.6177004,21.3918111],[106.6179621,21.3918789],[106.6188021,21.3920743],[106.6191249,21.3921843],[106.6192701,21.3922236],[106.6193494,21.3922451],[106.6195226,21.3922891],[106.6196998,21.3923341],[106.619744,21.3923454],[106.6200938,21.3924342],[106.6203222,21.3924942],[106.6205092,21.3925448],[106.6205429,21.3925539],[106.621456,21.3927813],[106.6217384,21.3928524],[106.6219849,21.3929129],[106.6221635,21.3929598],[106.6225019,21.3930432],[106.6227794,21.3931115],[106.6230574,21.39318],[106.6231849,21.3932114],[106.6233141,21.3932366],[106.623795,21.3933305],[106.6238205,21.3933361],[106.6239005,21.3933452],[106.6241657,21.3933752],[106.6244071,21.3934054],[106.6246412,21.3934196],[106.6250368,21.3934395],[106.6252756,21.3934513],[106.6254442,21.393444],[106.6257423,21.3934188],[106.6260789,21.3934118],[106.6266039,21.3933824],[106.627141,21.3933143],[106.6275642,21.393217],[106.6280066,21.3931153],[106.628111,21.3930992],[106.6285948,21.3930246]]}},{"type":"Feature","properties":{"id":55},"geometry":{"type":"LineString","coordinates":[[106.6288201,21.3930009],[106.629142,21.3929597],[106.6293526,21.3929378],[106.6296751,21.3929284],[106.6299508,21.3929166],[106.630284,21.392871],[106.6306561,21.3928242],[106.6312315,21.3927449],[106.6319618,21.3926112],[106.632193,21.3925688],[106.632721,21.3924585],[106.6327965,21.3924427],[106.6330239,21.3923952],[106.6333584,21.3923253],[106.6337179,21.3922657],[106.6339901,21.3922205],[106.6343549,21.3921543],[106.634493,21.3921293],[106.6346187,21.3921032],[106.6348726,21.3920506],[106.6349767,21.3920308],[106.6352762,21.3919807],[106.6358212,21.3918684],[106.6358945,21.3918533],[106.6361147,21.3918019],[106.6364872,21.3917347],[106.6375453,21.3915199],[106.637705,21.3914974],[106.6378257,21.3914725],[106.6379933,21.3914485],[106.6380993,21.3914288],[106.6386834,21.3913024],[106.6388202,21.3912798],[106.6396416,21.3911281],[106.6400472,21.3910384],[106.6405964,21.3909368],[106.6410608,21.3908505],[106.6417619,21.3907237],[106.6421977,21.3906321],[106.6428751,21.3905069],[106.643351,21.3904248],[106.6436514,21.3903661],[106.6437043,21.3903553],[106.6438804,21.3903215],[106.6445864,21.3901777],[106.6449838,21.3900877],[106.6462215,21.389848],[106.6472349,21.3896518],[106.6473687,21.3896252],[106.6482234,21.3894554],[106.6483212,21.3894359],[106.6485921,21.3893821],[106.6492439,21.3892635],[106.6494932,21.3892207],[106.6498058,21.3891711],[106.6506587,21.38904],[106.6518015,21.3888722],[106.6522915,21.3888003],[106.6524625,21.3887752],[106.6528306,21.3887242],[106.6529746,21.3887042],[106.6536303,21.3886134],[106.6536969,21.3886032],[106.6541482,21.3885417],[106.6551134,21.3884017],[106.6553472,21.3883794],[106.6555983,21.3883431],[106.6560043,21.3882845],[106.6563541,21.3882319],[106.6565872,21.3881968],[106.6570022,21.3881398],[106.6572457,21.388104],[106.6574274,21.3880782],[106.6576175,21.3880529],[106.6578765,21.388002],[106.6583823,21.3879398],[106.6588816,21.3878674],[106.6589217,21.3878616],[106.6595823,21.3877658],[106.6598273,21.3877303],[106.6600526,21.3876997],[106.660568,21.387623],[106.6608806,21.3875777],[106.6617472,21.387452],[106.6618972,21.3874303],[106.6621669,21.3873928],[106.66254,21.3873409],[106.6632884,21.3872367],[106.6646297,21.3870501],[106.6650785,21.3869877],[106.6656424,21.3869093],[106.6670588,21.3867122],[106.6674024,21.3866623],[106.667554,21.3866411],[106.6678798,21.3865999],[106.6680193,21.3865812],[106.6684672,21.3865162],[106.6692514,21.3864122],[106.6693711,21.3863926],[106.6695805,21.3863636],[106.6705808,21.3862265],[106.6708836,21.3861836],[106.6712194,21.3861371],[106.6721874,21.386003],[106.6725575,21.385938],[106.6730256,21.3858724],[106.6732925,21.3858319],[106.6741911,21.3856983],[106.6747049,21.3856249],[106.6752121,21.3855402],[106.6755934,21.3854946],[106.6759225,21.3854274],[106.6760774,21.3853984]]}},{"type":"Feature","properties":{"id":56},"geometry":{"type":"LineString","coordinates":[[106.6285948,21.3930246],[106.6288201,21.3930009]]}},{"type":"Feature","properties":{"id":57},"geometry":{"type":"LineString","coordinates":[[106.4061526,21.296689],[106.4081159,21.2961833]]}},{"type":"Feature","properties":{"id":58},"geometry":{"type":"LineString","coordinates":[[106.4061526,21.296689],[106.4054248,21.2968645],[106.4047937,21.2969622],[106.4047045,21.296976],[106.4045202,21.2970102],[106.4039149,21.2971076],[106.4024771,21.2973803],[106.4019725,21.2974761],[106.4016639,21.2975394],[106.4014687,21.2975779],[106.4009214,21.2976606],[106.3997513,21.2978607],[106.3994754,21.2979079],[106.3991607,21.2979617],[106.3988258,21.298019],[106.3973722,21.298266],[106.3972707,21.2982832],[106.3969901,21.2983309],[106.3953996,21.298626],[106.3937098,21.2989034],[106.3935707,21.2989267],[106.3920625,21.2991797],[106.3912339,21.2993187],[106.3905863,21.2994273],[106.390463,21.2994565],[106.3903126,21.299478],[106.3896677,21.2996015]]}},{"type":"Feature","properties":{"id":59},"geometry":{"type":"LineString","coordinates":[[106.14712,21.4405883],[106.1474642,21.4406011]]}},{"type":"Feature","properties":{"id":60},"geometry":{"type":"LineString","coordinates":[[106.1474642,21.4406011],[106.1478314,21.440617],[106.1481899,21.4406325],[106.1485049,21.4406461],[106.1488626,21.4406718],[106.1492345,21.4406986],[106.1497334,21.440761],[106.1497935,21.4407647],[106.1499774,21.4407759],[106.1508062,21.4408708],[106.1513668,21.4409282],[106.1519958,21.4409969],[106.1522761,21.4410206],[106.1533114,21.4411429],[106.1539364,21.4412104],[106.1542868,21.4412488],[106.1544675,21.4412678],[106.1551461,21.4413427],[106.1556557,21.4413951],[106.1557921,21.4414068],[106.1563557,21.441455],[106.1568251,21.4415349],[106.1570424,21.4415724],[106.1580723,21.4418919],[106.1587831,21.4421241],[106.1589307,21.442169],[106.1599649,21.4425474],[106.1603844,21.4427008],[106.1610442,21.442928],[106.1614975,21.4430753],[106.1627018,21.4434972],[106.1627389,21.4435107],[106.1629091,21.4435728],[106.1631739,21.4436695],[106.1637305,21.4438804],[106.1637841,21.4438954],[106.1640195,21.4439824],[106.1640644,21.443999],[106.1644077,21.4441538],[106.1649252,21.4443316],[106.1656576,21.4445832],[106.1664247,21.4448316],[106.1665819,21.4448856],[106.1670188,21.4450358],[106.1682958,21.4454247],[106.1690452,21.4457001],[106.1692484,21.4457876]]}},{"type":"Feature","properties":{"id":61},"geometry":{"type":"LineString","coordinates":[[106.1267151,21.4774034],[106.1266006,21.4774511],[106.1256793,21.4778895],[106.1250511,21.4781214],[106.1247531,21.4782314],[106.1239248,21.4786492],[106.1238366,21.4787242],[106.1237803,21.4788265],[106.1236869,21.4790983],[106.1233973,21.4801468],[106.1231938,21.480822],[106.1231695,21.4809027],[106.1231249,21.4810508],[106.1230922,21.4811593],[106.1230683,21.4812273],[106.1229656,21.4815057],[106.122452,21.482898],[106.1220423,21.4841053],[106.1216675,21.4851399],[106.1216239,21.4852463],[106.1214984,21.4856134],[106.1214656,21.4856877],[106.1212837,21.4861713],[106.1212463,21.4862827],[106.1210132,21.4869849],[106.1207193,21.4878447],[106.1204416,21.4886516],[106.1204319,21.4886798],[106.1199649,21.4900368],[106.1198688,21.4902956],[106.119824,21.4904995],[106.1197867,21.4908128],[106.1197731,21.4909737],[106.1197915,21.4911095],[106.1199875,21.491534],[106.1200556,21.4916979],[106.1200818,21.4917398],[106.1201744,21.4918882],[106.1202023,21.4919327],[106.1205086,21.4922341],[106.1208399,21.4925226],[106.1213921,21.4930291],[106.1215981,21.4932698],[106.1216733,21.4934442],[106.1218475,21.4939258],[106.1218902,21.4940437],[106.1220002,21.4943268],[106.1222553,21.4949738],[106.1224173,21.4953846],[106.1224466,21.4954833],[106.1224999,21.495649],[106.1226601,21.4960247],[106.123066,21.4969764],[106.1231315,21.4972138],[106.1233112,21.4976397],[106.1235159,21.498181],[106.1237571,21.4986819],[106.123859,21.4989038],[106.123893,21.4990322],[106.1238855,21.4991761],[106.1238005,21.4995857],[106.1235354,21.5004117],[106.1234003,21.5008329],[106.1233818,21.5008874],[106.1229952,21.5020244],[106.1228869,21.5024947],[106.1228321,21.502711],[106.1227611,21.5029752],[106.1225099,21.5038301],[106.1222729,21.5045898],[106.122234,21.5047046],[106.1222004,21.5048168],[106.1221526,21.5049763],[106.12211,21.5051185],[106.1220852,21.5052236],[106.1220661,21.5053174],[106.1220235,21.5055817],[106.122006,21.5057078],[106.1219966,21.5058375],[106.1219778,21.5061807],[106.1219698,21.5062929],[106.1219687,21.5063792],[106.1219698,21.5064464],[106.1219805,21.5066061],[106.1220141,21.5069427],[106.1220478,21.5074224],[106.1220974,21.5081279],[106.1220971,21.5082511],[106.1221156,21.5085089],[106.122116,21.5086174],[106.1221026,21.5087135],[106.1220694,21.5088154],[106.1219503,21.5091157],[106.1217176,21.5097572],[106.1216042,21.5100415],[106.1215229,21.5102455],[106.1214389,21.5104503],[106.12116,21.5111307],[106.1211294,21.5112052],[106.1209482,21.5116355],[106.1206394,21.512369],[106.1205713,21.5125309],[106.1202563,21.5132791],[106.1198395,21.5142618],[106.1197675,21.5144317],[106.1197119,21.5145628],[106.1196602,21.5146705],[106.1196265,21.5147408],[106.119534,21.5148409],[106.1194407,21.514898],[106.1173652,21.5163751],[106.1168094,21.5167707],[106.1167296,21.5168362],[106.1165437,21.516946],[106.1162668,21.5171361],[106.1159811,21.5174104],[106.1154325,21.5179946],[106.1153032,21.518101],[106.1151835,21.5181825],[106.1151362,21.5182147],[106.1145254,21.5184442],[106.1139259,21.5186861],[106.1136143,21.5188036],[106.1135179,21.5188486],[106.1133341,21.5189035],[106.1131364,21.519001],[106.1130469,21.5190569],[106.1128293,21.5191694],[106.1125861,21.5192952],[106.1110983,21.5200642],[106.111073,21.5200779],[106.1109746,21.5201393],[106.1108238,21.5202866],[106.1107794,21.5203348],[106.1103358,21.5209905],[106.1101591,21.5212601],[106.1100628,21.5214071],[106.1099889,21.5215727],[106.109814,21.5219649],[106.1095994,21.5226239],[106.1094472,21.522978],[106.1093543,21.5232396],[106.1091686,21.5237625],[106.1089827,21.5242859],[106.108955,21.5244003],[106.1089208,21.5245413],[106.108899,21.5247395],[106.1089013,21.5247991],[106.1089028,21.5248392],[106.1089212,21.524985],[106.1089121,21.525087],[106.1089071,21.5251425],[106.1088615,21.5252851],[106.1083066,21.5260519],[106.1080384,21.5263638],[106.1076842,21.5267958],[106.1076359,21.5268547],[106.1075652,21.5270324]]}},{"type":"Feature","properties":{"id":62},"geometry":{"type":"LineString","coordinates":[[106.1525301,21.4378987],[106.1524627,21.4380605]]}},{"type":"Feature","properties":{"id":63},"geometry":{"type":"LineString","coordinates":[[106.1524627,21.4380605],[106.152433,21.438127],[106.1523834,21.4382818],[106.1523364,21.4385789],[106.1523217,21.4387462],[106.1523029,21.4389484],[106.1522533,21.4391769],[106.1521983,21.4393916],[106.1521366,21.4396138],[106.152087,21.4398422],[106.1520629,21.4399683],[106.1520399,21.4404511],[106.1520334,21.44059],[106.1519958,21.4409969]]}},{"type":"Feature","properties":{"id":64},"geometry":{"type":"LineString","coordinates":[[106.0989496,21.4430136],[106.0998603,21.4430455],[106.1008481,21.4431081],[106.1009593,21.4431152],[106.1012634,21.4431344],[106.1034474,21.4432728],[106.1046912,21.4433986],[106.1048912,21.4434106],[106.1092118,21.4436244],[106.1093731,21.4436323],[106.1097221,21.4436496],[106.1099626,21.443665],[106.1099987,21.4436673],[106.1141478,21.4439322],[106.1145819,21.44396],[106.1146721,21.4439657],[106.1149082,21.4439808],[106.1150315,21.4439887],[106.1151828,21.4439983],[106.1153782,21.4440108],[106.1158375,21.4440401],[106.1163768,21.4440744],[106.1167565,21.4440986],[106.1169463,21.4441107],[106.117141,21.4441231],[106.1172227,21.4441283],[106.1174624,21.4441436],[106.1182855,21.444196],[106.1192579,21.444258],[106.1192901,21.4442585],[106.1194156,21.4442607],[106.1206823,21.4441325],[106.1208977,21.4441107],[106.1211952,21.4440469],[106.1229556,21.4436697],[106.1244475,21.4433499],[106.1245172,21.443335],[106.1255858,21.443106],[106.1272084,21.442779],[106.1279468,21.4426302],[106.1297307,21.4422708],[106.1309422,21.4420266],[106.1345911,21.4412959],[106.135147,21.4411793],[106.1359123,21.4410282],[106.1360923,21.4409927],[106.136125,21.4409862],[106.1366384,21.4408788],[106.1370274,21.4408004],[106.1377479,21.4406174],[106.1383139,21.4405026],[106.138916,21.4403927],[106.1397395,21.4402517],[106.1403979,21.4401456],[106.1409827,21.440007],[106.1411168,21.4399795],[106.1412173,21.4399633],[106.141322,21.4399671],[106.1414199,21.4399758],[106.141877,21.4400854],[106.1419779,21.4401049],[106.142463,21.4401987],[106.142692,21.440243],[106.1428168,21.4402609],[106.1428729,21.4402689],[106.1432692,21.4403257],[106.1433189,21.4403328],[106.1434779,21.440345],[106.1437735,21.4403678],[106.1468998,21.4405752],[106.1469868,21.4405804],[106.14712,21.4405883]]}},{"type":"Feature","properties":{"id":65},"geometry":{"type":"LineString","coordinates":[[106.1365209,21.3359572],[106.1362169,21.3357326],[106.1360734,21.3355877],[106.1360028,21.3354986],[106.1359587,21.3354253],[106.1359046,21.3353162],[106.135879,21.3352317],[106.1358468,21.335053],[106.1358425,21.3350078],[106.1358213,21.334787],[106.1358146,21.3346408],[106.135807,21.3342973],[106.1358038,21.3341554],[106.1357897,21.3335308],[106.1358137,21.3328142],[106.1358221,21.3325624],[106.1358416,21.3323875],[106.1358663,21.3321652],[106.1359319,21.3315806],[106.1359847,21.3310929],[106.1360118,21.3308152],[106.1360849,21.3300665],[106.1361466,21.3294968],[106.1362156,21.3290038],[106.1362683,21.3284528],[106.136274,21.3283663],[106.1363139,21.3279472],[106.1363666,21.3274705],[106.1363907,21.3271645],[106.1364001,21.3270758],[106.1364219,21.3269793],[106.1364538,21.3268386],[106.1365427,21.3267746],[106.1366589,21.3266935],[106.1368305,21.3265485],[106.1375611,21.3266055],[106.1380154,21.3266211],[106.1385916,21.3265946],[106.1392283,21.326545],[106.1398306,21.3265123],[106.1404396,21.3264715],[106.1409079,21.3264532],[106.1416413,21.3264014],[106.1418819,21.326393],[106.1420812,21.3263911],[106.1423087,21.3264061],[106.1423814,21.3264416],[106.1424533,21.3264742],[106.1425853,21.3265935],[106.1430474,21.3269628],[106.1433991,21.327182]]}},{"type":"Feature","properties":{"id":66},"geometry":{"type":"LineString","coordinates":[[106.1277901,21.3851428],[106.1277684,21.3852743],[106.1276334,21.3860719],[106.127562,21.3863542],[106.1275073,21.38649]]}},{"type":"Feature","properties":{"id":67},"geometry":{"type":"LineString","coordinates":[[106.1544218,21.3187263],[106.1544889,21.3186855],[106.1546069,21.318603],[106.1548698,21.3183931],[106.1554236,21.3179722],[106.1570366,21.3167211],[106.1571913,21.3166087],[106.1579289,21.3160437],[106.15813,21.3158722],[106.1581813,21.3158324],[106.1586052,21.3154112],[106.1591279,21.3147804],[106.159227,21.3146608],[106.1593209,21.3145389],[106.1598266,21.3138827],[106.1598681,21.3138289],[106.1599769,21.3136205],[106.1600734,21.3134382],[106.1607817,21.3121],[106.161806,21.3101782],[106.1618867,21.3100287],[106.1621621,21.3095185],[106.1627335,21.3084602],[106.1628584,21.3082288],[106.163131,21.3076447],[106.1632844,21.3073638],[106.1633507,21.3072423],[106.1635548,21.3068575],[106.1636497,21.3067034],[106.1636994,21.3066269],[106.1640834,21.3060897],[106.16434,21.3057359],[106.1648759,21.3050949],[106.1650772,21.3048542],[106.1658848,21.3036362],[106.1660868,21.3033491],[106.1661688,21.3032335],[106.166578,21.3026578],[106.1666477,21.3025538],[106.1667359,21.3024344],[106.167005,21.3020706],[106.1671952,21.3018134],[106.1675768,21.3012733],[106.167731,21.301055],[106.168161,21.3004683],[106.1682282,21.3003755],[106.1695395,21.2985909],[106.1695778,21.2985388],[106.1713159,21.2959582],[106.1713734,21.2958769],[106.1716573,21.2954753],[106.1725629,21.2941942],[106.1726655,21.2940491],[106.1733424,21.2930465],[106.1735992,21.2926662],[106.1738337,21.2923352],[106.173973,21.2921467]]}},{"type":"Feature","properties":{"id":68},"geometry":{"type":"LineString","coordinates":[[106.1542736,21.3188264],[106.1544218,21.3187263]]}},{"type":"Feature","properties":{"id":69},"geometry":{"type":"LineString","coordinates":[[106.1368158,21.3362053],[106.1365209,21.3359572]]}},{"type":"Feature","properties":{"id":70},"geometry":{"type":"LineString","coordinates":[[106.1294778,21.3765193],[106.129503,21.3764223],[106.1295329,21.3761997],[106.1299265,21.3744018],[106.1302615,21.372567],[106.1305285,21.3712643],[106.1305517,21.3710523],[106.1305892,21.3709363],[106.1306408,21.3707314],[106.1311147,21.3681739],[106.1317974,21.3645499],[106.1319457,21.3639004],[106.1319752,21.3637522],[106.1320671,21.3634625],[106.1322155,21.3632585],[106.1324629,21.362982],[106.1331211,21.3625635],[106.1337777,21.362146],[106.1341169,21.3618366],[106.1343855,21.3615404],[106.1346165,21.3611981],[106.1353744,21.3600757],[106.1355598,21.3597748],[106.1356344,21.3596536],[106.1357603,21.3593642],[106.1358047,21.359262],[106.1358963,21.3590543],[106.135928,21.3589823],[106.1360273,21.358675],[106.1360541,21.3585326],[106.1360568,21.3583877],[106.1360836,21.3577183],[106.1361077,21.3572811],[106.1361654,21.3570076],[106.1362392,21.3567565],[106.1364779,21.3561745],[106.1366549,21.3557673],[106.1368948,21.3552602],[106.1370503,21.3550035],[106.1374381,21.3544409],[106.1374932,21.3543529],[106.1375669,21.3542207],[106.137637,21.3540029],[106.1376581,21.3538238],[106.13765,21.3536989],[106.1375897,21.3534561],[106.137583,21.3534291],[106.1374837,21.3532393],[106.137304,21.3529145],[106.1372289,21.3527222],[106.1371753,21.3525073],[106.1371634,21.3523176],[106.1372879,21.3513682],[106.1373074,21.3511882],[106.1373281,21.350996],[106.1373442,21.3507961],[106.1373713,21.3504953],[106.1374006,21.3501691],[106.1374006,21.3500142],[106.1374006,21.3496345],[106.1373841,21.349176],[106.1373711,21.3488151],[106.1373687,21.3487482],[106.1373496,21.3482131],[106.1373442,21.3477934],[106.1373281,21.3473387],[106.1373224,21.3472013],[106.1372906,21.3464319],[106.1372748,21.3456274],[106.1372732,21.345545],[106.1372839,21.3448467],[106.1372815,21.3447781],[106.1372557,21.3440286],[106.1372204,21.3435387],[106.1372074,21.343359],[106.1371889,21.3428446],[106.137186,21.3427644],[106.137135,21.3417114],[106.1371431,21.3414279],[106.1371484,21.341233],[106.1371431,21.340832],[106.137131,21.3404885],[106.1371163,21.3399826],[106.1370778,21.3389645],[106.137076,21.3389183],[106.137075,21.3388872],[106.1370613,21.3384824],[106.1370559,21.3382862],[106.1371349,21.3380429],[106.1371871,21.3376654],[106.1372503,21.337374],[106.137286,21.3370376],[106.1372551,21.336894],[106.1372216,21.3367666],[106.1371639,21.3365904],[106.1371219,21.3365079],[106.1370593,21.3364243],[106.1369842,21.3363431],[106.1368158,21.3362053]]}},{"type":"Feature","properties":{"id":71},"geometry":{"type":"LineString","coordinates":[[106.1774488,21.4028803],[106.177741,21.4033573],[106.1778417,21.4035217],[106.1780033,21.4037854],[106.178129,21.4039905],[106.178185,21.4040615],[106.1782196,21.4041052],[106.1790225,21.404684],[106.1791641,21.40479],[106.1796204,21.4050778],[106.1798464,21.4052308],[106.1804004,21.405606],[106.1804377,21.4056494],[106.1804678,21.4057173],[106.1805962,21.4060255],[106.1807602,21.4064293],[106.1808281,21.4065057],[106.1808876,21.4065403],[106.1813807,21.4065646],[106.1815389,21.4065733],[106.18163,21.4065783],[106.1816928,21.4066195],[106.1817881,21.4067186],[106.1818896,21.4069445],[106.1820307,21.4072583],[106.1821027,21.4073559],[106.1822144,21.4074483],[106.1827233,21.407869],[106.1829981,21.4081319],[106.1830659,21.4081968],[106.1830918,21.408225],[106.1834548,21.4087165],[106.1835051,21.4087687],[106.1836443,21.4088406],[106.1841581,21.4090955],[106.1842651,21.4092063],[106.1842959,21.4092391],[106.1843381,21.4093099],[106.1844018,21.4095481],[106.1845092,21.4099499],[106.1845686,21.410172],[106.1846164,21.4102772],[106.1847027,21.4104055],[106.1847535,21.4104604],[106.1852953,21.4110145],[106.1857871,21.4115756],[106.1859298,21.411684],[106.186073,21.4117444],[106.1863114,21.4118491],[106.1865861,21.4119382],[106.1870916,21.4120318],[106.1873319,21.4120755],[106.1875845,21.4121531],[106.1878085,21.4122857],[106.1887453,21.4128423],[106.1888586,21.4129267],[106.1889059,21.4129597],[106.1892867,21.4132255],[106.1903743,21.4142872],[106.1910516,21.4148967],[106.1911447,21.4150313],[106.1912607,21.4152128],[106.1914108,21.4154734],[106.1914779,21.4155058],[106.1915444,21.415512],[106.1916721,21.4155018],[106.1919947,21.415476],[106.192598,21.4154464],[106.1927683,21.4154741],[106.1929371,21.4155236],[106.1936941,21.4159113],[106.1941659,21.416175],[106.1944204,21.4162869],[106.1948527,21.4164687],[106.1952492,21.4166974],[106.1961884,21.4173852],[106.1962139,21.4174039],[106.1970231,21.4182215],[106.1970863,21.4182854],[106.197297,21.4184772],[106.1975781,21.4186839],[106.197989,21.4189591],[106.1986237,21.4194274],[106.1988598,21.4196826],[106.1989055,21.4197319],[106.1992933,21.4201438],[106.1994883,21.4203324],[106.1997302,21.4205625],[106.199837,21.4207469],[106.1998908,21.4209011],[106.1999091,21.4210469],[106.1999201,21.4211351],[106.1999229,21.421873],[106.1999241,21.4220978],[106.1999264,21.4225172],[106.1999279,21.4227815],[106.1999314,21.4228486],[106.1999604,21.4233937],[106.2000011,21.4235824],[106.2000532,21.4237249],[106.2002018,21.4239455],[106.2007356,21.424697],[106.2008097,21.4248219],[106.2010059,21.4253825],[106.2010966,21.4256674],[106.2011792,21.4259271],[106.2013892,21.4267429],[106.2014416,21.4268829],[106.2015188,21.4272713],[106.2015681,21.4274326],[106.2015765,21.4274601],[106.2016475,21.4280403],[106.201728,21.4286077],[106.2018299,21.4289017],[106.2019508,21.4292496],[106.2019855,21.429461],[106.2020066,21.4298683],[106.2019909,21.4302108],[106.2019855,21.4303273],[106.2019587,21.4306369],[106.2019673,21.4308732],[106.201977,21.4310562],[106.2019829,21.4311689],[106.2019855,21.4312187],[106.2020457,21.4315329],[106.2021892,21.4319052],[106.2023424,21.4321439],[106.2027426,21.4326052],[106.2027874,21.432668],[106.2028298,21.4327239],[106.2028733,21.4327839],[106.2030108,21.4330578],[106.2030382,21.4331524],[106.2032038,21.4335531],[106.2039703,21.4340362],[106.2041244,21.4341274],[106.2047319,21.4344871],[106.2048528,21.4345406],[106.2049935,21.4345661],[106.2054902,21.4345504],[106.2058231,21.4345584],[106.2065544,21.4346051],[106.207037,21.43462],[106.2074034,21.4347162],[106.2077378,21.4348148],[106.20827,21.4349867],[106.2089054,21.4351773],[106.2091095,21.4352594],[106.2093333,21.4353457],[106.2095502,21.4354376],[106.2097214,21.4355123],[106.2098725,21.4355653],[106.2099881,21.4356106],[106.2100521,21.4356572],[106.2101299,21.4357105],[106.2102011,21.4357265],[106.2102493,21.4357997],[106.2103867,21.435936],[106.2104034,21.4359526],[106.2104733,21.4361097],[106.2107268,21.4363706],[106.2108971,21.4365167],[106.2110545,21.4366486],[106.2112415,21.4368053],[106.2115556,21.4370685],[106.211695,21.4371745],[106.2118278,21.437237],[106.2123992,21.4374929],[106.2128156,21.4375764],[106.2129994,21.4376751],[106.2130824,21.4377651]]}},{"type":"Feature","properties":{"id":72},"geometry":{"type":"LineString","coordinates":[[106.0878007,21.3716366],[106.0880424,21.371787]]}},{"type":"Feature","properties":{"id":73},"geometry":{"type":"LineString","coordinates":[[106.127562,21.3863542],[106.1278535,21.3864142]]}},{"type":"Feature","properties":{"id":74},"geometry":{"type":"LineString","coordinates":[[106.1278535,21.3864142],[106.1302444,21.3869902],[106.1303398,21.3870135],[106.1309272,21.3871515],[106.1311606,21.3871893],[106.1314549,21.3872284],[106.1317415,21.3872413],[106.1346546,21.3873],[106.1349887,21.3873134]]}},{"type":"Feature","properties":{"id":75},"geometry":{"type":"LineString","coordinates":[[106.0708877,21.3650073],[106.070901,21.365002],[106.0709228,21.3649937],[106.0712639,21.3648824],[106.0713203,21.3648774],[106.0713646,21.3648799],[106.0715014,21.3649174],[106.0721928,21.365221],[106.0734306,21.3657151],[106.0756634,21.3665949],[106.0764933,21.3669072],[106.076679,21.3669771],[106.0773513,21.3672441],[106.0775906,21.3673327],[106.0778549,21.3674305],[106.0786587,21.367707],[106.0790478,21.3678511],[106.0793576,21.367966],[106.0794293,21.3679992],[106.0798955,21.3682131],[106.0800471,21.3682826],[106.0800685,21.3682937],[106.0805067,21.3684305],[106.0806415,21.3684694],[106.0807537,21.3685018],[106.0810373,21.3685903],[106.0814164,21.3687072],[106.0824119,21.3690158],[106.0824472,21.3690265],[106.0828668,21.3691435],[106.0830388,21.3691915],[106.0835701,21.3693398],[106.0836732,21.3693685],[106.0837156,21.3693813],[106.0838104,21.3694098],[106.0838706,21.3694279],[106.0845059,21.3696191],[106.0847204,21.3696891],[106.0848829,21.3697569],[106.0850158,21.369828],[106.085511,21.3701483],[106.0855887,21.3701986],[106.0862296,21.3706131],[106.0868946,21.3710708],[106.0875408,21.371473],[106.0878007,21.3716366]]}},{"type":"Feature","properties":{"id":76},"geometry":{"type":"LineString","coordinates":[[106.107577,21.2969105],[106.1071694,21.2956496],[106.1067268,21.2942951],[106.1064827,21.2935379],[106.1064392,21.2934125],[106.106385,21.2932349],[106.1060739,21.2923331],[106.1059638,21.292037],[106.1058671,21.2917135],[106.1056346,21.2907263],[106.1055936,21.2905697],[106.1054438,21.2900739],[106.1053345,21.2897336],[106.1051862,21.2892259],[106.1046495,21.2872581],[106.1039539,21.2849035],[106.1037539,21.2840771],[106.1036947,21.28389],[106.1034278,21.282975],[106.1032942,21.2825354],[106.1032491,21.2823956],[106.1031832,21.2821425],[106.1030379,21.2815991],[106.1029039,21.2811487],[106.1027266,21.2804461],[106.1025741,21.279905],[106.1023255,21.2791237],[106.1022539,21.2788987],[106.1022352,21.2788142],[106.1021115,21.278394],[106.1020023,21.2780752],[106.101818,21.2775339],[106.1015273,21.2766799],[106.1012309,21.2755274],[106.1011916,21.2753759],[106.1010541,21.2749852],[106.1010363,21.2749055],[106.1008901,21.2744686],[106.1005057,21.273009],[106.1003573,21.2723261],[106.1003605,21.2721847],[106.1003642,21.2720165],[106.100374,21.2710015],[106.1003838,21.2705185],[106.1004136,21.2690608],[106.1004294,21.2682889],[106.1004549,21.2670943],[106.1004701,21.2653967],[106.1004736,21.2652142],[106.1004786,21.2649489],[106.1004945,21.2641143],[106.100515,21.263035],[106.1005181,21.262587],[106.1005717,21.2610088],[106.1005846,21.2603645],[106.1006032,21.2597299],[106.1006097,21.2595638],[106.1006046,21.2587775],[106.1006119,21.2585542],[106.1006139,21.2584937],[106.1006087,21.2582964]]}},{"type":"Feature","properties":{"id":77},"geometry":{"type":"LineString","coordinates":[[106.1131858,21.3190099],[106.1131823,21.3189818],[106.1131387,21.3185532],[106.1131154,21.3183118],[106.1130999,21.3181507],[106.1130596,21.3178983],[106.1129971,21.3173795],[106.1129719,21.317149],[106.1129391,21.3168696],[106.1128677,21.3162139],[106.1127837,21.3156016],[106.1127282,21.3150798],[106.1126972,21.3147887],[106.1126061,21.3139575],[106.1125977,21.3138996],[106.1125434,21.3135246],[106.1125384,21.3134746],[106.1124841,21.3129342],[106.1124754,21.3126794],[106.1124787,21.3124861],[106.1124754,21.3123487],[106.1124712,21.3121789],[106.1124551,21.3115198],[106.1124538,21.3114653],[106.1124457,21.3113973],[106.1124406,21.3113541],[106.1124362,21.3113309],[106.112365,21.3109577],[106.1122296,21.3105705],[106.1122012,21.3104888],[106.1121174,21.3102639],[106.1116943,21.3089666],[106.1113595,21.3079934],[106.1112146,21.3075679],[106.1108283,21.3064332],[106.1107892,21.3063185],[106.1103366,21.3049657],[106.1100487,21.3041101],[106.1099616,21.3038513],[106.1095588,21.3026613],[106.1093366,21.3020546],[106.1091758,21.3015101],[106.1091676,21.3014823],[106.1087733,21.3003703],[106.1084887,21.2995178],[106.1082691,21.2989059],[106.1081323,21.298501],[106.1080813,21.2983386],[106.108054,21.2982672],[106.1080153,21.2981677],[106.1079992,21.2981215],[106.1078265,21.2976514],[106.1077192,21.297349],[106.107649,21.2971396]]}},{"type":"Feature","properties":{"id":78},"geometry":{"type":"LineString","coordinates":[[106.118237,21.3528155],[106.1182177,21.3527023],[106.1182027,21.3526547],[106.1181876,21.3525746],[106.1181669,21.3525022],[106.1181334,21.3523672],[106.1180923,21.3522174],[106.1180313,21.3519134],[106.1179821,21.3516512],[106.1178877,21.3512158],[106.1178334,21.3509377],[106.1178097,21.3507936],[106.1176948,21.3502399],[106.1176358,21.3499292],[106.117552,21.349488],[106.1171622,21.3474446],[106.1170211,21.3466642],[106.116997,21.3465693],[106.1169813,21.3464892],[106.1169204,21.3461783],[106.1167462,21.3452902],[106.1166202,21.3446181],[106.1164748,21.3439361],[106.116423,21.343682],[106.11632,21.3431728],[106.1162339,21.3428044],[106.1161198,21.3421939],[106.1160362,21.3418252],[106.1159779,21.3415579],[106.115944,21.3413102],[106.1159354,21.3412472],[106.1159053,21.3410269],[106.1158005,21.3404237],[106.1157172,21.339725],[106.1156847,21.3394526],[106.1155902,21.3386597],[106.1154467,21.337538],[106.1153624,21.3368918],[106.1151724,21.3353998],[106.1151061,21.3348789],[106.1150174,21.3341663],[106.1149319,21.3334927],[106.1148767,21.3331421],[106.1148624,21.3330239],[106.1148204,21.3326774],[106.1147582,21.3322038],[106.1147106,21.3318417],[106.1146966,21.3317416],[106.1146501,21.3314082],[106.1145642,21.3307546],[106.1143845,21.3293557],[106.1142748,21.32847],[106.1142539,21.3283185],[106.114205,21.3279651],[106.1141241,21.3273794],[106.1140684,21.3268637],[106.1140439,21.3266373],[106.1139576,21.3258287],[106.1139413,21.3256737],[106.1139137,21.3254122],[106.113852,21.3248221],[106.1138228,21.3245433],[106.1137448,21.3238851],[106.1136563,21.3230606],[106.1135933,21.3224859],[106.1135195,21.3219607],[106.1134215,21.3211029],[106.1132301,21.3194287],[106.1132066,21.3191664],[106.1132052,21.3191505]]}},{"type":"Feature","properties":{"id":79},"geometry":{"type":"LineString","coordinates":[[106.1150109,21.3991873],[106.1150307,21.3990617],[106.1151071,21.3985314],[106.1152086,21.3978448],[106.1154176,21.3967251],[106.1155116,21.3962212],[106.1156791,21.3953237],[106.1157018,21.3952022],[106.1163006,21.3915243],[106.1163046,21.3914917]]}},{"type":"Feature","properties":{"id":80},"geometry":{"type":"LineString","coordinates":[[106.1132052,21.3191505],[106.1131858,21.3190099]]}},{"type":"Feature","properties":{"id":81},"geometry":{"type":"LineString","coordinates":[[106.107649,21.2971396],[106.107577,21.2969105]]}},{"type":"Feature","properties":{"id":82},"geometry":{"type":"LineString","coordinates":[[106.1183237,21.3532259],[106.1182991,21.353103],[106.1182875,21.3530435],[106.1182721,21.3529703],[106.1182594,21.3529194],[106.1182527,21.352889],[106.118237,21.3528155]]}},{"type":"Feature","properties":{"id":83},"geometry":{"type":"LineString","coordinates":[[106.1112378,21.2648527],[106.1114545,21.2646718]]}},{"type":"Feature","properties":{"id":84},"geometry":{"type":"LineString","coordinates":[[106.1114545,21.2646718],[106.1126693,21.2637781],[106.1126985,21.263755],[106.1127829,21.2636883],[106.1129331,21.2635771],[106.1141129,21.2627042],[106.1149124,21.2621092]]}},{"type":"Feature","properties":{"id":85},"geometry":{"type":"LineString","coordinates":[[106.1163046,21.3914917],[106.1163114,21.3914334]]}},{"type":"Feature","properties":{"id":86},"geometry":{"type":"LineString","coordinates":[[106.1163114,21.3914334],[106.1163173,21.3913976],[106.1164093,21.3908424],[106.1165178,21.390154],[106.1165974,21.3897206],[106.1166576,21.3893932],[106.1168633,21.3882731],[106.1168911,21.388099],[106.116955,21.3877597],[106.1169756,21.3876507],[106.1171348,21.3867733],[106.1172019,21.3863969],[106.1172113,21.3863439],[106.1172538,21.3861016],[106.1173421,21.3855987],[106.1175865,21.3841845],[106.1176439,21.3837658],[106.1178563,21.3825155],[106.1180786,21.3812674],[106.1182041,21.3805625],[106.1183063,21.3799888],[106.1184263,21.3793209],[106.1184503,21.3792316],[106.1184793,21.3790959]]}},{"type":"Feature","properties":{"id":87},"geometry":{"type":"LineString","coordinates":[[106.289839,21.4419126],[106.289906,21.4422416]]}},{"type":"Feature","properties":{"id":88},"geometry":{"type":"LineString","coordinates":[[106.2837895,21.4330591],[106.2840604,21.4334369]]}},{"type":"Feature","properties":{"id":89},"geometry":{"type":"LineString","coordinates":[[106.289906,21.4422416],[106.2899381,21.4423723],[106.2900169,21.4426933],[106.2900481,21.4428074],[106.2900853,21.4429005],[106.2902047,21.4430907],[106.2903656,21.4432912],[106.2903949,21.4433188],[106.2907777,21.4436646],[106.2915609,21.4442835],[106.29205,21.4446731],[106.2922182,21.4448112]]}},{"type":"Feature","properties":{"id":90},"geometry":{"type":"LineString","coordinates":[[106.2840604,21.4334369],[106.2850908,21.4349267],[106.2851625,21.4350028],[106.2853991,21.4352915],[106.2854779,21.4353842],[106.2856554,21.435579],[106.286522,21.4365504],[106.287457,21.4375398],[106.2876187,21.4377238],[106.2878593,21.4379673],[106.2879477,21.4380602],[106.288365,21.4385567],[106.2884731,21.43871],[106.2888796,21.4393199],[106.289096,21.4397363],[106.2891712,21.43987],[106.2892878,21.4401409],[106.2894193,21.4404467],[106.2895368,21.4407572],[106.2896313,21.441081],[106.2897317,21.4414828],[106.289839,21.4419126]]}},{"type":"Feature","properties":{"id":91},"geometry":{"type":"LineString","coordinates":[[106.2031165,21.3976877],[106.2036706,21.3977579],[106.203996,21.3977901],[106.2048356,21.3978576],[106.2050519,21.3978709],[106.2053032,21.3978483],[106.2057027,21.397798],[106.2063211,21.3977394],[106.2065497,21.3976956],[106.2067719,21.3976363],[106.2074145,21.397352],[106.2076392,21.3972525],[106.2078132,21.3971756],[106.2078894,21.3971367],[106.2080123,21.397074],[106.2081161,21.397021],[106.2082811,21.3969093],[106.2085696,21.3967067],[106.2086359,21.3966601],[106.2088226,21.3965199],[106.209188,21.3962643],[106.2097852,21.395762],[106.2100561,21.3955583],[106.2101874,21.3954628],[106.210364,21.3953251],[106.2105585,21.3951777],[106.2106702,21.3950943],[106.2109686,21.3948341],[106.2111843,21.394639],[106.2115983,21.3942956],[106.2118598,21.3940798],[106.2121197,21.393875],[106.2123446,21.3937566],[106.2125289,21.3936559],[106.2125826,21.3936278],[106.2127767,21.3935262],[106.2130302,21.3933409],[106.2130726,21.3932903],[106.2130905,21.3932689],[106.2131858,21.3931552],[106.2133905,21.3927102],[106.2134259,21.3926469],[106.2134513,21.3925639],[106.2134797,21.3924955],[106.2136119,21.3922002],[106.2136262,21.3921682],[106.2136515,21.3920995],[106.2137304,21.3919992],[106.2139805,21.3917079],[106.214149,21.3914969],[106.2143339,21.3912935],[106.2145339,21.3910734],[106.2146938,21.3908779],[106.2149864,21.3904927],[106.2151249,21.3903693],[106.2152329,21.3902651],[106.2152711,21.3902283],[106.2156135,21.3899425],[106.2158202,21.3897711],[106.2163746,21.3891882],[106.2166282,21.3888534],[106.2168631,21.3883555],[106.2171257,21.3878961],[106.2173294,21.3874719],[106.2174005,21.3873371],[106.2177764,21.3866247],[106.2185708,21.385119],[106.2188402,21.3848605],[106.2210369,21.383431],[106.2210911,21.3833709],[106.2212083,21.3832409],[106.2214942,21.3827999],[106.2219573,21.3818202],[106.2220538,21.3816429],[106.2221626,21.3814693],[106.2222978,21.3811677],[106.2224108,21.3808699],[106.2225376,21.3804758],[106.2226025,21.3802877],[106.2226988,21.3800438],[106.2228195,21.3797915],[106.2228536,21.3797257],[106.2231317,21.3792481],[106.2232165,21.3791234],[106.2232489,21.3790729],[106.2233255,21.3789584],[106.2234002,21.3788324],[106.2234552,21.3787188],[106.2235129,21.3785489],[106.2235284,21.3784502],[106.2235504,21.3782605],[106.2235504,21.3779245],[106.2235116,21.3775481],[106.223478,21.3771115],[106.2234633,21.3764326],[106.2234696,21.3763609],[106.2235183,21.3758398],[106.2235598,21.3755235],[106.2236351,21.3748873],[106.223738,21.3740421],[106.2238223,21.3732388],[106.2238562,21.3729154],[106.2238804,21.3726756],[106.2239557,21.3721959],[106.2239886,21.3720483],[106.2240359,21.3719263],[106.2240747,21.3718597],[106.2241134,21.3717931],[106.2241915,21.3716915],[106.2243068,21.3715691],[106.2245293,21.3713654],[106.2245962,21.3713109],[106.2250532,21.3709387],[106.225266,21.3707635],[106.2256131,21.37049],[106.2259556,21.3702142],[106.225998,21.3701803],[106.226135,21.3700704],[106.2263918,21.369862],[106.2264668,21.3698043],[106.2269398,21.3694001],[106.2270172,21.3693198],[106.2270789,21.3692436],[106.2271234,21.3691708],[106.2271569,21.3690987],[106.2272327,21.3688084],[106.2272978,21.3684325],[106.227335,21.3681758],[106.2273659,21.3679847],[106.2273847,21.3678948],[106.2274142,21.3678074],[106.2274571,21.3677062],[106.227508,21.3676088],[106.2275775,21.3675093],[106.2277361,21.3673404],[106.2281987,21.3669107],[106.2283356,21.3667872],[106.2284575,21.3666771],[106.2286366,21.3665223],[106.2287231,21.3664586],[106.2287956,21.3664079],[106.2288719,21.3663649],[106.2289749,21.3663199],[106.2290852,21.3662812],[106.2291992,21.36625],[106.2293144,21.3662309],[106.2295264,21.3662113],[106.2298389,21.36621],[106.2300132,21.3662101],[106.230197,21.3662101],[106.2303208,21.3662101],[106.2306794,21.366209],[106.2311439,21.3662406],[106.2318661,21.3663005],[106.2322763,21.3663346],[106.2328324,21.366392],[106.2328782,21.3663964],[106.2329178,21.3664005],[106.2330848,21.366419],[106.2337674,21.3664944],[106.2342359,21.366548],[106.2343178,21.3665493],[106.234347,21.3665498],[106.2344475,21.3665416],[106.2346821,21.3665344],[106.2347591,21.366522],[106.2348754,21.3665033],[106.2349334,21.3664828],[106.2350248,21.3664522],[106.2358099,21.3661174],[106.2359378,21.3660757],[106.2360365,21.3660465],[106.2364654,21.3659679],[106.2366326,21.3659372],[106.2372208,21.3658363],[106.2375221,21.3657736],[106.2381306,21.365669],[106.2383563,21.3656585],[106.2386877,21.3656501],[106.2388515,21.3656639],[106.2390117,21.3656932],[106.2390842,21.3657102],[106.2391502,21.3657257],[106.2392965,21.3657601],[106.239574,21.3658252],[106.2395976,21.3658307],[106.2397387,21.3658575],[106.2398241,21.3658737],[106.2398551,21.3658744],[106.2400492,21.365879],[106.2402291,21.3658519],[106.2404193,21.3658233],[106.2405537,21.3657695],[106.2407331,21.3656978],[106.2409015,21.3656138],[106.2409617,21.3655469],[106.2412884,21.3652492],[106.2415322,21.3650804],[106.2418891,21.3648608],[106.2419472,21.3648385],[106.2423989,21.3646484],[106.2431502,21.3643366],[106.2435468,21.3641563],[106.2437273,21.3640743],[106.2441214,21.3639116],[106.2443064,21.3638311],[106.2444446,21.3638022],[106.2454948,21.3635745],[106.2463102,21.3633476],[106.2463778,21.3633281],[106.2466649,21.3631657],[106.2469303,21.3629917],[106.2472101,21.3628149],[106.2473411,21.3627355],[106.2481912,21.3621548],[106.2484246,21.3620051],[106.2486036,21.3618904],[106.2489706,21.3616326],[106.2491939,21.3614586],[106.2494037,21.3612735],[106.2496069,21.361081],[106.2497156,21.3609694],[106.2497833,21.3608627],[106.2498079,21.3608243]]}},{"type":"Feature","properties":{"id":92},"geometry":{"type":"LineString","coordinates":[[106.2598258,21.3548178],[106.2596209,21.3549501],[106.2590488,21.3551073],[106.2576945,21.3554795],[106.2573926,21.3555535],[106.256363,21.3559092],[106.2554782,21.3561577],[106.2546364,21.356351],[106.2545125,21.3563718],[106.2543289,21.3564026],[106.2539233,21.3564858],[106.253805,21.3565147],[106.2535751,21.3566117],[106.2535139,21.3566531],[106.2534007,21.3567428],[106.2529877,21.357125],[106.2519342,21.3581274],[106.2509718,21.359043],[106.2509292,21.3590838],[106.2508707,21.3591553],[106.2508285,21.3592281],[106.2504973,21.3599615],[106.2503931,21.3601669],[106.2501349,21.3605229],[106.2499844,21.3606045]]}},{"type":"Feature","properties":{"id":93},"geometry":{"type":"LineString","coordinates":[[106.2499844,21.3606045],[106.2500522,21.3604474],[106.2501843,21.3602493],[106.2503186,21.3599686],[106.2504463,21.3597017],[106.2506999,21.3591478],[106.2507489,21.3590856],[106.2508193,21.3589961],[106.2515661,21.3582853],[106.2523117,21.35757],[106.2528523,21.3570651],[106.2533522,21.3565983],[106.2534557,21.3565292],[106.2535693,21.3564712],[106.25376,21.3563788],[106.2538942,21.3563475],[106.255069,21.356149],[106.2553852,21.3560839],[106.2559555,21.3559147],[106.2563365,21.355771],[106.256827,21.3555894],[106.2568661,21.3555749],[106.2573216,21.3554159],[106.257638,21.3553352],[106.2585998,21.3550788],[106.2595786,21.3548111],[106.2598258,21.3548178]]}},{"type":"Feature","properties":{"id":94},"geometry":{"type":"LineString","coordinates":[[106.2791252,21.408911],[106.2794804,21.4087223]]}},{"type":"Feature","properties":{"id":95},"geometry":{"type":"LineString","coordinates":[[106.2028437,21.3976617],[106.2031165,21.3976877]]}},{"type":"Feature","properties":{"id":96},"geometry":{"type":"LineString","coordinates":[[106.249859,21.3607525],[106.2498079,21.3608243]]}},{"type":"Feature","properties":{"id":97},"geometry":{"type":"LineString","coordinates":[[106.2499844,21.3606045],[106.2498733,21.3607286],[106.249859,21.3607525]]}},{"type":"Feature","properties":{"id":98},"geometry":{"type":"LineString","coordinates":[[106.2600461,21.3547714],[106.2601463,21.3547195],[106.2607155,21.3545018],[106.2611636,21.3542398],[106.2613734,21.3541172],[106.2618006,21.3538591],[106.2618955,21.3538133],[106.2623966,21.3536029],[106.2624585,21.3535769],[106.2628262,21.3533858],[106.2631941,21.3532228],[106.2638092,21.3529504],[106.2638941,21.3529128],[106.2645267,21.3526326],[106.2649399,21.3524846],[106.2654858,21.3522891],[106.2656358,21.352271],[106.2656987,21.3522634],[106.2659138,21.3522655]]}},{"type":"Feature","properties":{"id":99},"geometry":{"type":"LineString","coordinates":[[106.2770828,21.399517],[106.2771187,21.3997355],[106.2771472,21.3998761],[106.2771479,21.4000968],[106.2771334,21.4002629],[106.2771236,21.4003743],[106.277145,21.4005292],[106.2772107,21.4007152],[106.2773019,21.4008501],[106.2774937,21.4010536],[106.278352,21.4018228],[106.2791128,21.4026406],[106.2791803,21.4027217],[106.279618,21.4032474],[106.2803842,21.4041108],[106.2805112,21.40429],[106.2806186,21.4044836],[106.2807051,21.4046893],[106.280696,21.4048934],[106.2806828,21.4050242],[106.2806606,21.4051448],[106.2804685,21.4057696],[106.2801696,21.4066626],[106.2795529,21.4085052],[106.2794804,21.4087223]]}},{"type":"Feature","properties":{"id":100},"geometry":{"type":"LineString","coordinates":[[106.090353,21.2023678],[106.0911221,21.203917],[106.0918509,21.2053851],[106.0923902,21.2064854],[106.0929274,21.2075556],[106.0933292,21.2083644],[106.094233,21.2101903]]}},{"type":"Feature","properties":{"id":101},"geometry":{"type":"LineString","coordinates":[[105.9034896,21.3261734],[105.9039484,21.3263938],[105.9044457,21.3266326],[105.9050359,21.326916],[105.9054412,21.3271107],[105.9062719,21.3275005],[105.9063301,21.3275376],[105.9063886,21.3275917],[105.9064543,21.3276692],[105.9064946,21.3277266],[105.9065232,21.3277824],[105.9065607,21.3280773],[105.9065712,21.3281708],[105.9066354,21.3287435],[105.9066555,21.3288297],[105.906681,21.3288934],[105.9067145,21.3289409],[105.9074977,21.3297467],[105.9082997,21.3305724],[105.9083211,21.3305962],[105.9084626,21.3307537],[105.9084928,21.3307873],[105.9087932,21.3311795],[105.9091111,21.331663],[105.9091862,21.3317292],[105.9092814,21.3317867],[105.9093994,21.3318404],[105.909563,21.3318991],[105.9114405,21.3323588],[105.9117652,21.3324435],[105.9136686,21.3329593],[105.9149391,21.3332951],[105.9174586,21.3339611],[105.9179601,21.3340936],[105.9185325,21.3342464],[105.9188332,21.3343266],[105.9189506,21.3343579],[105.9201042,21.3346658],[105.9226651,21.3353492],[105.9232553,21.3355067],[105.9237519,21.3356392],[105.9249906,21.3359735],[105.9259459,21.3362313],[105.926877,21.336479],[105.9274158,21.3366223],[105.9276088,21.3366745],[105.9279696,21.336772],[105.9288333,21.3370055],[105.9295552,21.3372007],[105.930748,21.3375232],[105.9310388,21.3376018],[105.9317636,21.3377978],[105.9319796,21.3378715],[105.9321215,21.3379245],[105.9323853,21.3380229],[105.9328707,21.3382041],[105.9334047,21.3384035],[105.9335612,21.3384619],[105.9344787,21.3388044],[105.9348078,21.3389273],[105.9353382,21.3391253],[105.9355464,21.3392022],[105.9377864,21.3400292],[105.9380015,21.3401059],[105.9383956,21.3402521],[105.9393481,21.3406054],[105.9396144,21.3407041],[105.9397776,21.3407644],[105.9410361,21.341229],[105.9412149,21.341295],[105.9416302,21.3414541],[105.9419539,21.3415773],[105.9421745,21.3416612],[105.9429883,21.3419709],[105.944065,21.3423806],[105.944082,21.342387],[105.9445298,21.3425574],[105.9445837,21.3425779],[105.9459316,21.3430888],[105.9459908,21.3431113],[105.9466678,21.3433679],[105.947316,21.3436136],[105.9476517,21.3437408],[105.9476965,21.3437608]]}},{"type":"Feature","properties":{"id":102},"geometry":{"type":"LineString","coordinates":[[105.9478748,21.3438308],[105.9479157,21.3438473],[105.9486924,21.3441435],[105.9489655,21.3442476],[105.9504187,21.344803],[105.9504559,21.3448168],[105.9509878,21.3450203],[105.9513295,21.3451511],[105.9520428,21.3454302],[105.9527733,21.3457162],[105.95286,21.3457513],[105.9532741,21.3459193],[105.9540596,21.3462148],[105.9541308,21.3462416],[105.9549112,21.3465353],[105.9550969,21.3466051],[105.9551925,21.3466411],[105.9557487,21.3468504],[105.9559337,21.34692],[105.9565798,21.3471631],[105.956934,21.3472871]]}},{"type":"Feature","properties":{"id":103},"geometry":{"type":"LineString","coordinates":[[105.9476965,21.3437608],[105.9478748,21.3438308]]}},{"type":"Feature","properties":{"id":104},"geometry":{"type":"LineString","coordinates":[[105.9572616,21.3474207],[105.9578217,21.3476439],[105.958047,21.3477273],[105.9581536,21.3477672],[105.9589634,21.3480701],[105.9595451,21.3482938],[105.9603094,21.3485763],[105.9611466,21.3488847],[105.9614316,21.3489898],[105.9617977,21.3491249],[105.9619673,21.3491897],[105.9620716,21.3492296],[105.9627257,21.3494796],[105.9632111,21.3496579],[105.963756,21.3498581],[105.9641366,21.349998],[105.9642348,21.3500373],[105.9649703,21.350332],[105.9649909,21.3503402],[105.96638,21.350851],[105.9666716,21.3509582],[105.967385,21.3512296],[105.9678935,21.3514246],[105.9681338,21.3515146],[105.9685216,21.3516621],[105.9692033,21.3519215],[105.9692368,21.3519353]]}},{"type":"Feature","properties":{"id":105},"geometry":{"type":"LineString","coordinates":[[105.956934,21.3472871],[105.9570077,21.3473195]]}},{"type":"Feature","properties":{"id":106},"geometry":{"type":"LineString","coordinates":[[106.26831,21.1900428],[106.268501,21.189869],[106.2692193,21.1895288],[106.2696949,21.1893036],[106.2698528,21.1892288],[106.2710572,21.1886748],[106.2714622,21.1884885],[106.2724444,21.1880306],[106.2727067,21.1879083],[106.2731442,21.1877313],[106.2739247,21.1873892],[106.2742088,21.1872681],[106.2745305,21.1871498]]}},{"type":"Feature","properties":{"id":107},"geometry":{"type":"LineString","coordinates":[[106.3834037,21.2772639],[106.3831553,21.2772879],[106.3829439,21.2772556],[106.3803977,21.2768219],[106.3800434,21.2767615],[106.3795329,21.2766835],[106.3794028,21.2766636],[106.3787779,21.276568],[106.3784117,21.2765354],[106.3781047,21.2765081],[106.3778631,21.2764968],[106.377712,21.2764915],[106.3775358,21.2764853],[106.3772623,21.2764901],[106.3770372,21.2764981],[106.3764256,21.2765331],[106.3759929,21.2765737],[106.3757873,21.276593],[106.3749839,21.27673],[106.3743764,21.276858],[106.3740116,21.276963],[106.3733075,21.2771788],[106.373249,21.2771997],[106.3724399,21.2774878],[106.3722788,21.2775692],[106.3718364,21.2777927],[106.370435,21.2785806],[106.369763,21.2789225]]}},{"type":"Feature","properties":{"id":108},"geometry":{"type":"LineString","coordinates":[[106.3212769,21.2673728],[106.3214365,21.2659519],[106.3215854,21.2646257],[106.3217754,21.2630235],[106.3218371,21.2625033],[106.3219044,21.2619359],[106.3219217,21.2617597],[106.3220331,21.2607886],[106.3220861,21.2603267],[106.3221391,21.2598624],[106.3221914,21.2594262],[106.3222128,21.2591963],[106.322249,21.2587513],[106.3222785,21.2583276],[106.3223,21.2577064],[106.3223121,21.2572578],[106.3223013,21.2564066],[106.3222812,21.2560723],[106.3222235,21.255203],[106.3221538,21.2546018],[106.3220546,21.2539193],[106.3219272,21.2532194],[106.3218065,21.2526295],[106.3216723,21.2520782],[106.3215664,21.251702],[106.3211493,21.2501346],[106.3209683,21.2494972],[106.3208382,21.2490035],[106.3207604,21.2486547],[106.3207255,21.2483822],[106.320684,21.2480273],[106.3206719,21.2478048],[106.3206652,21.247426],[106.320725,21.2460186],[106.3207254,21.2459376],[106.3207773,21.2448498],[106.320791,21.2445624],[106.320821,21.2439352],[106.3209398,21.2409447],[106.3209712,21.2401552],[106.3209744,21.2400474],[106.3209739,21.2400001]]}},{"type":"Feature","properties":{"id":109},"geometry":{"type":"LineString","coordinates":[[106.7061493,21.509713],[106.7061916,21.5096888],[106.7063333,21.5096069],[106.7068429,21.509295],[106.7069583,21.5092201],[106.7070521,21.5091664],[106.7071541,21.5090966],[106.7073244,21.5089905],[106.7074116,21.5089231],[106.7075642,21.5088304],[106.7077589,21.5087173],[106.7078394,21.5086761],[106.707948,21.5086418],[106.708003,21.5086324],[106.7080546,21.5086305],[106.7081498,21.5086387],[106.7082269,21.5086761],[106.7082793,21.5087185],[106.7083195,21.5087597],[106.7083383,21.5088059],[106.7083544,21.5090236],[106.7083664,21.5090716],[106.7083906,21.5091165],[106.7084254,21.5091496],[106.7084751,21.5091833],[106.7085595,21.5092301],[106.7086373,21.5092563],[106.7088224,21.5092974],[106.7089324,21.5093336],[106.7090397,21.5093623],[106.7091302,21.5093929],[106.7092314,21.5094203],[106.7094205,21.5094434],[106.7094836,21.5094416],[106.7096069,21.5094434],[106.7097404,21.5094372],[106.7099436,21.509416],[106.7101045,21.5093823],[106.710244,21.5093324],[106.7104183,21.5092326],[106.7106007,21.509114],[106.7106812,21.5090803],[106.7107442,21.5090679],[106.7108123,21.5090585],[106.710889,21.5090566],[106.7109356,21.5090516],[106.7110218,21.5090329],[106.7111036,21.509013],[106.7112733,21.5089493],[106.7113564,21.5089281],[106.7114342,21.5089138],[106.7115026,21.5089119],[106.7115576,21.5089169],[106.7116199,21.508935],[106.7116957,21.5089631],[106.7117846,21.509006],[106.7121054,21.5091608],[106.7124119,21.5093336],[106.7125882,21.5094172],[106.7128377,21.5095039],[106.7131019,21.5096019],[106.7132346,21.5096842],[106.7133285,21.5097591],[106.7134961,21.5099101],[106.7135508,21.5099322],[106.7135977,21.5099456],[106.7136517,21.5099438],[106.7137077,21.5099282],[106.7138287,21.5098882],[106.7139159,21.5098414],[106.7140125,21.5097784],[106.7141399,21.5096761],[106.7142063,21.5096356],[106.7142391,21.5096187],[106.7143035,21.5096019],[106.7143491,21.5095957],[106.7144537,21.5095981],[106.7147514,21.5096131],[106.7149405,21.5096031],[106.7151155,21.5095999],[106.7152369,21.5096031],[106.715371,21.5096169],[106.7155687,21.5096628],[106.7157036,21.5096942],[106.7158256,21.5097154],[106.7159316,21.5097242],[106.7160006,21.5097234],[106.7161408,21.5097211],[106.7162407,21.5096947],[106.7162709,21.5096867],[106.7163291,21.5096642],[106.7163675,21.5096493],[106.7164318,21.5096119],[106.7165016,21.5095408],[106.7166719,21.5093935],[106.7167832,21.5093074],[106.7168583,21.5092868],[106.716916,21.5092875],[106.7170259,21.5093137],[106.7173726,21.5094166],[106.7175128,21.5094671],[106.7178166,21.5095532],[106.7178474,21.5095619],[106.7181471,21.5096468],[106.7183469,21.509668],[106.7184421,21.5096743],[106.7186634,21.509703],[106.7188364,21.5097404],[106.7191301,21.5098889],[106.7192723,21.5099525],[106.7194667,21.5100336],[106.7195728,21.5100877],[106.7198966,21.5102525],[106.7203157,21.5104553],[106.7206147,21.5105851],[106.7208441,21.5106899],[106.7209639,21.5107489],[106.7211822,21.5108565],[106.7217775,21.5111091],[106.7219035,21.5111852],[106.7219553,21.5112254],[106.7220417,21.5112925],[106.7223529,21.5115622],[106.7224145,21.5116768],[106.7224359,21.5117442],[106.7224494,21.5118203],[106.7224594,21.5119325],[106.7224529,21.512023],[106.7224333,21.5122932],[106.7224078,21.5127301],[106.7223773,21.513413],[106.7223515,21.5139439],[106.7223568,21.5140312],[106.7223689,21.5140898],[106.7224112,21.5141696],[106.7224413,21.5142133],[106.7224936,21.5142757],[106.7225794,21.514393],[106.722625,21.5144753],[106.722684,21.5146937],[106.7227579,21.5150128],[106.7227779,21.5150992],[106.7228262,21.5152539],[106.7228812,21.5153549],[106.7229469,21.5154448],[106.7231226,21.5156307],[106.7232567,21.5158565],[106.7234029,21.5161347],[106.7234632,21.5162196],[106.7235424,21.5163206],[106.7236389,21.5164334],[106.7237201,21.5165296],[106.7238904,21.5166937],[106.7239628,21.5167417],[106.7240326,21.5167692],[106.7242743,21.5168138],[106.7243135,21.516821],[106.7243886,21.5168459],[106.7245885,21.51697],[106.7247742,21.5171357],[106.7248059,21.5171632],[106.7250464,21.5173936],[106.7253911,21.5176849],[106.7256801,21.5178852],[106.7257512,21.5179276],[106.7258638,21.5179613],[106.7259457,21.5179795],[106.7260878,21.5180112],[106.7263399,21.5180623],[106.7263996,21.5180783],[106.7264847,21.518101],[106.7265558,21.518126],[106.7267396,21.5182258],[106.7268348,21.5182994],[106.7269496,21.5184097],[106.7270054,21.5184632],[106.7270447,21.5184996],[106.7272163,21.518693],[106.7273706,21.5187966],[106.7275596,21.5189101],[106.7276871,21.5189625],[106.7278789,21.5190261],[106.7279754,21.5190449],[106.728186,21.5190511],[106.7283777,21.5190661],[106.7285903,21.5190729],[106.7287023,21.5190885],[106.7287693,21.5191022],[106.728842,21.5191269],[106.7288981,21.5191958],[106.7289289,21.5192595],[106.7289611,21.5193468],[106.7290022,21.5199503],[106.7290161,21.5201552],[106.7290396,21.5203463],[106.7291006,21.5208427],[106.729104,21.5208941],[106.7291254,21.521225],[106.7291312,21.5212634],[106.7291481,21.5213274],[106.7291723,21.5213922],[106.7293815,21.521774],[106.7294939,21.5220312],[106.7295304,21.5221146]]}},{"type":"Feature","properties":{"id":110},"geometry":{"type":"LineString","coordinates":[[106.9053652,21.2575974],[106.9056757,21.2574779],[106.905869,21.2574216],[106.9062021,21.2573365],[106.9063564,21.2573077],[106.9064717,21.2572702],[106.9065455,21.2572303],[106.9066058,21.2571665],[106.9066608,21.2570778],[106.9066933,21.2570011],[106.9067328,21.2568334],[106.9067576,21.2566719],[106.906762,21.2566491],[106.9067922,21.2565103],[106.906856,21.2562013],[106.9068807,21.2558942],[106.906885,21.2555154],[106.9068968,21.2550767],[106.9069076,21.2549142],[106.9069666,21.2547943],[106.9070958,21.2546445],[106.9072321,21.2545043],[106.9073072,21.2544743],[106.907418,21.2544621],[106.9075701,21.2544543],[106.9076559,21.2544293],[106.9077444,21.2543843],[106.9078247,21.2542984],[106.9078758,21.2542018],[106.9079875,21.2536342],[106.9081447,21.2530747],[106.9081753,21.2530094],[106.908242,21.2529244],[106.9083908,21.2527507],[106.908474,21.2526345],[106.9085316,21.2525482],[106.9085639,21.2525197],[106.9086079,21.252519],[106.9090064,21.2525857],[106.90905,21.2525807],[106.9090869,21.252557],[106.9091298,21.2524932],[106.9091921,21.2523576],[106.9092183,21.2523164],[106.9092612,21.2522832],[106.9093745,21.2522076],[106.9095764,21.2521095],[106.9099677,21.251935],[106.910491,21.251637],[106.910807,21.2513835],[106.9112782,21.2511058],[106.9116014,21.2509096],[106.9119179,21.2507546],[106.9121982,21.2506846],[106.9125242,21.2506559],[106.9128111,21.2506496],[106.9129774,21.2506509],[106.9130954,21.2506221],[106.9132316,21.2505821],[106.9133288,21.2505334],[106.9134146,21.2504571],[106.9135131,21.2503124],[106.9135903,21.2501396],[106.9136694,21.2498609],[106.9137595,21.2493184],[106.9138116,21.2489147],[106.9139744,21.2481975],[106.9140945,21.247616],[106.9141317,21.2475248],[106.9141892,21.247453],[106.914289,21.2473748],[106.9144687,21.247286],[106.914519,21.2472635],[106.9145773,21.2472373],[106.9145922,21.2472287],[106.9146229,21.247211],[106.9146766,21.2471698],[106.9147014,21.2471398],[106.9147195,21.2471048],[106.9147483,21.2470186],[106.9147664,21.2469642],[106.9147856,21.2469197],[106.9148,21.2468979],[106.9148247,21.2468774],[106.9148677,21.2468579],[106.9150709,21.2468048],[106.9151795,21.2467761],[106.9152895,21.2467398],[106.9153874,21.2467073],[106.9154209,21.2466954],[106.9154602,21.2466704],[106.9154886,21.2466461],[106.9155209,21.2466139],[106.9155691,21.2465579],[106.9156261,21.2464835],[106.9157441,21.2462992],[106.9158491,21.2461047],[106.9159024,21.2460061],[106.9159533,21.2459311],[106.9159993,21.2458721],[106.9160948,21.2457924],[106.9161901,21.2457167],[106.9162034,21.2457061],[106.9163027,21.245628],[106.9164148,21.2455317],[106.9166359,21.2453367],[106.9168736,21.2451283],[106.917134,21.2449015],[106.917165,21.2448686],[106.9172059,21.2448349],[106.9172444,21.2448117],[106.9173109,21.2447777],[106.9174263,21.2447511],[106.9176082,21.2447261],[106.9178243,21.2447055],[106.9179596,21.2446916],[106.9180192,21.2446855],[106.9180655,21.2446799],[106.9180962,21.244677],[106.9181319,21.244668],[106.9182171,21.2446436],[106.918315,21.2446086],[106.9183767,21.2445805],[106.9184353,21.2445537],[106.9185329,21.2444986],[106.9185765,21.2444736],[106.9186268,21.2444493],[106.9186825,21.2444224],[106.9186987,21.2444177],[106.9187361,21.2444067],[106.9187971,21.2443986],[106.9188653,21.2443891],[106.9188735,21.244388],[106.9189627,21.2443868],[106.9190332,21.2443849],[106.9190969,21.2443824],[106.9191461,21.24437],[106.9192015,21.2443493],[106.9192537,21.2443242],[106.9193953,21.2442689],[106.9194764,21.2442299],[106.919553,21.2441787],[106.9195944,21.2441449],[106.9196474,21.2440906],[106.9197406,21.2439805],[106.9198056,21.2438924],[106.9198511,21.2438142],[106.9199076,21.2437261],[106.9199679,21.2436455],[106.9200349,21.2435606],[106.9201201,21.2435036],[106.9202033,21.2434537],[106.9202475,21.2434324],[106.9203065,21.2434149],[106.9203682,21.2434105],[106.9204085,21.2434086],[106.9204587,21.2434062],[106.9205406,21.2434005],[106.920613,21.2433981],[106.9206874,21.2433918],[106.9207464,21.2433699],[106.9208188,21.2433387],[106.9210602,21.2432205],[106.9213237,21.2431033],[106.921594,21.2429871],[106.9218636,21.2428802],[106.9218905,21.2428715],[106.9219977,21.2428424],[106.9220687,21.2428224],[106.9221331,21.2428074],[106.9222927,21.2428012],[106.9223057,21.242801],[106.9223752,21.2427998],[106.922456,21.2427984],[106.9225126,21.2427956],[106.9225548,21.2427912],[106.9225784,21.2427887],[106.9226273,21.2427749],[106.922683,21.2427549],[106.9228403,21.2426909],[106.9228533,21.2426856],[106.9229473,21.2426457],[106.9230343,21.2426087],[106.9230994,21.2425806],[106.9231939,21.2425399],[106.9233602,21.2424558],[106.9234179,21.2424231],[106.9234897,21.2423896],[106.9235517,21.2423702],[106.9236137,21.2423537],[106.9236643,21.242344],[106.9237229,21.2423328],[106.9237793,21.2423287],[106.923847,21.2423246],[106.9242283,21.2423246],[106.9242557,21.2423246],[106.924426,21.2423246],[106.9250184,21.2423151],[106.9251171,21.2423012],[106.9252646,21.2422499],[106.925367,21.2421888],[106.925793,21.2419224],[106.9262023,21.2416474],[106.9262986,21.2415993],[106.9263817,21.2415643],[106.9264347,21.2415481],[106.926489,21.2415381],[106.9265842,21.2415387],[106.9266479,21.2415462],[106.9267127,21.2415603],[106.9270711,21.2417224],[106.927287,21.2418124],[106.9274694,21.2418712],[106.9276357,21.2418937],[106.9277751,21.2418774],[106.9281205,21.2417864],[106.9282284,21.2417774],[106.9283371,21.2417849],[106.9286254,21.2418762],[106.9290827,21.2420762],[106.9294009,21.2422584],[106.9294783,21.2423274],[106.9299062,21.2428849],[106.9300041,21.2430424],[106.9301596,21.2432487],[106.930341,21.2435121],[106.9303916,21.2435674],[106.931213,21.2441873],[106.9315276,21.2443686],[106.9316804,21.2444511],[106.9317448,21.2444824],[106.9318628,21.2445336],[106.9320358,21.2445911],[106.9321927,21.2446224],[106.9323622,21.2446203],[106.9325347,21.2445836],[106.9327922,21.2444899],[106.9330476,21.2443622],[106.9332401,21.2442137],[106.933381,21.2440712],[106.9335258,21.2438962],[106.9335988,21.2438166],[106.9336827,21.2437187],[106.9337538,21.2436599],[106.9338463,21.2436074],[106.9340341,21.2435262],[106.9344096,21.243433],[106.935755,21.2431474],[106.9360109,21.2431074],[106.9361329,21.2430999],[106.9362174,21.2431149],[106.9363005,21.2431587],[106.93644,21.2432712],[106.9366108,21.2433612],[106.936833,21.2434637],[106.937073,21.2435387],[106.9372591,21.2435753],[106.9373909,21.2435887],[106.9374847,21.2436074],[106.93758,21.2436474],[106.9376443,21.2436987],[106.9378361,21.2439549],[106.937934,21.2441055],[106.9380198,21.2442549],[106.9380976,21.2444499],[106.9381365,21.2445724],[106.9381995,21.2446749],[106.9382952,21.2447778],[106.9387159,21.2450886],[106.9391432,21.2454124],[106.9395594,21.2457149],[106.9396801,21.2458061],[106.9398196,21.2458699],[106.9399678,21.2459148],[106.9401039,21.2459361],[106.9402206,21.2459273],[106.9403173,21.2458865],[106.9406711,21.245669],[106.9409421,21.2455024],[106.9415793,21.2451244],[106.9421116,21.2448686],[106.9422752,21.2448161],[106.942479,21.2447224],[106.9427473,21.2445534],[106.9430084,21.2444281],[106.9439273,21.2439871],[106.9444891,21.2437245],[106.9449966,21.2434881],[106.945184,21.2434362],[106.9465432,21.2431951],[106.9468229,21.2431474],[106.9470374,21.2431174],[106.9471838,21.2431267],[106.947311,21.2431487],[106.9474022,21.2431849],[106.9474733,21.2432362],[106.9476503,21.2434274],[106.947706,21.2434624],[106.9477574,21.2434737],[106.9478394,21.2434812],[106.9480899,21.2434038],[106.9482538,21.2433574],[106.9483705,21.2433424],[106.9484791,21.2433437],[106.9485676,21.2433863],[106.9486374,21.2434562],[106.9486736,21.2435374],[106.9487339,21.2438412],[106.9487688,21.2439512],[106.9488399,21.244055],[106.9491255,21.2443999],[106.9491778,21.2444586],[106.9492583,21.2445161],[106.9493093,21.2445686],[106.9493965,21.24479],[106.9494487,21.2449449],[106.9494702,21.2450636],[106.9494662,21.2451549],[106.9494206,21.2453275],[106.9494206,21.2454025],[106.9494568,21.2454749],[106.9495332,21.2455386],[106.9496405,21.2455761],[106.9498041,21.2456174],[106.9499463,21.2456661],[106.9501139,21.2457499],[106.950236,21.2458424],[106.9503553,21.2459623],[106.9504733,21.2460623],[106.9508314,21.2462661],[106.950983,21.2463673],[106.951101,21.2464849],[106.9511868,21.2465736],[106.9513048,21.2466623],[106.9515958,21.2468111],[106.9516616,21.2468286],[106.9518078,21.2468137],[106.9521726,21.2465299],[106.9522932,21.2464723],[106.9523978,21.2464473],[106.9524495,21.2464473],[106.9525078,21.2464536],[106.9527398,21.2465286],[106.9529209,21.2465986],[106.9530067,21.2466211],[106.9531395,21.2466311],[106.9532588,21.2466199],[106.9535592,21.2465048],[106.9536625,21.2464261],[106.9537416,21.2463173],[106.9538623,21.2460161],[106.9539146,21.2458374],[106.9539696,21.2456924],[106.9540381,21.2455675],[106.9541292,21.2454424],[106.9542432,21.2453086],[106.9543599,21.2452224],[106.9546147,21.2450737],[106.9546683,21.2450349],[106.9547032,21.2449824],[106.9547555,21.2448611],[106.9548118,21.2447512],[106.9548681,21.2447024],[106.9549593,21.2446686],[106.9550364,21.2446636],[106.9551149,21.2446711],[106.9554166,21.2447274],[106.9555923,21.2447349],[106.9557117,21.2447125],[106.955874,21.2446399],[106.9560215,21.2445574],[106.9561207,21.2444693],[106.9562563,21.24432],[106.9563273,21.2442649],[106.9563782,21.2442549],[106.9564319,21.2442549],[106.9565257,21.2442899],[106.9568544,21.2444613],[106.9569804,21.2445061],[106.9571212,21.2445518],[106.9572929,21.2446499],[106.9573693,21.2447199],[106.9574256,21.2447974],[106.9574578,21.2449024],[106.9574672,21.2450924],[106.9574955,21.2452125],[106.9575531,21.2452975],[106.9576576,21.2453736],[106.9577743,21.2454011],[106.9580935,21.2454074],[106.9585481,21.2453924],[106.9587412,21.2453986],[106.9588713,21.2454261],[106.9592513,21.2455757],[106.9596305,21.245725],[106.9599201,21.2458649],[106.9600783,21.2459873],[106.9604605,21.2463411],[106.9605222,21.2464036],[106.9605812,21.2464773],[106.9606161,21.2465573],[106.9609138,21.247526],[106.9610828,21.2480348],[106.961579,21.2494647],[106.9616809,21.2496422],[106.9617587,21.2497259],[106.9619022,21.2499097],[106.961976,21.2500434],[106.9621772,21.2506134],[106.9622403,21.2508597],[106.9623046,21.2510283],[106.9623689,21.2511383],[106.9623837,21.2512046],[106.962385,21.2513158],[106.9623421,21.251452],[106.9622992,21.2515395],[106.9621329,21.2517508],[106.9620967,21.2518358],[106.9620873,21.2519208],[106.9621114,21.2520557],[106.9621512,21.252148],[106.9622335,21.2523132],[106.9623627,21.2525428],[106.9625567,21.2528182],[106.9627533,21.2530509],[106.9628692,21.2531544],[106.9631964,21.2533781],[106.9632527,21.2534344],[106.9633131,21.2535094],[106.9633721,21.2536158],[106.963588,21.2540956],[106.9636913,21.2543356],[106.963753,21.2544505],[106.9638194,21.2545289],[106.9639236,21.2546006],[106.9640265,21.2546393],[106.9642612,21.254673],[106.9646636,21.254693],[106.965126,21.2547215],[106.9652322,21.2547405],[106.9653113,21.254773],[106.9653881,21.2548337],[106.9657378,21.2551742],[106.9661777,21.2556242],[106.9666645,21.2561754],[106.9668818,21.2564203],[106.9669539,21.2564766],[106.9670346,21.2565203],[106.9671117,21.2565344],[106.9672892,21.2565216],[106.9676647,21.2564866],[106.9681907,21.2565341],[106.9686732,21.2565566],[106.968994,21.2565816],[106.9691019,21.2566043],[106.9692099,21.2566341],[106.9700568,21.257038],[106.9702372,21.257139],[106.9704161,21.2572793],[106.9705819,21.2575277],[106.9706956,21.2577465]]}},{"type":"Feature","properties":{"id":111},"geometry":{"type":"LineString","coordinates":[[106.7593351,21.21393],[106.7590588,21.2138875],[106.7587973,21.2138788],[106.7585532,21.213885],[106.7583856,21.2139113],[106.7582032,21.2139425],[106.7578585,21.2140651],[106.7574307,21.2142376],[106.7569895,21.2144426],[106.756585,21.2146415],[106.7565268,21.2146702],[106.7562599,21.2148152],[106.7560413,21.214964]]}},{"type":"Feature","properties":{"id":112},"geometry":{"type":"LineString","coordinates":[[106.7644858,21.2151312],[106.7649201,21.2150761],[106.7650256,21.2150627],[106.7650567,21.2150588],[106.7653301,21.2150178],[106.7654989,21.2149924],[106.765658,21.2149656],[106.766035,21.214902],[106.7660739,21.2148955],[106.7662922,21.2148372],[106.7663933,21.2148102],[106.7667526,21.2147032]]}},{"type":"Feature","properties":{"id":113},"geometry":{"type":"LineString","coordinates":[[106.7684305,21.2740486],[106.7684751,21.2741639],[106.7685434,21.2743403],[106.7685887,21.2744573],[106.768624,21.27455],[106.7686738,21.2746811],[106.7687403,21.274856],[106.7688003,21.2749673],[106.7689227,21.2751947],[106.7690878,21.2754665],[106.7691185,21.275517],[106.7693813,21.275897],[106.7696495,21.2762862],[106.7697635,21.2764406],[106.7700892,21.2768695],[106.7703536,21.2772179],[106.7705883,21.2775216],[106.7706701,21.2776115],[106.7707331,21.2776653],[106.7708042,21.2777003],[106.7709424,21.277749],[106.7710711,21.277789],[106.7711636,21.2778277],[106.7712294,21.2778777],[106.7712897,21.277949],[106.7713246,21.2780439],[106.7713608,21.2783026],[106.7713635,21.2784776],[106.7713326,21.2787125],[106.7712924,21.278925],[106.7712937,21.2790087],[106.7713031,21.2790699],[106.7713353,21.2791336],[106.7714587,21.2793398],[106.7715086,21.2794431],[106.7715324,21.2794886],[106.7715781,21.279606],[106.7716092,21.2796854],[106.7716183,21.2797184],[106.7716317,21.2797635],[106.7716344,21.2798297],[106.7716317,21.2799184],[106.7716223,21.2800047],[106.7716186,21.2800307],[106.7716102,21.2800896],[106.7715861,21.2802346],[106.7715807,21.2803158],[106.771582,21.2803453],[106.7715834,21.2803765],[106.7715874,21.2804695],[106.7716089,21.2805633],[106.7716212,21.2805976],[106.7716639,21.280717],[106.7717296,21.2808757],[106.7717873,21.2810406],[106.7718294,21.281133],[106.7718489,21.2811756],[106.7718838,21.2813006],[106.7718821,21.2813674],[106.7718811,21.2813993],[106.7718624,21.281483],[106.7718529,21.281528],[106.7718275,21.281648],[106.7718117,21.2817641],[106.7718047,21.2818154],[106.7718031,21.2819003],[106.7718018,21.2819741],[106.7718007,21.2820329],[106.7718168,21.2822303],[106.7718267,21.2822783],[106.7718382,21.282334],[106.7718717,21.2824652],[106.7719246,21.2826098],[106.7719348,21.2826377],[106.7720877,21.2829826],[106.7720951,21.2829963],[106.7721638,21.2831245],[106.7722781,21.2833375],[106.7723331,21.2834237],[106.7725034,21.2836162],[106.7726684,21.2837799],[106.7727067,21.2838086],[106.7730318,21.2840298],[106.7731149,21.2840985],[106.773174,21.2841547],[106.7732048,21.2842047],[106.7732155,21.2842427],[106.7732196,21.2842572],[106.7732209,21.2843022],[106.7732196,21.2843559],[106.7731954,21.2844509],[106.7731498,21.2845771],[106.7731056,21.2847608],[106.7730963,21.2848144],[106.7730921,21.2848383],[106.7730895,21.284937],[106.7731002,21.2849982],[106.773128,21.2850472],[106.7731518,21.285075],[106.773178,21.2851057],[106.7732504,21.2851519],[106.7735133,21.2852494],[106.7738888,21.2853394],[106.7740913,21.2854131],[106.7742777,21.2854981],[106.7745164,21.2856518],[106.7745374,21.2856761],[106.774619,21.2857593],[106.7749201,21.2860529],[106.7751668,21.2862694],[106.7751963,21.2862953],[106.7754377,21.2864715],[106.775542,21.2865427],[106.7756081,21.2865878],[106.775773,21.2867052],[106.7758776,21.2867852],[106.7759339,21.2868389],[106.7759809,21.2868964],[106.7759925,21.2869201],[106.7760158,21.2869676],[106.776052,21.2870589],[106.7761137,21.2872288],[106.7761968,21.2874162],[106.7762236,21.2874562],[106.776288,21.2875362],[106.7763537,21.2875962],[106.7764369,21.2876562],[106.776862,21.2879361],[106.7769182,21.2879744],[106.7770887,21.2880748],[106.7772871,21.2882335],[106.7774464,21.2883461],[106.777539,21.2884059],[106.7778195,21.2885871],[106.7779302,21.288665],[106.7781213,21.2887958],[106.7782205,21.288857],[106.7783344,21.2889402],[106.7783433,21.2889463],[106.7783681,21.2889632],[106.7788991,21.2893307],[106.7791191,21.2895118],[106.7791633,21.2895505],[106.7792787,21.289698],[106.7793524,21.2898392],[106.7793699,21.2899542],[106.7794369,21.2901791],[106.7794731,21.290304],[106.7796067,21.2907073],[106.779618,21.2907414],[106.7797655,21.2911338],[106.7798017,21.29125],[106.7798138,21.2913374],[106.7798124,21.2913924],[106.7798106,21.291409],[106.779803,21.2914799],[106.7797722,21.2915549],[106.7797172,21.2916861],[106.779681,21.2917486],[106.7796502,21.291806],[106.7796287,21.2918885],[106.779618,21.2919685],[106.7796367,21.2920884],[106.7797011,21.2922684],[106.7797507,21.2923683],[106.7798017,21.2924508],[106.779858,21.2925145],[106.7799358,21.2925795],[106.7799948,21.2926282],[106.780078,21.2926882],[106.7801692,21.2927357],[106.7802697,21.2927882],[106.7805246,21.2929331],[106.7806198,21.2930156],[106.7806841,21.2930931],[106.7807499,21.2932093],[106.7807887,21.2933092],[106.7808196,21.2934342],[106.7809349,21.2939053],[106.7810234,21.2942077],[106.7810959,21.2944001],[106.781124,21.2944751],[106.781171,21.2945563],[106.7812179,21.2946263],[106.7812394,21.2946476],[106.7812575,21.2946656],[106.7813225,21.2947037],[106.7813922,21.2947325],[106.7814834,21.2947562],[106.7816833,21.2947925],[106.7819058,21.2948411],[106.7819291,21.2948475],[106.7826636,21.2950486],[106.7827642,21.2950774],[106.7828513,21.2951073],[106.782909,21.2951336],[106.7829734,21.2951686],[106.7831773,21.2952898],[106.7834039,21.2954247],[106.7836005,21.2955416],[106.7837002,21.2956034],[106.7838639,21.2957059],[106.7840061,21.2958096],[106.784067,21.2958584],[106.7841086,21.2959045],[106.7841442,21.2959583],[106.7841764,21.2960283],[106.7841984,21.2960854],[106.7842622,21.2962332],[106.7843011,21.2963319],[106.7843364,21.2964239],[106.7843574,21.296473],[106.7843936,21.2965431],[106.7844245,21.296603],[106.7844567,21.2966405],[106.7845157,21.2966892],[106.7846042,21.2967404],[106.7847262,21.296788],[106.7848791,21.2968429],[106.7850119,21.2968992],[106.7850742,21.296936],[106.7851286,21.2969791],[106.7852037,21.2970491],[106.7852305,21.2970816],[106.7852613,21.2971278],[106.7852883,21.2971931],[106.7853016,21.2972453],[106.7853244,21.297354],[106.7853337,21.2974368],[106.7853351,21.2975414],[106.785327,21.2978263],[106.7853069,21.29801],[106.7852895,21.2981199],[106.7852774,21.2982287],[106.7852753,21.2982724],[106.7852788,21.2983236],[106.7852949,21.2983873],[106.785315,21.2984498],[106.7853392,21.298516],[106.7853699,21.2985773],[106.7853945,21.2986198],[106.7854464,21.2986959],[106.7855,21.2987616],[106.7855617,21.2988371],[106.7857012,21.2990046],[106.7857647,21.2990852],[106.7859198,21.299282],[106.7861518,21.2996031],[106.7861887,21.2996631],[106.7862209,21.2997243],[106.7862343,21.2997649],[106.7862476,21.2998092],[106.7862504,21.2998517],[106.7862578,21.2999142],[106.7862658,21.299988],[106.7862712,21.3000429],[106.7862779,21.3000967],[106.786284,21.300151],[106.7862947,21.3002147],[106.7863074,21.3002835],[106.7863175,21.3003241],[106.7863342,21.3003628],[106.7863563,21.3003959],[106.786401,21.3004548],[106.7866272,21.3007439],[106.7868378,21.3010501],[106.7868525,21.3010687],[106.7868713,21.3010925],[106.7869062,21.3011294],[106.7869444,21.301165],[106.786984,21.3012018],[106.7870302,21.3012374],[106.7870792,21.3012668],[106.7871281,21.3012974],[106.7871832,21.3013287],[106.7872385,21.3013596],[106.7874219,21.3014605],[106.7876357,21.3015723],[106.7878081,21.3016685],[106.787857,21.3016973],[106.7879824,21.301781],[106.7881065,21.3018734],[106.7882298,21.3019677],[106.7883187,21.3020349],[106.7883841,21.3020915],[106.7884435,21.3021493],[106.7885028,21.3022108],[106.7885678,21.3022864],[106.7886577,21.3023963],[106.788718,21.3024838],[106.7887649,21.3025641],[106.7887984,21.3026375],[106.7888283,21.3027113],[106.7888332,21.3027267],[106.7888448,21.3027637],[106.7888547,21.3028229],[106.7888548,21.3028868],[106.7888528,21.3029155],[106.7888479,21.3029333],[106.7888354,21.3029761],[106.7888158,21.3030189],[106.7887851,21.3030679],[106.78864,21.3032611],[106.7884089,21.303569],[106.78836,21.3036664],[106.7883327,21.3037282],[106.7883023,21.3038276],[106.7882909,21.3039026],[106.7882848,21.3040063],[106.7882855,21.3041006],[106.7882938,21.3042194],[106.7883104,21.3043586],[106.7883298,21.3044636],[106.7883724,21.3046522],[106.7884133,21.3048215],[106.7884625,21.3050083],[106.7885417,21.3052957],[106.7885772,21.3054257],[106.788592,21.3055037],[106.7886101,21.3056306],[106.7886302,21.3056912],[106.7886811,21.3057924],[106.7887422,21.3058705],[106.7888287,21.3059542],[106.7891002,21.306116],[106.7893195,21.3062478],[106.7894637,21.3063315],[106.7895663,21.3064102],[106.7896266,21.3064727],[106.7896957,21.3065645],[106.7897668,21.3067351],[106.7898318,21.306895],[106.7899834,21.3071792],[106.7900739,21.3072942],[106.790318,21.3075603],[106.7903763,21.3076278],[106.7904353,21.3077196],[106.7904836,21.307809],[106.7905506,21.3079645],[106.7906371,21.3081838],[106.7906807,21.3082931],[106.7907351,21.3083831],[106.790792,21.3084374],[106.790902,21.3085086],[106.7910636,21.3085874],[106.7912212,21.3086661],[106.7912862,21.3087135],[106.7913312,21.308761],[106.7913681,21.308816],[106.7914244,21.3089547],[106.7915236,21.309114],[106.7916316,21.3092495],[106.7917503,21.3093639],[106.7919199,21.30952],[106.7922348,21.3098064],[106.7922539,21.3098237],[106.7923303,21.3098989],[106.7923762,21.3099573],[106.7924041,21.3100036],[106.7924315,21.3100704],[106.7924463,21.3101316],[106.792455,21.3102185],[106.7924529,21.3102647],[106.7924452,21.3104298],[106.7923801,21.3109952],[106.7922712,21.3117961],[106.7922109,21.31224],[106.7921811,21.3125374],[106.7921752,21.3127006],[106.7921637,21.3128487],[106.7922083,21.3130292],[106.7923092,21.3134379],[106.7923177,21.3134708],[106.7925096,21.3142155]]}},{"type":"Feature","properties":{"id":114},"geometry":{"type":"LineString","coordinates":[[106.2658418,21.2706261],[106.2659788,21.2705141],[106.2660618,21.2704462],[106.2675251,21.2692499],[106.2681849,21.2687104],[106.2685777,21.2683893],[106.2690519,21.2680016],[106.2691338,21.2679366],[106.2693869,21.2677177],[106.2696415,21.2674975],[106.2706436,21.266638],[106.2708767,21.2663836],[106.2709698,21.2662223],[106.2710467,21.2660891],[106.2712616,21.2653579],[106.2715327,21.2645984],[106.2717526,21.2640821],[106.2717739,21.2640356],[106.2719965,21.2637357],[106.2723881,21.2632145],[106.2726152,21.2629119],[106.2727779,21.2626888],[106.2733521,21.2620583]]}},{"type":"Feature","properties":{"id":115},"geometry":{"type":"LineString","coordinates":[[106.2733521,21.2620583],[106.2737909,21.2614769],[106.2747215,21.2602461],[106.2751166,21.2597235],[106.2752308,21.2595692],[106.2759227,21.2586456],[106.2759321,21.2586331],[106.2764999,21.2578641],[106.2765532,21.2577919],[106.2771802,21.2569662],[106.2780195,21.2558275],[106.2784177,21.2551567],[106.2788842,21.2545308],[106.2801214,21.2528739],[106.280824,21.2519447],[106.2810919,21.251587],[106.2812296,21.2514143],[106.2815472,21.2509777],[106.2820316,21.2503118],[106.2824811,21.2496938],[106.2831834,21.24876],[106.2842216,21.2473795],[106.2846879,21.2467443],[106.2854063,21.2457658],[106.2858479,21.2451644],[106.285924,21.2450608],[106.2870242,21.243562],[106.2878538,21.2424221],[106.2883292,21.2418279],[106.2885164,21.2415721],[106.2886466,21.2413942],[106.288769,21.241227],[106.290378,21.2390289],[106.2906499,21.2386574],[106.2906739,21.2386245],[106.290721,21.2385599],[106.2911201,21.2378646],[106.2912548,21.2376299],[106.2913543,21.2374672],[106.2915605,21.2371299],[106.2916785,21.2369249],[106.2917161,21.2368737],[106.291822,21.2367535],[106.2922364,21.2364686],[106.2927092,21.2361433],[106.2929204,21.2360036],[106.2933093,21.2357474],[106.2934501,21.2356549],[106.293544,21.2355899],[106.2936473,21.2355399],[106.2937653,21.2355086],[106.2939866,21.2354576],[106.2940504,21.2354464],[106.2944936,21.2353684],[106.2951359,21.2352574],[106.2954068,21.2351999],[106.2956603,21.2351298],[106.2957628,21.2350896],[106.2958306,21.2350473],[106.295903,21.2349873],[106.2962305,21.2346662],[106.2970292,21.2338831],[106.2973058,21.233611],[106.2975499,21.2333673],[106.297688,21.2332372],[106.2977491,21.2331948],[106.2978423,21.2331479],[106.2979368,21.2331104],[106.2980877,21.2330729],[106.2982895,21.2330323],[106.2984364,21.2329941],[106.2985457,21.2329472],[106.2986536,21.2328947],[106.2989184,21.2327346],[106.2989534,21.2327135],[106.2992853,21.2325141],[106.2994463,21.2324326],[106.299636,21.2323366],[106.299815,21.2322422],[106.3001094,21.2320697],[106.3006377,21.2317452],[106.3006539,21.2317353],[106.3016933,21.2310851],[106.3020926,21.230848],[106.3026132,21.2305264],[106.3029235,21.2303579],[106.3037968,21.2300308],[106.3040449,21.229945],[106.3041508,21.2299083],[106.3044204,21.2297921],[106.3047451,21.2296423],[106.3086462,21.2276031],[106.3090861,21.2273806],[106.3095474,21.2272193],[106.3102569,21.2269818],[106.3109884,21.226739],[106.31159,21.2265394],[106.3136565,21.2258704],[106.3147335,21.2255004],[106.3148429,21.2254652],[106.3159298,21.2251154],[106.3165214,21.224925],[106.3166158,21.2248946],[106.3174717,21.2246192],[106.3178127,21.2245094],[106.3179409,21.2244678],[106.320334,21.2236921]]}},{"type":"Feature","properties":{"id":116},"geometry":{"type":"LineString","coordinates":[[106.2410317,21.5284161],[106.2409842,21.5283966],[106.2409647,21.5283886],[106.2409057,21.5283587],[106.2408685,21.5283288],[106.2406535,21.5281401],[106.2405074,21.5280119],[106.2404717,21.5279911],[106.2404323,21.5279682],[106.2403816,21.5279446],[106.2402995,21.5279208],[106.2402271,21.5279033],[106.2401198,21.5278871],[106.2399803,21.5278659],[106.2398851,21.5278484],[106.239691,21.5278081],[106.239512,21.5277709],[106.2393446,21.5277361],[106.2392909,21.5277252],[106.2392669,21.5277203],[106.2392025,21.5277012],[106.2390671,21.5276545],[106.2384596,21.5274446],[106.2383207,21.5273961],[106.2381725,21.5273469],[106.2380843,21.5273143],[106.2380009,21.5272811],[106.2376639,21.5271373],[106.237441,21.5270476],[106.2368413,21.5267976],[106.2367381,21.5267546],[106.2365568,21.526679],[106.236245,21.5265489],[106.2359673,21.5264319],[106.2355586,21.5262597],[106.2352496,21.5261294],[106.2350238,21.5260356],[106.2349188,21.5259921],[106.2345346,21.5258325],[106.2344436,21.5257947],[106.2327894,21.5251079],[106.231007,21.5243577],[106.2290221,21.5235593],[106.2278477,21.5230854],[106.223749,21.5213645],[106.2234674,21.5212462],[106.2231609,21.5211175],[106.2228923,21.5210048],[106.2228614,21.5209918],[106.2220617,21.5206577],[106.2220165,21.5206388],[106.2220003,21.520632],[106.2219008,21.5205904],[106.2213284,21.5203513],[106.2212723,21.5203278],[106.2210158,21.5202207],[106.2209976,21.5202098],[106.2209259,21.5201671],[106.2208642,21.5201234],[106.2208162,21.5200774],[106.2207498,21.5199952],[106.2205388,21.5197338],[106.2200964,21.5191857],[106.220085,21.5191715],[106.2200712,21.5191431],[106.2200595,21.5191191],[106.220057,21.5190608],[106.2200649,21.5189968],[106.2200716,21.5189556],[106.2200877,21.5188845],[106.2201042,21.5188136],[106.2201334,21.5187002],[106.2201509,21.5186325],[106.2202044,21.5184254],[106.2202072,21.5183821],[106.2202044,21.5183368],[106.2202002,21.5182981],[106.2201835,21.5181456],[106.2201694,21.5180158],[106.2201641,21.5179675],[106.2201629,21.5179142],[106.2201695,21.5178577],[106.2202486,21.5174722],[106.220262,21.5173961],[106.2202674,21.5173412],[106.2202664,21.5172503],[106.2202581,21.5171507],[106.2202379,21.5170567],[106.2201977,21.5169519],[106.2201345,21.5168453],[106.2200421,21.5167423],[106.2199348,21.5166425],[106.2197697,21.5164386],[106.2196532,21.5162533],[106.2195271,21.5160262],[106.2192655,21.5155778],[106.2188458,21.5148833],[106.2188041,21.5147843],[106.218772,21.5146819],[106.2187572,21.5146033],[106.2187076,21.5130824],[106.2186983,21.5129382],[106.2186782,21.5127922],[106.2186313,21.5126263],[106.2185587,21.5124686],[106.2184931,21.512378],[106.2184167,21.5122769],[106.2183563,21.5122245],[106.2182558,21.5121472],[106.218178,21.5120973],[106.2181056,21.5120561],[106.2180197,21.5120187],[106.2179525,21.5119932],[106.2173685,21.5117754],[106.2173101,21.5117536],[106.2172633,21.5117255],[106.2172337,21.5116875],[106.2172177,21.5116506],[106.2172043,21.5115945],[106.2171993,21.511568],[106.2171688,21.511409],[106.217152,21.5113212],[106.217141,21.5112694],[106.2171319,21.5112264],[106.2171143,21.5111585],[106.2170496,21.5109837],[106.2170286,21.5109269],[106.2168813,21.5105501],[106.2168713,21.5105245],[106.2166091,21.5098538],[106.2165365,21.509668],[106.2165281,21.5096388],[106.2165016,21.5095457],[106.2164818,21.5094711],[106.2164706,21.5094205],[106.2163805,21.5090245],[106.2162655,21.5085076],[106.2162146,21.5083031],[106.2161707,21.5080943],[106.2161355,21.5079574],[106.2160751,21.5076667],[106.216,21.5072999],[106.215941,21.5070378],[106.2158753,21.5067471],[106.2158675,21.506704],[106.2158203,21.5064439],[106.2157479,21.506102],[106.2157061,21.5058847],[106.2156795,21.5057364],[106.2156554,21.5055717],[106.2156433,21.5054008],[106.2156433,21.5052349],[106.2156473,21.5050976],[106.2156692,21.5049721],[106.2156956,21.504868],[106.2157264,21.504762],[106.2157812,21.5046494],[106.2158418,21.5045349],[106.2159061,21.5044176],[106.215992,21.5042903],[106.2161019,21.5041556],[106.21622,21.5040058],[106.2163552,21.5038384],[106.2164667,21.5036989],[106.2166169,21.5035042],[106.2167993,21.5032846],[106.2168798,21.5032023],[106.2169737,21.5031224],[106.2170875,21.5030548],[106.2172365,21.5029677],[106.2174511,21.5028604],[106.217612,21.5027855],[106.2177917,21.5026982],[106.2179285,21.5026383],[106.2180948,21.5025584],[106.2182128,21.502496],[106.2183443,21.5024174],[106.2184516,21.5023438],[106.2185723,21.502249],[106.2186538,21.5021763],[106.2187278,21.5020868],[106.2187976,21.501982],[106.2188577,21.5018544],[106.2188861,21.5017624],[106.2189022,21.5016476],[106.2189183,21.5015128],[106.2189183,21.5013531],[106.2189102,21.5011809],[106.2188968,21.5010312],[106.218878,21.5008165],[106.2188458,21.500537],[106.2188122,21.5002673],[106.2187922,21.5000978],[106.2187707,21.4999231],[106.2187546,21.4997509],[106.2187493,21.4996112],[106.2187371,21.4994512],[106.2187129,21.4991617],[106.2187037,21.4989449],[106.2186822,21.4987901],[106.2186003,21.4985903],[106.2184811,21.4983784],[106.218383,21.4982434],[106.2182075,21.4978942],[106.2179956,21.4974849],[106.2178829,21.4972628],[106.2177756,21.4970108],[106.2177274,21.4968286],[106.21773,21.4965291],[106.2177377,21.4964924],[106.2177891,21.4962471],[106.2178668,21.4957579],[106.2179473,21.4952888],[106.2180278,21.494882],[106.2181082,21.4946673],[106.218304,21.4943704],[106.2185347,21.4941183],[106.2188002,21.4938013],[106.2189344,21.4935842],[106.2190121,21.4933596],[106.2190376,21.4932673],[106.2190711,21.4930227],[106.219069,21.4928667],[106.2190685,21.492828],[106.2190282,21.4926733],[106.2188029,21.4921941],[106.2185562,21.4916476],[106.2181546,21.4908446],[106.2180894,21.4907036],[106.218021,21.4905931],[106.2179084,21.490462],[106.2177408,21.4903223],[106.2175356,21.4901826],[106.2173956,21.4901031],[106.217317,21.4900709],[106.2172325,21.4900472],[106.2170997,21.4900191],[106.216692,21.4899168],[106.216166,21.489739],[106.2160258,21.4896699],[106.2159013,21.4895876],[106.2155927,21.4891794],[106.2155105,21.4890046],[106.2154677,21.4888415],[106.2153619,21.4881706],[106.2153469,21.4880537],[106.2152186,21.4873725],[106.2151613,21.4872397],[106.2151162,21.4871352],[106.2149635,21.4869285],[106.2147662,21.4866897],[106.2144417,21.4863029],[106.2142164,21.4860496],[106.214034,21.4858674],[106.2136666,21.4855065],[106.2135322,21.4853582],[106.2134039,21.4851204],[106.213172,21.4846908],[106.2131453,21.4846387],[106.2130643,21.4844809],[106.2129664,21.4842763],[106.2127854,21.483816],[106.21265,21.4835791],[106.211336,21.4816708],[106.2111814,21.4813598],[106.2110448,21.4810242],[106.2109953,21.4809028],[106.2108063,21.4804528],[106.210653,21.4801156],[106.2105001,21.4797787],[106.2103406,21.4794442],[106.2101518,21.4791305],[106.2100817,21.4790224],[106.2099946,21.4789001],[106.2098363,21.4787067],[106.2095413,21.4783123],[106.2090394,21.4775205],[106.208699,21.4770282],[106.2085395,21.4768019],[106.2084862,21.4767263],[106.2083893,21.4765889],[106.2080124,21.476011],[106.2078943,21.4757598],[106.2078126,21.4755755],[106.2077509,21.4753758],[106.2076336,21.4749502],[106.2075276,21.474573],[106.2071981,21.4733175],[106.2071624,21.4731844],[106.2071288,21.4730333],[106.2069837,21.4724929],[106.2067575,21.4716408],[106.206627,21.4711425],[106.2064755,21.4705847],[106.206424,21.4704171],[106.2063897,21.4702939],[106.2063443,21.4701725],[106.2061226,21.469692],[106.2055834,21.4686683],[106.2040228,21.4657051],[106.2039369,21.4655494],[106.2039276,21.4655325],[106.203512,21.4647525],[106.2029859,21.4637153],[106.2028612,21.4634794],[106.2027784,21.4633346],[106.2024694,21.4627616],[106.2023979,21.4626229],[106.2023513,21.4625425],[106.2015339,21.4610756],[106.2012708,21.4606257],[106.200961,21.4600961],[106.2006287,21.4595015],[106.2001563,21.4586557],[106.2000509,21.4584239],[106.1999993,21.4582598],[106.1999727,21.4580841],[106.1999497,21.4577705],[106.1999483,21.4574148],[106.1999577,21.4572113],[106.1999805,21.4568057],[106.1999886,21.4566022],[106.1999765,21.4564786],[106.1999458,21.4563704],[106.1998254,21.4560854],[106.1994611,21.4548993],[106.1992811,21.4543611],[106.1992216,21.4542169],[106.1991952,21.4541397],[106.1990454,21.4537014],[106.1988341,21.4530664],[106.1987959,21.4529545],[106.1985634,21.452232],[106.1982038,21.4511143],[106.1981788,21.4510368],[106.1979649,21.4503894],[106.1977358,21.449568],[106.1973106,21.4482134],[106.1971967,21.4477955]]}},{"type":"Feature","properties":{"id":117},"geometry":{"type":"LineString","coordinates":[[105.9867759,21.3440646],[105.9870869,21.3429718],[105.9873849,21.342077],[105.9881061,21.3399117],[105.9883715,21.3390962],[105.988943,21.3373406],[105.9897905,21.3344303],[105.9901996,21.3330755],[105.9904216,21.3323401],[105.9912126,21.3296351],[105.9913194,21.3292832],[105.9916118,21.3282263],[105.9917384,21.3277841],[105.991913,21.3271745],[105.9920704,21.326625],[105.9921195,21.3264318],[105.9921423,21.3263423],[105.9921992,21.3260726],[105.9922582,21.3257449],[105.9922823,21.3256111],[105.9923226,21.3253443],[105.9924808,21.3243386],[105.9925237,21.3240937],[105.9925889,21.3237357],[105.9926496,21.3234024],[105.9927007,21.3231101],[105.9927262,21.3229819],[105.9927356,21.3229394],[105.9928831,21.3221673],[105.9930789,21.3213128],[105.9931081,21.3211909],[105.9933391,21.3202259],[105.9935401,21.319413],[105.9936006,21.319149],[105.993779,21.3185118],[105.9939373,21.3180146],[105.9939694,21.3178959],[105.9940187,21.317611],[105.9940526,21.3174149],[105.9941079,21.317125],[105.9941518,21.3168952],[105.9941851,21.316756],[105.9942323,21.3165316],[105.9942351,21.3165186],[105.9943941,21.3157859],[105.9944013,21.3157582],[105.9945816,21.315022],[105.9946614,21.3146963],[105.9948948,21.3135494],[105.9950488,21.3127112],[105.9950898,21.3124881],[105.9952984,21.3113524],[105.9953266,21.311178],[105.9954868,21.3102189],[105.9955369,21.3099169],[105.995608,21.3095567],[105.995634,21.3094248],[105.995728,21.308948],[105.9961286,21.3069746],[105.9964722,21.3050406],[105.9964803,21.3049943],[105.9964973,21.3048917],[105.9965305,21.3047008],[105.9966739,21.3041622],[105.9970112,21.3030294],[105.9970951,21.3027474],[105.9972751,21.3021429],[105.9974723,21.3015064],[105.9975312,21.3013163],[105.9978542,21.300274],[105.9979735,21.2998823],[105.9980516,21.2996259],[105.998089,21.2995031],[105.9981423,21.2993282],[105.9982144,21.2991089],[105.9982278,21.2990682],[105.998265,21.2989479],[105.9983719,21.2986025],[105.9983999,21.2985083],[105.9988899,21.2968564],[105.9990782,21.2962274],[105.9992105,21.2957761],[105.9997737,21.2941827]]}},{"type":"Feature","properties":{"id":118},"geometry":{"type":"LineString","coordinates":[[106.1699653,21.2473953],[106.1692569,21.2483532]]}},{"type":"Feature","properties":{"id":119},"geometry":{"type":"LineString","coordinates":[[105.9610715,21.3652642],[105.9610338,21.3652552],[105.960928,21.36523],[105.9608203,21.36524],[105.9607208,21.3652796],[105.9603695,21.3654733],[105.9599125,21.3657254],[105.9597133,21.3658353],[105.9592591,21.3660858],[105.9582934,21.3666184],[105.9581405,21.3667133],[105.9573654,21.3673303],[105.9572071,21.3674777],[105.9570111,21.3676562],[105.956963,21.3677],[105.9567592,21.3679098],[105.9562938,21.3684605],[105.9557972,21.3690562],[105.9555537,21.3693482],[105.9555031,21.369407],[105.9552578,21.3696893],[105.9550399,21.3699305],[105.9548909,21.3700874],[105.9546396,21.3702765],[105.9544927,21.3703726],[105.9542955,21.3704913],[105.9540167,21.370648],[105.9538623,21.3707349],[105.9532711,21.3710352],[105.9531985,21.371072],[105.953169,21.3710933],[105.9531368,21.3711232],[105.9530865,21.3711804],[105.9529784,21.3712975]]}},{"type":"Feature","properties":{"id":120},"geometry":{"type":"LineString","coordinates":[[105.9612009,21.3653168],[105.9610715,21.3652642]]}},{"type":"Feature","properties":{"id":121},"geometry":{"type":"LineString","coordinates":[[105.9629212,21.307845],[105.9630275,21.3081794],[105.9631361,21.308458],[105.9631882,21.3086368],[105.9632662,21.3089091],[105.9632976,21.3090011],[105.9633547,21.3093439],[105.9634215,21.3096894],[105.9634647,21.3098224],[105.9634782,21.3098618],[105.9635398,21.3100061],[105.9636434,21.3101749],[105.9637409,21.3103609],[105.9638268,21.3105108],[105.9639314,21.3107107],[105.9640521,21.3109006],[105.9641138,21.3110256],[105.9641513,21.311108],[105.9642445,21.3112561],[105.9643109,21.3113617],[105.9643845,21.3115004],[105.9644718,21.3116652],[105.9647605,21.312189],[105.9649021,21.312446],[105.9649812,21.3125843],[105.9650819,21.3127605],[105.9651924,21.3129557],[105.9654073,21.3133355],[105.9654845,21.3134934],[105.9655722,21.3136432],[105.9658899,21.3141862],[105.9659669,21.3143064],[105.9660794,21.314482],[105.966129,21.3145594],[105.9662714,21.3148183],[105.9663448,21.3149517],[105.9664323,21.3151067],[105.9665293,21.3152786],[105.9667385,21.3156678],[105.9669074,21.3159773],[105.9669223,21.3160035],[105.9670236,21.3161815],[105.967051,21.3162299],[105.9671266,21.3163628],[105.9673355,21.3167641],[105.9673586,21.3168058],[105.96759,21.3172237],[105.9681238,21.318084],[105.9682193,21.3182888],[105.9684725,21.3188322],[105.9685481,21.3190198],[105.9688176,21.3196886],[105.968837,21.3197367],[105.9688865,21.3198898],[105.968926,21.3200117],[105.9690034,21.3202509],[105.9690467,21.3204068],[105.9692596,21.3211726],[105.9693521,21.3215052],[105.9693977,21.3216692],[105.9696558,21.3225989],[105.9700038,21.3238521],[105.9700503,21.3240347],[105.9702882,21.3249957],[105.9708318,21.3268685],[105.9709146,21.3271579],[105.9712962,21.328515],[105.971365,21.3287595],[105.9714581,21.3290907],[105.9715689,21.3294322],[105.971672,21.3298626],[105.9717226,21.3300455],[105.9721443,21.3315693],[105.9721973,21.3317555],[105.9724984,21.3328135],[105.972898,21.3343126],[105.9731769,21.3353794],[105.9732096,21.3354912],[105.973649,21.3370458],[105.9736534,21.3370638],[105.9738943,21.3380501],[105.9739074,21.3380986],[105.9739682,21.3383624]]}},{"type":"Feature","properties":{"id":122},"geometry":{"type":"LineString","coordinates":[[105.9932919,21.3691194],[105.9934259,21.3692754]]}},{"type":"Feature","properties":{"id":123},"geometry":{"type":"LineString","coordinates":[[105.980864,21.3645186],[105.9814414,21.3645721],[105.9816803,21.3645943],[105.9818006,21.3646049],[105.9823526,21.3646693],[105.982414,21.3646765],[105.9825942,21.3646976],[105.9827131,21.3647161],[105.9837261,21.3648674],[105.9838037,21.3648839],[105.9840265,21.3649224],[105.9842384,21.3649673],[105.984284,21.3649861],[105.9843242,21.3650098],[105.9847641,21.3654469],[105.9850297,21.3656817],[105.9850543,21.3657035],[105.9853088,21.3659198],[105.9855958,21.3661636],[105.9860488,21.3665485],[105.9863103,21.3668951],[105.9866121,21.3672891],[105.9867167,21.3673853],[105.9867959,21.3674352],[105.9871607,21.3676138],[105.9873412,21.3676869],[105.9875254,21.3677262],[105.9877937,21.3677474],[105.9884307,21.3678099],[105.9886337,21.3678258],[105.9887735,21.3678318],[105.989297,21.3678549],[105.9900923,21.3679335],[105.9905684,21.3679473],[105.9906569,21.367922],[105.99095,21.3677721],[105.9916949,21.3674177],[105.9918415,21.3673727],[105.9919957,21.3673695],[105.9921443,21.3674083]]}},{"type":"Feature","properties":{"id":124},"geometry":{"type":"LineString","coordinates":[[105.9693293,21.3519759],[105.9693595,21.3519896],[105.9698711,21.3521888],[105.9705591,21.3524561],[105.970771,21.3525361],[105.9714583,21.3527866],[105.9715774,21.3528295],[105.97162,21.3528449],[105.9729752,21.3533332],[105.9730361,21.3533498],[105.9731327,21.3533762],[105.9732345,21.353404],[105.9736294,21.3535118],[105.9742813,21.3536898],[105.9743624,21.353712],[105.9745395,21.3537636],[105.9751566,21.3539431],[105.9756376,21.354083],[105.9763766,21.354298],[105.9770232,21.3544978],[105.9775185,21.3546554],[105.9787829,21.3550578],[105.9789888,21.3551137],[105.9790265,21.3551252],[105.9791158,21.3551746],[105.9792099,21.3552267]]}},{"type":"Feature","properties":{"id":125},"geometry":{"type":"LineString","coordinates":[[105.9692368,21.3519353],[105.9693293,21.3519759]]}},{"type":"Feature","properties":{"id":126},"geometry":{"type":"LineString","coordinates":[[105.9742897,21.3890584],[105.9745244,21.3887909]]}},{"type":"Feature","properties":{"id":127},"geometry":{"type":"LineString","coordinates":[[105.9598164,21.3916279],[105.9596908,21.3916036],[105.9595527,21.3915599],[105.9594467,21.3915199],[105.9593786,21.3914811],[105.9593019,21.3914375],[105.959214,21.3913826],[105.9591061,21.3912877],[105.9589063,21.3911041],[105.9586729,21.3908231],[105.9585435,21.3906425],[105.9584315,21.390486],[105.9582806,21.3902985],[105.9581753,21.3902063],[105.958005,21.3900951],[105.957891,21.390019],[105.9578375,21.3899865],[105.9578027,21.3899654],[105.9576685,21.3898884],[105.9574337,21.3897317],[105.9572875,21.3896219],[105.9571601,21.3895157],[105.9570951,21.3894567],[105.9569693,21.3893426],[105.9568839,21.389251],[105.9568213,21.3891853],[105.9567256,21.3890849],[105.9565479,21.3888959],[105.956452,21.388794],[105.9563033,21.3886182],[105.9559679,21.3882158],[105.9554971,21.38769],[105.954897,21.3867908],[105.9541199,21.3856037],[105.9540723,21.3855309],[105.9535119,21.3846466],[105.9533593,21.3844058],[105.9532927,21.3842572],[105.9532858,21.3842003],[105.9532699,21.3840712],[105.9532461,21.3838775],[105.953239,21.3838398],[105.9532193,21.3837361],[105.953047,21.3832282],[105.9528531,21.3827209],[105.9527528,21.3824585],[105.9526298,21.3821368],[105.9524366,21.3816254],[105.952352,21.3814014],[105.9522847,21.3812945],[105.9522677,21.3812439],[105.9520075,21.3809124],[105.9515032,21.3802698],[105.9513471,21.3798838],[105.9512327,21.3796007],[105.9511677,21.37944],[105.9510606,21.3791751],[105.9510124,21.3790559],[105.9509958,21.3788357],[105.9509894,21.3784446],[105.9509883,21.3783791],[105.9509749,21.3780444],[105.950969,21.3778617],[105.9509091,21.3775699],[105.9508804,21.3774217],[105.9508086,21.3771527],[105.9507669,21.3770392],[105.9505982,21.3766392],[105.9505135,21.3764384],[105.9503432,21.376184],[105.9502501,21.376045],[105.950199,21.3759686],[105.9500461,21.3757403],[105.9500113,21.3756847],[105.9498966,21.3755092],[105.9496528,21.3752108],[105.9489418,21.3745301],[105.9487472,21.3743366],[105.9484697,21.3740606]]}},{"type":"Feature","properties":{"id":128},"geometry":{"type":"LineString","coordinates":[[106.9706956,21.2577465],[106.9707763,21.2578739],[106.9708252,21.2579304],[106.9717144,21.2586228],[106.9717942,21.2587013],[106.9718304,21.2587513],[106.9718546,21.2588076],[106.9718879,21.2589025],[106.9719511,21.2590838],[106.9720313,21.2592551],[106.9720757,21.2593188],[106.9721494,21.2593901],[106.9722408,21.25943],[106.9723146,21.2594475],[106.9723916,21.2594778],[106.9724675,21.2595425],[106.9725265,21.2596225],[106.9726107,21.2598662],[106.9726498,21.2599224],[106.9726919,21.2599483],[106.9727484,21.2599637],[106.9732156,21.2599481],[106.9733188,21.2599612],[106.9734009,21.2599999],[106.9734758,21.2600645],[106.9737206,21.2602689],[106.9737837,21.260288],[106.9738606,21.2602811],[106.9750301,21.2599662],[106.9750618,21.2599643],[106.975096,21.2599737],[106.9751482,21.2599995],[106.9751751,21.2600362],[106.9751792,21.2600724],[106.975169,21.2601183],[106.9751342,21.260153],[106.9750893,21.2601774],[106.9747908,21.2603614],[106.9746736,21.2604861],[106.9746427,21.2605436],[106.9746157,21.2606348],[106.9746004,21.2607638],[106.9746317,21.260926],[106.9746843,21.2610185],[106.974746,21.2610448],[106.9748208,21.2610398],[106.9748841,21.2609948],[106.9750193,21.2607861],[106.9750826,21.2607186],[106.9751535,21.2606711],[106.9752395,21.2606586],[106.9753331,21.2606586],[106.975541,21.2606786],[106.9756403,21.2606836],[106.9757049,21.2606723],[106.975784,21.2606173],[106.9758669,21.2605361],[106.9759208,21.2604973],[106.9759916,21.2604674],[106.9760534,21.2604711],[106.9761045,21.2604986],[106.9761481,21.2605498],[106.976181,21.2605936],[106.9762165,21.2606473],[106.9762547,21.2606836],[106.9763089,21.2607169],[106.9763694,21.2607398],[106.9764369,21.2607392],[106.9769586,21.2607023],[106.9770782,21.2606686],[106.9771761,21.2606036],[106.9772485,21.2605211],[106.9773035,21.2604286],[106.9773528,21.2603699],[106.9773893,21.2603449],[106.9774322,21.2603261],[106.9781253,21.2601999],[106.9782836,21.2601437],[106.9784099,21.2601111],[106.9784971,21.2601062],[106.9785353,21.260113],[106.9785733,21.2601362],[106.9786379,21.2602036],[106.9788562,21.2604574],[106.9789222,21.2605198],[106.9790067,21.2605686],[106.9790936,21.2605924],[106.9792508,21.2605936],[106.9794881,21.2605586],[106.9796595,21.2605236],[106.9797347,21.2604917],[106.9797691,21.2604461],[106.9797926,21.2603786],[106.9798138,21.2601324],[106.9798583,21.2600312],[106.9799117,21.2599574],[106.9799803,21.2599074],[106.9801263,21.2598574],[106.9802244,21.2598174],[106.9802874,21.2597712],[106.9803317,21.25969],[106.9803814,21.2596075],[106.9804428,21.2595524],[106.9805101,21.2595175],[106.9805865,21.2594987],[106.9807164,21.2594663],[106.9807997,21.2594512],[106.9808762,21.259435],[106.9809565,21.2594326],[106.9810543,21.2594513],[106.9811216,21.2594662],[106.9811887,21.2594787],[106.9812597,21.2594887],[106.9813228,21.259495],[106.9813979,21.2594987],[106.9815011,21.2594875],[106.9816232,21.2594575],[106.9817946,21.2594163],[106.9818901,21.2593925],[106.9820175,21.2593787],[106.9821395,21.2593762],[106.9823471,21.2593913],[106.9825391,21.2594137],[106.9829903,21.259474],[106.9830568,21.2594975],[106.9831198,21.2595387],[106.9831869,21.2595825],[106.9832698,21.2596562],[106.9834758,21.2598739],[106.9835463,21.2599474],[106.9836154,21.2600024],[106.9836925,21.2600424],[106.9837555,21.2600574],[106.9838076,21.2600562],[106.9838521,21.2600499],[106.9839165,21.2600287],[106.9839887,21.2599974],[106.9841284,21.2599449],[106.9842772,21.2599124],[106.9844086,21.2598849],[106.9845293,21.2598587],[106.9846447,21.2598274],[106.9847611,21.2597762],[106.984811,21.2597412],[106.9848968,21.2596762],[106.9849652,21.2596212],[106.9850441,21.2595463],[106.9850819,21.2594962],[106.98511,21.2594475],[106.9851341,21.2593913],[106.9851516,21.259335],[106.9851581,21.2592763],[106.985165,21.2592138],[106.9851607,21.2591438],[106.9851436,21.2590476],[106.9851274,21.2589613],[106.9851087,21.2588501],[106.9850964,21.2587838],[106.9850926,21.2587326],[106.9850912,21.2586839],[106.985106,21.2586413],[106.9851246,21.2586027],[106.9851597,21.2585626],[106.9851986,21.2585288],[106.9853635,21.2584201],[106.9854105,21.2583801],[106.9854936,21.2582889],[106.9855634,21.2581864],[106.9856278,21.2580765],[106.9857283,21.2579165],[106.9858222,21.2577877],[106.9858704,21.2577427],[106.9859628,21.2576915],[106.9860153,21.2576715],[106.986144,21.2576565],[106.9862299,21.2576452],[106.9863814,21.257644],[106.9864241,21.2576515],[106.9865504,21.2576815],[106.9866429,21.2577152],[106.9867985,21.2577952],[106.9869366,21.2578602],[106.9871217,21.2579339],[106.9874422,21.2580277],[106.9876394,21.2580752],[106.9877507,21.2581376],[106.9878673,21.2582164],[106.9880739,21.2583914],[106.9890435,21.2593237],[106.9891696,21.2594525],[106.9892232,21.2595025],[106.9892809,21.2595687],[106.9893224,21.2596312],[106.9893519,21.2596787],[106.9893801,21.2597337],[106.9894076,21.2597749],[106.9894304,21.2598131],[106.9894686,21.2598474],[106.9894941,21.2598712],[106.9895209,21.2598918],[106.9895805,21.2599139],[106.9896121,21.2599143],[106.9899735,21.2600312],[106.9900701,21.2600674],[106.9901646,21.2601099],[106.990292,21.2601899],[106.990457,21.2603074],[106.9905696,21.2604136],[106.9907587,21.2606111],[106.9908352,21.2607011],[106.990866,21.2607336],[106.9908974,21.2607613],[106.9909398,21.2607823],[106.9909934,21.2607973],[106.9910444,21.260806],[106.9910953,21.2608023],[106.9911369,21.2607923],[106.9912013,21.2607736],[106.9914521,21.2606848],[106.9917109,21.2605898],[106.9917833,21.2605661],[106.9918946,21.2605448],[106.9920046,21.2605311],[106.9920979,21.260523],[106.9921769,21.2605136],[106.992234,21.2605036],[106.9923171,21.2604873],[106.9924218,21.2604611],[106.9925127,21.2604349],[106.992694,21.2603886],[106.9929636,21.2603136],[106.9931433,21.2602736],[106.993272,21.2602424],[106.9933498,21.2602174],[106.9933988,21.2601986],[106.9934497,21.260173],[106.9935161,21.2601149],[106.9935966,21.2600337],[106.9936784,21.2599637],[106.9937937,21.2598974],[106.9939117,21.2598374],[106.9940256,21.2597937],[106.9942255,21.2597224],[106.9942691,21.2597006],[106.9943107,21.2596724],[106.9943743,21.2596187],[106.9945112,21.2594762],[106.9947016,21.2593087],[106.994829,21.2592125],[106.9949269,21.25915],[106.9949625,21.2591325],[106.994994,21.2591188],[106.9950215,21.2591113],[106.9950557,21.2591063],[106.9951119,21.2590951],[106.9951898,21.2590888],[106.9952622,21.2590887],[106.995399,21.25908],[106.9955305,21.2590638],[106.9955754,21.2590525],[106.9956237,21.2590332],[106.9957047,21.2589913],[106.9957524,21.2589607],[106.995802,21.2589225],[106.9958563,21.2588813],[106.9960307,21.2587288],[106.9962627,21.2585213],[106.9963338,21.2584539],[106.9963526,21.2584282],[106.9963727,21.2584001],[106.9964136,21.2583457],[106.9964565,21.2583032],[106.9964987,21.258267],[106.9965531,21.258232],[106.9966087,21.2582076],[106.9966764,21.258192],[106.9967603,21.2581739],[106.9969064,21.2581426],[106.996948,21.2581283],[106.9969856,21.2581083],[106.9970391,21.2580686],[106.9970845,21.2580109],[106.9971384,21.2579189],[106.9971968,21.2578252],[106.9972625,21.2577727],[106.9973068,21.2577563],[106.997376,21.2577451],[106.9974657,21.2577539],[106.9975848,21.2578144],[106.9976283,21.2578604],[106.9976574,21.2579002],[106.9976727,21.2579543],[106.99768,21.2580113],[106.9976656,21.2580981],[106.9976333,21.2581714],[106.9975769,21.2582489],[106.9975287,21.2583164],[106.9974804,21.2584089],[106.9974455,21.2584827],[106.9974375,21.2585563],[106.9974522,21.2586101],[106.9974737,21.2586501],[106.9975046,21.25867],[106.9975877,21.2587113],[106.9977245,21.2587625],[106.9978344,21.2587938],[106.9979471,21.2588263],[106.9980517,21.2588638],[106.9981648,21.2589076],[106.9982208,21.2589355],[106.9982623,21.25898],[106.9982757,21.2590044],[106.9982848,21.2590392],[106.9982884,21.2590607],[106.9982813,21.2590829],[106.9982609,21.2591244],[106.9982342,21.2591598],[106.9981646,21.259219],[106.9980678,21.2592813],[106.9980162,21.2593138],[106.9980007,21.2593288],[106.9979917,21.2593425],[106.997982,21.2593649],[106.9979846,21.25941],[106.9979927,21.2594574],[106.9980068,21.259505],[106.9980215,21.2595481],[106.9980665,21.2596987],[106.9980839,21.2598362],[106.9980987,21.2599962],[106.9981114,21.2600524],[106.9981294,21.2600912],[106.9981409,21.2601205],[106.9981543,21.2601455],[106.9981778,21.2601774],[106.9982046,21.2602049],[106.9982394,21.2602387],[106.9982891,21.2602767],[106.9983273,21.2603055],[106.9984157,21.260357],[106.9985218,21.2604136],[106.9986505,21.2604692],[106.9987396,21.2605024],[106.9988142,21.2605292],[106.9988893,21.260553],[106.9989523,21.2605692],[106.9990287,21.2605786],[106.9991018,21.2605892],[106.9991923,21.2606011],[106.9992695,21.2606061],[106.9993767,21.2606113],[106.9994901,21.2606211],[106.9997341,21.2606442],[106.9998629,21.2606392],[106.9999666,21.2606326],[107.0001854,21.2606036],[107.0003932,21.2605836],[107.0005541,21.2605886],[107.0006575,21.2606011],[107.0007453,21.260608],[107.0008063,21.2606098],[107.0008419,21.2606092],[107.00089,21.260602],[107.0009217,21.2605936],[107.0009659,21.2605723],[107.0010115,21.2605361],[107.0010826,21.2604649],[107.0011476,21.2603936],[107.0012033,21.260338],[107.0012266,21.2603186],[107.0012563,21.2602967],[107.0013079,21.2602736],[107.0013441,21.2602599],[107.0013782,21.2602487],[107.0014299,21.2602399],[107.0015949,21.2602149],[107.001725,21.2601999],[107.0018954,21.2602015],[107.0020089,21.260213],[107.002063,21.2602322],[107.00212,21.2602645],[107.0021872,21.2603274],[107.0022302,21.2603987],[107.0022438,21.2604374],[107.0022601,21.2604873],[107.0022835,21.2605636],[107.0022895,21.2606307],[107.0022876,21.2606642],[107.0022802,21.2606949],[107.0022252,21.2607798],[107.002185,21.2608111],[107.002153,21.2608411],[107.002112,21.2608765],[107.0020942,21.2609161],[107.0020916,21.2609411],[107.0021044,21.2609898],[107.0021189,21.2610107],[107.0021586,21.2610403],[107.0022064,21.2610573],[107.0022936,21.2610973],[107.0023975,21.261161],[107.0024163,21.2611866],[107.002431,21.2612213],[107.0024424,21.2613485],[107.0024626,21.2615672],[107.0024666,21.2616047],[107.0024699,21.2616541],[107.002478,21.2617159],[107.0024867,21.2617715],[107.0024981,21.2618053],[107.0025095,21.2618247],[107.0025316,21.2618622],[107.0025583,21.2618981],[107.002598,21.2619384],[107.0026389,21.2619684],[107.0026871,21.2620068],[107.0027261,21.2620328],[107.0027804,21.2620615],[107.0028153,21.262079],[107.0028595,21.2620921],[107.0028998,21.2621002],[107.002944,21.2620996],[107.0030077,21.2620977],[107.0030587,21.2620884],[107.003109,21.2620721],[107.0031653,21.2620471],[107.0032029,21.2620321]]}},{"type":"Feature","properties":{"id":129},"geometry":{"type":"LineString","coordinates":[[106.8389323,21.2128111],[106.8389766,21.2128836],[106.8390369,21.2129536],[106.8391086,21.2129864],[106.8392007,21.2129949],[106.8394822,21.2129849],[106.8396901,21.2129674],[106.839898,21.2129287],[106.840032,21.2128761],[106.8401247,21.2128086],[106.8405215,21.2123035],[106.8406221,21.2122035],[106.8408341,21.2120697],[106.8411385,21.2119059],[106.841494,21.2116634],[106.841636,21.2116034],[106.84175,21.2115821],[106.8418453,21.2115434],[106.8421939,21.2112934],[106.8422838,21.2112633],[106.8424019,21.2112534],[106.8426714,21.2112584],[106.8427773,21.2112409],[106.8435673,21.2107933],[106.8436369,21.2107782],[106.8437121,21.2107883],[106.8441297,21.2110111],[106.8442082,21.211042],[106.8442915,21.2110383],[106.8449298,21.2108533],[106.8449995,21.2108157],[106.8450479,21.2107333],[106.8450505,21.2106719],[106.8449835,21.2103532],[106.8449847,21.2102993],[106.8451256,21.2099068],[106.845135,21.2098468],[106.8451069,21.209568],[106.8451148,21.2095042],[106.8451484,21.209458],[106.8452127,21.2094229],[106.8454609,21.209348],[106.8455668,21.2093391],[106.845666,21.2093479],[106.8457721,21.209373],[106.8463366,21.2096217],[106.8464104,21.209623],[106.8467913,21.209488],[106.8471052,21.2093993],[106.8471547,21.2093604],[106.8472016,21.2092991],[106.8472458,21.2092004],[106.8472311,21.2090141],[106.8472499,21.2089503],[106.8472862,21.2089129],[106.8475598,21.2086791],[106.8477648,21.208449],[106.8480412,21.2080427],[106.8481645,21.2079163],[106.8482772,21.2078289],[106.8483254,21.2077676],[106.8483416,21.2076776],[106.8483631,21.2074826],[106.8483885,21.207435],[106.8484328,21.2074125],[106.8485092,21.2074087],[106.8487802,21.2074501],[106.8488565,21.2074462],[106.849503,21.207175],[106.849558,21.2071224],[106.8497417,21.2068074],[106.8497805,21.2067911],[106.8498329,21.2067974],[106.8505008,21.2069699],[106.8507488,21.2069949],[106.8509755,21.2069874],[106.8510425,21.2069599],[106.8510882,21.2069224],[106.8512867,21.2066774],[106.851359,21.2066523],[106.8514369,21.2066574],[106.8523239,21.2068902],[106.852452,21.2069061],[106.8525728,21.2068836],[106.852888,21.2066987],[106.8530045,21.2066586],[106.8532312,21.2066173],[106.8533412,21.2065724],[106.8535438,21.2064523],[106.8538736,21.2061334],[106.8539849,21.2060434],[106.8540869,21.2059922],[106.8541901,21.2059785],[106.8545751,21.2059872],[106.8546568,21.2059671],[106.8547414,21.2059172],[106.8549238,21.2056971],[106.8549599,21.2056246],[106.854972,21.2055571],[106.8549399,21.2053434],[106.8549466,21.205257],[106.8549907,21.205182],[106.8550673,21.205152],[106.8551812,21.2051532],[106.8552978,21.2052045],[106.8556426,21.2054821],[106.8557806,21.2055383],[106.8559859,21.2055321],[106.8561844,21.2054571],[106.8563105,21.2053233],[106.8564123,21.2052207],[106.8564875,21.205162],[106.8565638,21.2051444],[106.8566444,21.2051595],[106.8568133,21.2052532],[106.8569568,21.2053232],[106.8571284,21.205362],[106.85729,21.2053773],[106.8575818,21.2053484],[106.857901,21.205262],[106.8583409,21.205062],[106.8584119,21.2050432],[106.8584857,21.205042],[106.859285,21.205142],[106.8596605,21.205117],[106.8600736,21.205077],[106.8602176,21.2051073],[106.8604053,21.2051948],[106.8607916,21.2053748],[106.8612591,21.2055271],[106.8615649,21.2055571],[106.861927,21.2055596],[106.862006,21.2055683],[106.8620906,21.2056021],[106.8624661,21.2058322],[106.8626973,21.206015],[106.8628389,21.2060947],[106.8629945,21.2061385],[106.8632064,21.2061423],[106.8634732,21.2060822],[106.8637281,21.2060284],[106.8638487,21.2060134],[106.8639682,21.2060272],[106.8640593,21.2060684],[106.864147,21.206125],[106.8645896,21.2064951],[106.864858,21.2066988],[106.8649651,21.2067801],[106.8650959,21.2068698],[106.8651777,21.2069149],[106.8652722,21.206939],[106.8654232,21.2069624],[106.8655774,21.2069649],[106.8658792,21.2069399],[106.8661755,21.2068961],[106.866366,21.2068548],[106.8665606,21.2067936],[106.866724,21.2067298],[106.8668775,21.2066413],[106.8670754,21.2065023],[106.8672941,21.206376],[106.8674201,21.2063335],[106.8675542,21.206316],[106.8676789,21.2063335],[106.8678038,21.2063748],[106.8678764,21.2064035],[106.8679458,21.206431],[106.8681081,21.206466],[106.8685011,21.2064623],[106.8685909,21.2064485],[106.8686661,21.2064202]]}},{"type":"Feature","properties":{"id":130},"geometry":{"type":"LineString","coordinates":[[106.2794772,21.4010789],[106.2795047,21.4017025],[106.2794913,21.4021638]]}},{"type":"Feature","properties":{"id":131},"geometry":{"type":"LineString","coordinates":[[106.2793997,21.4005948],[106.2794772,21.4010789]]}},{"type":"Feature","properties":{"id":132},"geometry":{"type":"LineString","coordinates":[[106.2625539,21.362452],[106.2626274,21.3627189],[106.2627389,21.3631243],[106.26284,21.3636007],[106.2633642,21.3654825],[106.2634743,21.3658784],[106.2637406,21.366834],[106.2638623,21.3672575],[106.2638715,21.3673015],[106.2648764,21.3708923],[106.2650766,21.3716051],[106.2651283,21.371789],[106.2651853,21.3719978],[106.2652011,21.3720552],[106.2653142,21.3724672],[106.2655512,21.3732983],[106.2659725,21.3748042],[106.2663042,21.3759903],[106.2664377,21.3764677],[106.2668678,21.3780057],[106.2671341,21.3789082],[106.267143,21.3789315],[106.2672301,21.3791634],[106.2674228,21.3796769],[106.2676914,21.3803017],[106.2678963,21.3807778],[106.2682064,21.3814985],[106.2684393,21.3820398],[106.2685206,21.3822287],[106.2685431,21.3822794],[106.2690452,21.3834113],[106.2691742,21.383708],[106.2693835,21.3841891],[106.2694266,21.3842846],[106.2695861,21.384672],[106.2699864,21.3855983],[106.2700095,21.3856519],[106.2701584,21.3860008],[106.2705409,21.3868692],[106.2706025,21.3870091],[106.2706592,21.3871379],[106.2712396,21.3884583],[106.2712831,21.3885591],[106.2715205,21.3891005],[106.2717583,21.3896172],[106.271841,21.3897958],[106.2722868,21.3906639],[106.2724032,21.3908255],[106.2725487,21.3910892],[106.2729348,21.391761],[106.2733891,21.3924865],[106.2744867,21.3940753]]}},{"type":"Feature","properties":{"id":133},"geometry":{"type":"LineString","coordinates":[[106.2471975,21.322289],[106.247561,21.3221404],[106.2477446,21.3220653]]}},{"type":"Feature","properties":{"id":134},"geometry":{"type":"LineString","coordinates":[[106.1912399,21.2723407],[106.1911336,21.2722667]]}},{"type":"Feature","properties":{"id":135},"geometry":{"type":"LineString","coordinates":[[106.2748383,21.2630082],[106.2748847,21.2630311],[106.2752299,21.263197],[106.275563,21.2633147],[106.2760051,21.2634544],[106.2766165,21.2635524],[106.2782481,21.2637589],[106.2784091,21.2637794],[106.2816399,21.2641895],[106.2854561,21.2646738],[106.2860019,21.2647342],[106.2873471,21.264883],[106.2881224,21.2650121],[106.290898,21.2653579],[106.2909133,21.2653529],[106.2922396,21.2655164],[106.2923028,21.2655239],[106.2928507,21.2656203],[106.2938996,21.2657041],[106.2948838,21.2657778],[106.2949588,21.2657797],[106.2961602,21.2658096],[106.2973539,21.2657743],[106.297783,21.2657562],[106.2978698,21.2657492],[106.2982017,21.2657228],[106.2985705,21.2657066],[106.2989943,21.2657116],[106.2992022,21.2657134],[106.2994945,21.265719],[106.2999463,21.2657253],[106.3000482,21.2657253]]}},{"type":"Feature","properties":{"id":136},"geometry":{"type":"LineString","coordinates":[[106.3000482,21.2657253],[106.3013275,21.2657068]]}},{"type":"Feature","properties":{"id":137},"geometry":{"type":"LineString","coordinates":[[106.1889164,21.2934878],[106.1897329,21.29335],[106.190595,21.2931918],[106.1915687,21.2930015],[106.1937483,21.2925755],[106.1960014,21.2921582],[106.1962749,21.2921037],[106.1966898,21.2920065],[106.1980266,21.291633],[106.1985522,21.2915011],[106.1991526,21.2913644],[106.1996323,21.2912551],[106.2000234,21.291166],[106.200238,21.2911238],[106.2003822,21.2911015],[106.2005049,21.2910825],[106.2007409,21.291055],[106.2015536,21.2909738],[106.2018634,21.2909438],[106.2020525,21.2908911],[106.2022497,21.2908151],[106.2024038,21.2907536],[106.2024884,21.2907189],[106.2025588,21.2906879],[106.2025813,21.2906785],[106.2027404,21.2905912],[106.2029001,21.2904815],[106.2030261,21.2903788],[106.2031227,21.2902816],[106.2032192,21.2901688],[106.2032917,21.2900816],[106.2033566,21.2899793]]}},{"type":"Feature","properties":{"id":138},"geometry":{"type":"LineString","coordinates":[[106.1917372,21.278392],[106.1917309,21.2783696],[106.1917333,21.2783464],[106.191744,21.2783254],[106.1917618,21.2783092],[106.1917775,21.2783016],[106.191802,21.2782975]]}},{"type":"Feature","properties":{"id":139},"geometry":{"type":"LineString","coordinates":[[106.1934969,21.2793545],[106.1961138,21.2810618]]}},{"type":"Feature","properties":{"id":140},"geometry":{"type":"LineString","coordinates":[[106.1933546,21.2794163],[106.1933503,21.2793942],[106.1933533,21.2793719],[106.1933635,21.2793515],[106.1933797,21.2793349],[106.1934006,21.2793236],[106.1934241,21.2793188]]}},{"type":"Feature","properties":{"id":141},"geometry":{"type":"LineString","coordinates":[[106.1933546,21.2794163],[106.1918086,21.2784307]]}},{"type":"Feature","properties":{"id":142},"geometry":{"type":"LineString","coordinates":[[106.1895623,21.276884],[106.189792,21.2770023],[106.191802,21.2782975]]}},{"type":"Feature","properties":{"id":143},"geometry":{"type":"LineString","coordinates":[[106.1960699,21.2811381],[106.1941488,21.2799258],[106.1934388,21.2794651]]}},{"type":"Feature","properties":{"id":144},"geometry":{"type":"LineString","coordinates":[[106.209268,21.2898795],[106.2098452,21.2902533],[106.2100449,21.2903787],[106.2102933,21.2905434],[106.2109868,21.2910146],[106.2111302,21.2911097],[106.2117369,21.2914912],[106.2130971,21.2924339],[106.2134533,21.2927072],[106.2137601,21.2929426],[106.2159806,21.2946148]]}},{"type":"Feature","properties":{"id":145},"geometry":{"type":"LineString","coordinates":[[106.191868,21.27833],[106.1933694,21.2792841],[106.1934241,21.2793188]]}},{"type":"Feature","properties":{"id":146},"geometry":{"type":"LineString","coordinates":[[106.1974986,21.2820531],[106.1974754,21.282066],[106.1974568,21.2820703],[106.1974299,21.2820688],[106.1973967,21.282053],[106.1973798,21.2820334],[106.1973708,21.2820078]]}},{"type":"Feature","properties":{"id":147},"geometry":{"type":"LineString","coordinates":[[106.2077488,21.2661448],[106.2077749,21.2661098],[106.208371,21.2652611],[106.209084,21.264373],[106.2104029,21.2626847],[106.2104574,21.262608],[106.2111234,21.2617478],[106.2113061,21.2615118],[106.2118232,21.2608439],[106.2119633,21.2606637],[106.2122975,21.2602339],[106.2131071,21.2591949],[106.2136355,21.2585167]]}},{"type":"Feature","properties":{"id":148},"geometry":{"type":"LineString","coordinates":[[106.2239727,21.2555864],[106.2242743,21.2555826],[106.2250808,21.2555723],[106.2252911,21.2555697],[106.2254896,21.2555672],[106.2266044,21.2555532],[106.2266717,21.2555524],[106.2267467,21.2555514],[106.2280752,21.2555348],[106.2281196,21.2555342],[106.2288988,21.2555067],[106.2289872,21.2555057],[106.2329114,21.2554628]]}},{"type":"Feature","properties":{"id":149},"geometry":{"type":"LineString","coordinates":[[106.2054821,21.2696359],[106.2045191,21.2711454]]}},{"type":"Feature","properties":{"id":150},"geometry":{"type":"LineString","coordinates":[[106.2068557,21.267501],[106.2065908,21.2679127],[106.2056867,21.2693178]]}},{"type":"Feature","properties":{"id":151},"geometry":{"type":"LineString","coordinates":[[106.2382038,21.2963214],[106.2364496,21.2945342],[106.2354181,21.2933517],[106.2344628,21.2920424],[106.2333285,21.2905369],[106.2327215,21.2897806]]}},{"type":"Feature","properties":{"id":152},"geometry":{"type":"LineString","coordinates":[[106.2273398,21.2839483],[106.2267334,21.2833831],[106.225935,21.2826398],[106.2248191,21.2816897],[106.2230854,21.2802108],[106.2209007,21.2785727],[106.2190423,21.2772276],[106.2163561,21.2754387],[106.2091655,21.2706245],[106.2088223,21.2703933],[106.2080235,21.2698768],[106.2069001,21.2691206],[106.2062133,21.2686747]]}},{"type":"Feature","properties":{"id":153},"geometry":{"type":"LineString","coordinates":[[106.2045191,21.2711454],[106.2044533,21.2712481],[106.2042303,21.2716041],[106.2037036,21.2724333],[106.2031572,21.2732812],[106.2028717,21.2737243],[106.2025507,21.2742224],[106.2023616,21.2745093],[106.2019746,21.2750939],[106.2019521,21.27513],[106.2016981,21.2755376],[106.2014312,21.2759537],[106.201282,21.2761837],[106.2006473,21.2771624]]}},{"type":"Feature","properties":{"id":154},"geometry":{"type":"LineString","coordinates":[[106.204133,21.2714671],[106.2054032,21.2695903]]}},{"type":"Feature","properties":{"id":155},"geometry":{"type":"LineString","coordinates":[[106.1270962,21.3873643],[106.1267747,21.3882432],[106.1259235,21.3910141],[106.1257762,21.3914407],[106.1254595,21.392358],[106.1252624,21.3928276],[106.1251831,21.3929815],[106.1251011,21.3930999]]}},{"type":"Feature","properties":{"id":156},"geometry":{"type":"LineString","coordinates":[[106.1184793,21.3790959],[106.1186505,21.3779412],[106.1187303,21.3774548],[106.1187548,21.3773091],[106.1189336,21.3763264],[106.1192843,21.3749769],[106.1193106,21.3745554],[106.1193112,21.3741943],[106.1193825,21.3738191],[106.1194407,21.3735132],[106.1196951,21.3719368],[106.119891,21.3708871],[106.119989,21.3703402],[106.1200544,21.369975],[106.1200875,21.3697903],[106.1201243,21.3695845],[106.1201557,21.3693903],[106.1202467,21.3688557],[106.1203586,21.3681986],[106.1203988,21.3679848],[106.1205612,21.3670274],[106.1206158,21.3667059],[106.1207304,21.3660305],[106.1207411,21.3659753],[106.1208521,21.3654002],[106.1209021,21.3650946],[106.1209211,21.3647979],[106.1209289,21.3645115],[106.1209117,21.3642754],[106.120901,21.3641692],[106.1208825,21.3640749],[106.120795,21.3637633],[106.1207829,21.3637199],[106.1207411,21.363571],[106.1206785,21.3632895],[106.1205426,21.3627403],[106.1203555,21.3619723],[106.1203356,21.3618906],[106.1203061,21.3617769],[106.1201489,21.361178],[106.1201102,21.3610305],[106.1200123,21.3606571],[106.1199524,21.3604288],[106.1199273,21.3603331],[106.1197301,21.3593913],[106.1194271,21.3582167],[106.1194,21.3581118],[106.119331,21.3578443],[106.1192829,21.3576741],[106.1192273,21.3574772],[106.1191499,21.3571864],[106.119124,21.3570888],[106.1190435,21.3567865],[106.1189616,21.3564182],[106.1188169,21.3557464],[106.1188138,21.3557279],[106.118703,21.355206],[106.1185302,21.3543612],[106.1184186,21.3537361],[106.1183985,21.3536325],[106.1183675,21.3534577],[106.1183584,21.3533971],[106.1183444,21.353324],[106.1183357,21.3532879],[106.1183237,21.3532259]]}},{"type":"Feature","properties":{"id":157},"geometry":{"type":"LineString","coordinates":[[106.1349887,21.3873134],[106.1358512,21.3873629],[106.1361838,21.387367],[106.1371673,21.3873677],[106.137413,21.3873335],[106.1375545,21.3873138],[106.1376564,21.3872997],[106.1383966,21.3871808],[106.1391066,21.3870667],[106.1398353,21.3869772],[106.1411798,21.3867747],[106.1419308,21.3866598],[106.1422013,21.3866172],[106.1424733,21.3865404],[106.1448108,21.3861823],[106.1451811,21.3861269],[106.1452348,21.3861178],[106.146711,21.3858674],[106.14783,21.3856857],[106.1481888,21.3856888],[106.1485177,21.3857672],[106.1487705,21.3858582],[106.1489559,21.385925],[106.1498772,21.3862447],[106.1508963,21.3865815],[106.1509889,21.3866216],[106.1515455,21.3867675],[106.1522037,21.3869898],[106.1525032,21.3870836],[106.1525474,21.3871003],[106.1531566,21.3872072],[106.1534679,21.387239],[106.1536941,21.3872747],[106.1545205,21.3874051],[106.1545804,21.3874128],[106.1554036,21.3875165],[106.1562745,21.3876147],[106.1568041,21.3877454],[106.1570941,21.3878169],[106.157655,21.3880265],[106.1583828,21.3884021],[106.1589436,21.3887616],[106.1596606,21.3893442],[106.159821,21.3894797],[106.1601913,21.3897917],[106.1605347,21.3901018],[106.1611016,21.3905778],[106.1623873,21.3916944],[106.1625675,21.3918697],[106.1627378,21.3921065],[106.163052,21.3925975],[106.1634006,21.392863],[106.1635736,21.3929684],[106.1639498,21.3931497],[106.1647353,21.3935401],[106.1649806,21.3935872],[106.1651999,21.3935726],[106.1653595,21.3935247],[106.1658186,21.3933495],[106.1659513,21.3932988],[106.1669105,21.3929327],[106.1669619,21.3929131],[106.1671292,21.3928922],[106.1672194,21.3928809],[106.1679582,21.39293],[106.1681407,21.3929309],[106.1681826,21.3929311],[106.1685819,21.3929683],[106.1687256,21.3929831],[106.1692588,21.3930334],[106.1700433,21.3931074],[106.1707904,21.3932529],[106.1708101,21.3932628],[106.1710078,21.3933625],[106.1712754,21.3935631],[106.1721714,21.394364]]}},{"type":"Feature","properties":{"id":158},"geometry":{"type":"LineString","coordinates":[[106.097754,21.4428838],[106.097956,21.441827],[106.0980926,21.4408212],[106.098096,21.4407961],[106.098221,21.4399873],[106.0983878,21.4389085],[106.0985159,21.4381464],[106.0986345,21.4374401],[106.0987041,21.4370257],[106.0987325,21.4368234],[106.0987806,21.4364806],[106.0988076,21.4362883],[106.0989122,21.4355393],[106.0989945,21.4350152],[106.0990145,21.4348877],[106.0990302,21.4347878],[106.0990866,21.4344482],[106.0991094,21.4343209],[106.0991469,21.4341759],[106.0992104,21.4339661],[106.0993551,21.4335697],[106.0995747,21.4330338],[106.0996324,21.4328878],[106.0998042,21.4324955],[106.0999806,21.4320684],[106.1000205,21.4319716],[106.100061,21.4318734],[106.1001684,21.431613],[106.1002842,21.4313325],[106.1003901,21.4310758],[106.1004156,21.431014],[106.1005146,21.4307857],[106.1006637,21.4304422],[106.1009438,21.4298021],[106.101046,21.4295607],[106.101104,21.4294199],[106.1013088,21.4289227],[106.1014302,21.4286278],[106.1014454,21.4285908],[106.1015551,21.4283014],[106.1017759,21.4277409],[106.1025758,21.4256763],[106.1028916,21.4248537],[106.1031153,21.4241906],[106.103123,21.4241677],[106.1035189,21.4231465],[106.1037093,21.4226421],[106.1037885,21.4223737],[106.1038618,21.4221169],[106.1042375,21.4207998],[106.1043545,21.4203897],[106.1043906,21.4203025],[106.1044685,21.4201782],[106.1051345,21.419452],[106.1053455,21.4191963],[106.1055049,21.4189781],[106.106177,21.4180652],[106.1069567,21.4171169],[106.1070468,21.4169859],[106.1072529,21.4167352],[106.1074175,21.4164397],[106.1076469,21.4159786],[106.1078052,21.4156468],[106.1079467,21.4153501],[106.1080368,21.4151941],[106.1081325,21.4150285],[106.1083581,21.4146314],[106.1085159,21.4143634],[106.108575,21.4142629],[106.1088712,21.4137505],[106.1089462,21.4136207],[106.1093645,21.412897],[106.1095192,21.4126294],[106.1095328,21.4126059],[106.1101503,21.4115373],[106.1103331,21.4112211],[106.1105059,21.411001],[106.1113415,21.4101165],[106.1122482,21.4091491],[106.1126755,21.4086826],[106.1130796,21.4082468],[106.1134592,21.407826],[106.1135597,21.4077173],[106.1140092,21.407269],[106.1141579,21.4071205],[106.1144498,21.4068084],[106.114465,21.4067918],[106.115037,21.4062051],[106.1157095,21.4054724],[106.1164426,21.4049602],[106.1166321,21.4048656],[106.1166843,21.4048396],[106.116989,21.4047196],[106.1172911,21.4046252],[106.1175707,21.4045429],[106.1178962,21.4044728],[106.1183265,21.4043998],[106.1185057,21.4043449],[106.1186766,21.4042665],[106.1189121,21.4040989],[106.1190604,21.4039449],[106.1191709,21.4038228],[106.1193063,21.403624],[106.119343,21.403538],[106.119372,21.4033848],[106.1194573,21.4024389],[106.1195263,21.4021211],[106.1196569,21.4017859],[106.1198637,21.401331],[106.120685,21.3994565],[106.1210842,21.3985434],[106.121127,21.3984456],[106.1212134,21.3982478],[106.1213872,21.3978056],[106.1214441,21.397661],[106.1216693,21.3970011],[106.1217459,21.3967819],[106.1218625,21.3965622],[106.1219313,21.3964552],[106.1219857,21.3963707],[106.1221712,21.3960824],[106.1223158,21.3959253],[106.122483,21.3958058]]}},{"type":"Feature","properties":{"id":159},"geometry":{"type":"LineString","coordinates":[[106.0370269,21.430039],[106.0370608,21.4300506],[106.0374777,21.4301469],[106.0385158,21.4303865],[106.0387248,21.4304347],[106.0392437,21.430548],[106.0393439,21.4305736],[106.0395912,21.4306369],[106.0398928,21.4307127],[106.0399468,21.4307263],[106.0404398,21.4308504],[106.0407192,21.4309206],[106.0407776,21.4309353],[106.0408037,21.4309419],[106.0417651,21.4311463],[106.0417982,21.4311573],[106.0428627,21.4314311],[106.0436232,21.4316134],[106.044168,21.4317367],[106.0441864,21.4317409],[106.0457372,21.4321198],[106.0462907,21.4322574],[106.0469523,21.4324219],[106.0475441,21.4325566],[106.0480866,21.432696],[106.0483645,21.4327599],[106.0486995,21.4328368],[106.0489032,21.4328836],[106.0494619,21.433012],[106.049523,21.4330222],[106.0499504,21.4331138],[106.0501675,21.4331604],[106.0507071,21.4332557],[106.0508786,21.4332881],[106.0509177,21.4332938],[106.0513208,21.4333702],[106.0519404,21.4334878],[106.0519823,21.4334957],[106.052635,21.4336195],[106.0526772,21.4336275],[106.0531549,21.4337286],[106.0534582,21.4337927],[106.0536323,21.4338295],[106.0536706,21.4338376],[106.0540862,21.4339233],[106.0546622,21.4340421],[106.0554957,21.4342234],[106.0556932,21.4342611],[106.0557344,21.434269],[106.0560973,21.4343383],[106.0562144,21.4343606],[106.0570387,21.4345325],[106.0576296,21.4346645],[106.0577789,21.4346978],[106.0579496,21.4347359],[106.0582414,21.4348],[106.0586292,21.4348847],[106.0588408,21.4349309],[106.0589908,21.4349513],[106.0593262,21.4350212],[106.0609232,21.4353688],[106.061336,21.4354594],[106.06142,21.4354771],[106.0615892,21.4355127],[106.061674,21.4355283],[106.0618551,21.4355634],[106.0620969,21.4356081],[106.0626741,21.4357325],[106.0631973,21.4358574],[106.0637375,21.4359829],[106.064577,21.4361475],[106.0657755,21.4363825],[106.0658801,21.436401],[106.0661804,21.4364637],[106.0677034,21.4367514],[106.0683118,21.4368706],[106.0687575,21.4369579],[106.0689461,21.4369948],[106.0691021,21.4370254],[106.0691751,21.4370397],[106.0694856,21.4371128],[106.0695387,21.4371254],[106.0699308,21.4372],[106.0701432,21.4372404],[106.0706417,21.4373353],[106.074157,21.438079],[106.0749245,21.4382725],[106.0751521,21.4383231],[106.0774257,21.4388224],[106.0794086,21.4392146],[106.0797034,21.4392729],[106.0806576,21.4394617],[106.0806918,21.4394589],[106.0816334,21.43966],[106.0819255,21.4397182],[106.0834219,21.4400289],[106.083692,21.4400844],[106.0848808,21.440327],[106.0865539,21.4406811],[106.0867791,21.440728],[106.0868353,21.4407421],[106.0868654,21.4407491]]}},{"type":"Feature","properties":{"id":160},"geometry":{"type":"LineString","coordinates":[[105.9837839,21.4129195],[105.9837524,21.412847],[105.9835472,21.4123745],[105.9834223,21.4120388],[105.9831067,21.4111908],[105.9830131,21.4109393],[105.9829559,21.4107855],[105.9829329,21.4107237],[105.9823784,21.4092933],[105.9823448,21.409167],[105.9818271,21.4068933],[105.9816058,21.4059431],[105.9815012,21.4054624],[105.9814449,21.4052364],[105.9814167,21.4051677],[105.981349,21.4050169],[105.9812607,21.404859],[105.9789773,21.4007757],[105.9786862,21.4002519]]}},{"type":"Feature","properties":{"id":161},"geometry":{"type":"LineString","coordinates":[[106.8592179,21.3419625],[106.8593142,21.3420477],[106.8594313,21.3421512],[106.859478,21.3421828],[106.8595585,21.3422373],[106.8597522,21.3423103],[106.8605144,21.3425805],[106.8609908,21.3427495],[106.861708,21.3429985],[106.8620346,21.3431119],[106.8623264,21.3432132],[106.8625834,21.3433024],[106.8630018,21.3434477],[106.8631701,21.3435062],[106.8632321,21.3435277],[106.8633798,21.343576],[106.8638152,21.3436661],[106.8650469,21.343928],[106.8660933,21.3441505],[106.8665526,21.3442482],[106.8668356,21.3443083],[106.8673129,21.3444098],[106.8675528,21.3445145],[106.8677559,21.3446873],[106.8678472,21.3447596],[106.8682983,21.3451523],[106.8686702,21.3454532],[106.8690461,21.3457574],[106.8696701,21.3462863],[106.8698026,21.3463957],[106.8699132,21.3464895]]}},{"type":"Feature","properties":{"id":162},"geometry":{"type":"LineString","coordinates":[[106.5753437,21.3756232],[106.576735,21.3760891],[106.5771154,21.3762108],[106.5783645,21.3765899]]}},{"type":"Feature","properties":{"id":163},"geometry":{"type":"LineString","coordinates":[[106.416909,21.2935909],[106.4161143,21.2940428],[106.4150298,21.2946166],[106.4137175,21.2953065],[106.4129431,21.2956496],[106.4129037,21.2956671],[106.4127429,21.295724],[106.4125603,21.2957471],[106.4115205,21.2958014],[106.4104872,21.2958619],[106.4102809,21.2958754],[106.4102154,21.2958725],[106.4090192,21.2959474],[106.4081159,21.2961833]]}},{"type":"Feature","properties":{"id":164},"geometry":{"type":"LineString","coordinates":[[106.2309309,21.2864205],[106.2310551,21.2863316],[106.2311792,21.2862738],[106.2313396,21.2862296],[106.2315501,21.286201],[106.2324132,21.2861685],[106.2325268,21.2861635],[106.2328898,21.2861592],[106.2336878,21.2861523],[106.2337656,21.2861541],[106.2341392,21.2861653],[106.2346197,21.2861797],[106.2347916,21.2861916],[106.2355358,21.2862828],[106.2357183,21.2863066],[106.2360133,21.2863366],[106.2360481,21.2863376],[106.2361407,21.2863403],[106.2365887,21.2863456],[106.2367737,21.2863478],[106.2371177,21.2863679],[106.2371921,21.2863723],[106.2376106,21.2864378],[106.2379324,21.2865103],[106.237945,21.286514],[106.2383365,21.2866296],[106.2388964,21.2868263],[106.2390506,21.2868805],[106.2392768,21.28696],[106.2403631,21.2873378],[106.2410226,21.2875112],[106.2413128,21.2875875],[106.2415732,21.2876519],[106.2417938,21.2877065],[106.2427595,21.2879453],[106.2430269,21.2879679],[106.2431267,21.2879763],[106.2435556,21.2880125],[106.2436124,21.2880182],[106.2438849,21.2880455],[106.2442787,21.2880849],[106.2446326,21.2881405],[106.2451138,21.2882162],[106.2451987,21.2882309],[106.2454198,21.2882693],[106.2458849,21.28835],[106.2461635,21.288395],[106.2462308,21.2884059],[106.2463916,21.2884319],[106.2469426,21.2885209],[106.2474461,21.2886022],[106.2475196,21.2886141],[106.2475989,21.2886269],[106.2487582,21.2888142],[106.2489363,21.288843],[106.2489644,21.2888475],[106.2499328,21.289004],[106.2508194,21.2891455],[106.2510084,21.2891757],[106.2526913,21.2894443],[106.2546129,21.2897509]]}},{"type":"Feature","properties":{"id":165},"geometry":{"type":"LineString","coordinates":[[106.1786905,21.2373909],[106.1774014,21.2383783],[106.1762253,21.2391824],[106.1758477,21.2395079],[106.1756532,21.2397012],[106.1751827,21.2402081],[106.1749184,21.2405037],[106.1745712,21.2409124],[106.1739157,21.2416843],[106.1724562,21.2442893],[106.1718742,21.2452576],[106.171613,21.2455619],[106.171085,21.2460445]]}},{"type":"Feature","properties":{"id":166},"geometry":{"type":"LineString","coordinates":[[105.980864,21.3645186],[105.9809099,21.3643117],[105.9811835,21.3634545],[105.981484,21.3625291],[105.9815393,21.362338],[105.9816288,21.3620286],[105.981974,21.3608354],[105.9821903,21.3600877],[105.9824848,21.3590974],[105.9829077,21.3576645],[105.9829353,21.3575674],[105.9830239,21.3572566]]}},{"type":"Feature","properties":{"id":167},"geometry":{"type":"LineString","coordinates":[[105.9627995,21.3075247],[105.962719,21.3073223],[105.9624618,21.306616],[105.9622777,21.3060813],[105.9620431,21.3054481],[105.9619559,21.305227],[105.961803,21.3047897],[105.9617427,21.3046235],[105.9616569,21.3043336],[105.9616394,21.3042937],[105.9614554,21.3038435],[105.9613323,21.3034915],[105.9612331,21.3032366],[105.9610061,21.3026907],[105.9608768,21.3023835],[105.9602242,21.3007768],[105.9599388,21.300078],[105.9598997,21.2999755],[105.9593675,21.2986105],[105.9591999,21.2981772],[105.958783,21.2971559],[105.9586344,21.2968169],[105.9580519,21.2953582],[105.9580133,21.2952617],[105.9577348,21.2945709],[105.9575473,21.294059],[105.9575114,21.2939727],[105.9573398,21.2935605],[105.9571298,21.2930645],[105.9569712,21.2926646],[105.9568898,21.2924081],[105.9566451,21.2918785],[105.9562457,21.2908684],[105.9562257,21.2908204],[105.9559885,21.2902512],[105.9559669,21.29019],[105.9559438,21.2901249],[105.9558675,21.2899093],[105.9558277,21.2898006],[105.955822,21.289786],[105.9557644,21.2896389],[105.9556606,21.2893754],[105.9556492,21.2893461],[105.9555524,21.2890986],[105.95548,21.2889246],[105.9553872,21.2887016],[105.9553598,21.2886285],[105.9552383,21.2883043],[105.9551053,21.2880151],[105.9549306,21.2876928],[105.9547787,21.2873953],[105.9547134,21.2872728],[105.9546311,21.2871103],[105.9545959,21.287041],[105.9545771,21.2870039],[105.9545591,21.2869695],[105.9544402,21.2867431],[105.9543661,21.2865991],[105.954351,21.2865686],[105.9542049,21.2862734],[105.9541017,21.2860406],[105.9539644,21.2857023],[105.9538715,21.2854548],[105.9537946,21.2852769],[105.9537659,21.2852104],[105.9537051,21.2850104],[105.9536857,21.2849364],[105.9536664,21.2848339],[105.953671,21.2847164],[105.9537367,21.2842123],[105.9537442,21.2841697],[105.953795,21.2838794],[105.9538537,21.2835803],[105.9538674,21.2835106],[105.9539177,21.2832148],[105.9539809,21.2828267],[105.9540229,21.2825711],[105.9540481,21.2824556],[105.954066,21.2823522],[105.9540703,21.2823306],[105.9541208,21.2821014],[105.9541676,21.2818131],[105.9542045,21.281577],[105.9542894,21.281163],[105.9543824,21.2807734],[105.9544134,21.2806146],[105.954473,21.2802808],[105.9544921,21.2801345],[105.9545726,21.2797565],[105.9546006,21.279606],[105.954648,21.2793514],[105.9546944,21.2790964],[105.9548649,21.2782008],[105.9549337,21.2778302],[105.9550048,21.2774473],[105.9550717,21.2770869],[105.9550799,21.2770425],[105.9550878,21.2770001],[105.9551183,21.2767217],[105.9551388,21.2764318],[105.9551739,21.2760139],[105.9552016,21.2757098],[105.9552034,21.2756771],[105.9552162,21.2754372],[105.9552249,21.2752752],[105.9552316,21.2751673],[105.9552405,21.2749396],[105.955246,21.2748002],[105.9552479,21.2747532],[105.9552876,21.2742977],[105.9553323,21.273784],[105.9553508,21.2734969],[105.9553725,21.2731583],[105.9554219,21.2725494],[105.955447,21.2723319],[105.95549,21.2721112],[105.9556629,21.2715023],[105.9559364,21.2705233],[105.9560088,21.2702643],[105.9560148,21.2702427],[105.9560269,21.2701994],[105.9560722,21.2700414],[105.9561192,21.2698771],[105.9562126,21.2695326],[105.9562812,21.2692794],[105.9563875,21.2688872],[105.9564858,21.2685439],[105.9565325,21.2683872],[105.9567077,21.2677743],[105.9568449,21.2672692],[105.9568804,21.2671479],[105.9569457,21.2669248],[105.9570545,21.2665529],[105.9571361,21.2662873],[105.9572028,21.2661275],[105.9574772,21.2655301],[105.9576245,21.2652636],[105.9577826,21.2649614],[105.9579931,21.2643955],[105.9580625,21.2641821],[105.9581153,21.2639995],[105.95829,21.2635324],[105.9584522,21.263038],[105.9587378,21.2621303],[105.9590302,21.2612923],[105.9593193,21.2607102],[105.9594468,21.2604465],[105.9597385,21.2598375],[105.9597744,21.2597606],[105.9598855,21.2595231],[105.9600356,21.2592131],[105.9604257,21.2584084],[105.9604837,21.2583001],[105.9606093,21.2580585],[105.9607188,21.2579277],[105.9608418,21.2578497],[105.9609827,21.2577896],[105.9614445,21.2577124],[105.9619643,21.2576453],[105.9621616,21.2576261],[105.9644216,21.2573885],[105.9658951,21.2572091],[105.9659553,21.2572018],[105.9661384,21.2571686],[105.9662675,21.2571352],[105.9664138,21.2570811],[105.9666516,21.2569682]]}},{"type":"Feature","properties":{"id":168},"geometry":{"type":"LineString","coordinates":[[105.9739682,21.3383624],[105.9740982,21.3388849],[105.97412,21.3389612],[105.974337,21.3397216],[105.9743433,21.3397436],[105.9746167,21.3407015],[105.9747584,21.3411977],[105.9749553,21.3418876],[105.9752116,21.3429207],[105.9752241,21.3429709],[105.9752476,21.3430468],[105.9753375,21.3433878],[105.9755297,21.3439056],[105.9755588,21.3439936],[105.9756422,21.3442797],[105.975768,21.3447106],[105.9758019,21.3448464],[105.9758281,21.3449511],[105.975867,21.3451068],[105.9759048,21.3452577],[105.9760366,21.3457855],[105.9760576,21.3458698],[105.9762048,21.3464032],[105.9762293,21.3464918],[105.9764224,21.3472499],[105.9764366,21.3472968],[105.9767979,21.3484879],[105.9768239,21.3485783],[105.9770702,21.3494337],[105.9776516,21.351264],[105.9777377,21.3514803],[105.9778601,21.3517879],[105.9780152,21.3521699],[105.978191,21.3526238],[105.9782338,21.3527343],[105.9784683,21.3532729],[105.9785933,21.3535999],[105.9786546,21.3537601],[105.9790606,21.354827],[105.9790885,21.3549005],[105.979098,21.3549504]]}},{"type":"Feature","properties":{"id":169},"geometry":{"type":"LineString","coordinates":[[105.9909653,21.3465978],[105.9911666,21.3464507],[105.9913176,21.3463404],[105.9916551,21.3460939],[105.9917813,21.3460017],[105.9928508,21.3452224],[105.9935304,21.3447272],[105.9939588,21.3444133],[105.9941709,21.3442499],[105.9947869,21.3437991],[105.9948402,21.3437625],[105.9951064,21.3435866],[105.9955393,21.343255],[105.997805,21.3415945],[105.9984777,21.3411015],[105.998623,21.340995],[105.9995002,21.3403411],[106.0005905,21.3395429],[106.0016066,21.3387877],[106.0022197,21.3383411],[106.0032158,21.3376207],[106.0032388,21.3376041],[106.0046964,21.3365499],[106.0049868,21.3363399],[106.0065682,21.3351961],[106.0066693,21.335123],[106.0080183,21.3341474],[106.0096335,21.3329938],[106.0126416,21.3307994],[106.0133457,21.3302576],[106.013572,21.3300745],[106.0140429,21.3296935],[106.0146278,21.3291508],[106.0163686,21.3275892],[106.0168996,21.327157],[106.0172713,21.3268683],[106.0173971,21.3267749],[106.0178391,21.3264469],[106.017876,21.3264196],[106.018234,21.3261538],[106.0186598,21.3258412],[106.018694,21.3258178],[106.0191661,21.3254634],[106.0198194,21.3250009],[106.0204012,21.3245891],[106.0210334,21.3241415],[106.0210733,21.3241134],[106.0230446,21.3227248],[106.0241316,21.3219591],[106.0248115,21.3214801],[106.0248711,21.3214399],[106.0251029,21.3212884],[106.0257617,21.320858],[106.0260058,21.3206751],[106.0269257,21.320055],[106.0297715,21.3181368],[106.0300321,21.3179725],[106.030143,21.3179027],[106.0302758,21.3178189],[106.0307467,21.3174876],[106.0312335,21.3171451],[106.0315177,21.3169451],[106.0320944,21.3165403],[106.0327056,21.3161175],[106.0332028,21.3157707],[106.033819,21.315341],[106.0344257,21.3149075],[106.0345263,21.3148357],[106.0345459,21.3148216],[106.0349011,21.3145633],[106.0352948,21.3143131],[106.0359916,21.3138106],[106.0365012,21.3134219],[106.0366655,21.3133024],[106.0367141,21.313267],[106.0368381,21.3131767],[106.0379361,21.3122786],[106.039964,21.3105956],[106.0401685,21.3104339],[106.0401752,21.3104287]]}},{"type":"Feature","properties":{"id":170},"geometry":{"type":"LineString","coordinates":[[105.9745244,21.3887909],[105.9745542,21.3887592],[105.9745976,21.3887129],[105.9747028,21.3885901],[105.9748694,21.3883956],[105.9748962,21.3883506],[105.9749392,21.3882657],[105.9750344,21.387971],[105.9750465,21.3878437],[105.9748882,21.3869521],[105.9748319,21.3866898],[105.9746439,21.3856734],[105.9744993,21.3848916],[105.9743872,21.3842721],[105.9743759,21.3842098],[105.9742819,21.3833357],[105.9742774,21.3832933],[105.9742713,21.3832369],[105.9742928,21.382981],[105.9743786,21.3826812],[105.9744138,21.382619],[105.974631,21.3822278],[105.9749848,21.381591],[105.9749925,21.3815713],[105.9750503,21.3814243],[105.9752866,21.3807741],[105.9755666,21.3801503],[105.9757777,21.379691],[105.9758741,21.3795053],[105.9762207,21.3788379],[105.976278,21.378698],[105.9764928,21.3781846],[105.9765029,21.378151],[105.9765087,21.3781309],[105.9765159,21.3781094],[105.9767163,21.377563],[105.9770779,21.3767651],[105.9774475,21.3758363],[105.9775151,21.3756682],[105.9775783,21.3755111],[105.9776267,21.3753906],[105.9776697,21.3749985],[105.977669,21.3749261],[105.9776616,21.3740519],[105.9777043,21.3738817],[105.9778686,21.3732274],[105.9779477,21.3729127],[105.9779727,21.372813],[105.9781576,21.3722859],[105.9781863,21.3722041],[105.9783134,21.3718364],[105.9783624,21.3717346],[105.9784283,21.3715932],[105.9785277,21.3713798],[105.9787302,21.3709451],[105.9787808,21.3708366],[105.9788156,21.370762],[105.9788691,21.3706471],[105.9791614,21.3700199],[105.9792324,21.3698674],[105.9793613,21.3695908],[105.9794429,21.3693768],[105.9795206,21.3691178],[105.9796742,21.3686082],[105.9797599,21.3683343],[105.9798303,21.3681207],[105.9799266,21.3677982],[105.9800055,21.3674649],[105.9800576,21.3672542],[105.9801011,21.367113],[105.9801628,21.3669669],[105.9801909,21.3668907],[105.9802124,21.3668108],[105.9802808,21.3665784],[105.9803564,21.3663556],[105.9805021,21.3657062],[105.9805107,21.3656598],[105.9805785,21.3654469],[105.9807389,21.3649142],[105.980864,21.3645186]]}},{"type":"Feature","properties":{"id":171},"geometry":{"type":"LineString","coordinates":[[105.9786862,21.4002519],[105.9786542,21.4001999],[105.9785999,21.4001116],[105.9784076,21.399703],[105.9782403,21.3995655],[105.9776214,21.3987548],[105.9775972,21.3987223],[105.9774154,21.398494],[105.9769863,21.3979392],[105.976801,21.3976996],[105.9766327,21.3974835],[105.9761965,21.3969022],[105.9760576,21.3967431],[105.9759951,21.396638],[105.9759343,21.3965334],[105.9759051,21.3964628],[105.9757688,21.396133],[105.9755507,21.3952598],[105.9754662,21.3949164],[105.9751796,21.3937863],[105.9751162,21.3935353],[105.9749231,21.3925763],[105.974834,21.3921067],[105.9747797,21.3919237],[105.9747707,21.3919029],[105.9747551,21.391867],[105.97473,21.3918121],[105.974629,21.3916528],[105.9742023,21.3909883],[105.974134,21.3908821],[105.9740456,21.3907444],[105.9739006,21.3904834],[105.973767,21.3902425],[105.9737012,21.3901126],[105.9737174,21.389959],[105.9737577,21.3898317],[105.9738569,21.3896144],[105.9742657,21.3890869],[105.9742817,21.3890696],[105.9742897,21.3890584]]}},{"type":"Feature","properties":{"id":172},"geometry":{"type":"LineString","coordinates":[[106.2403866,21.2984909],[106.2423715,21.3001179],[106.2435529,21.3010883],[106.2440111,21.3014631],[106.2445053,21.3018674],[106.2452173,21.3024444],[106.2454202,21.3026253],[106.2455191,21.3027056],[106.2457699,21.3029342],[106.2459186,21.3030883],[106.2463117,21.3035652],[106.2464799,21.3037784],[106.2467335,21.3040997],[106.2470077,21.3044836],[106.2473486,21.304999],[106.2476045,21.3054382],[106.2477778,21.3057616],[106.24797,21.3061201],[106.2481015,21.3063995],[106.2481621,21.3065283],[106.2482165,21.3066609],[106.2484266,21.3071724],[106.2485214,21.3074483],[106.2486295,21.3077626],[106.2488589,21.3084859],[106.2488969,21.3086403],[106.2489349,21.3087941],[106.2489633,21.308929],[106.2489952,21.3090802],[106.2490072,21.3091432],[106.2491253,21.3097606],[106.2491631,21.310066],[106.2492319,21.3105208],[106.2492859,21.3110864],[106.2493131,21.3113754],[106.2493243,21.3116931],[106.2493214,21.3119901],[106.2493211,21.3120189],[106.249309,21.3123262],[106.2493051,21.3123875],[106.2492676,21.3129737],[106.249247,21.3131694],[106.2492433,21.3132045],[106.2492098,21.3134394],[106.2491463,21.31384],[106.2491366,21.3139009],[106.2490714,21.3142429],[106.2490341,21.3144389],[106.2489343,21.3148598],[106.2489194,21.3149227],[106.2489034,21.3149813],[106.2484293,21.3167252],[106.2477071,21.3194554],[106.247566,21.3200011],[106.247516,21.3202734],[106.247497,21.3205555],[106.2474918,21.3208056],[106.2475178,21.3210745],[106.2475482,21.3214027],[106.2476309,21.3217212],[106.2476813,21.3218737],[106.2477446,21.3220653],[106.2478154,21.322257],[106.2480141,21.3227947],[106.2481223,21.3230874],[106.2482094,21.3234814],[106.2482258,21.3235711],[106.2485972,21.3256037]]}},{"type":"Feature","properties":{"id":173},"geometry":{"type":"LineString","coordinates":[[106.2531936,21.4217123],[106.2540878,21.4213555],[106.2552027,21.4209108],[106.2555922,21.4207554],[106.2559009,21.4206323],[106.2566803,21.4203183],[106.2577681,21.4198803],[106.2580671,21.4197599],[106.258474,21.419596],[106.2595704,21.4191544],[106.2597877,21.4190664],[106.2606223,21.4187178],[106.260684,21.4186932]]}},{"type":"Feature","properties":{"id":174},"geometry":{"type":"LineString","coordinates":[[106.228638,21.4300909],[106.22917,21.4296345],[106.2298568,21.429049],[106.2301226,21.4288372],[106.23035,21.4286561],[106.2304755,21.4285605],[106.230663,21.4284177],[106.2306934,21.4283946],[106.2309011,21.4282722],[106.2315059,21.4279105],[106.232085,21.4275664],[106.2324155,21.4274172],[106.2326531,21.4273099],[106.232715,21.4272893],[106.2328371,21.4272486],[106.2330392,21.4271857],[106.2336243,21.4270291],[106.2337712,21.4269898],[106.234058,21.4269131],[106.2344321,21.4268306],[106.2349659,21.4267107],[106.2354611,21.4265982],[106.2355535,21.4265766],[106.2359589,21.4264819],[106.2362639,21.4264066],[106.236539,21.4263387],[106.23708,21.4262068],[106.2376702,21.42607],[106.2379342,21.4260119],[106.2387921,21.4258231],[106.2389948,21.4257801],[106.2395042,21.425672],[106.2402087,21.4255195],[106.2412404,21.4252763],[106.2417065,21.4251664],[106.2443204,21.4245686],[106.2454729,21.42431],[106.2465295,21.4240625],[106.2474255,21.4238406],[106.2480751,21.4236798],[106.2485594,21.4235586],[106.2486626,21.4235272],[106.2488061,21.4234748],[106.2494284,21.4232451],[106.2495981,21.4231771],[106.2506448,21.4227579],[106.2512414,21.4225073],[106.2515057,21.4223978],[106.2531936,21.4217123]]}},{"type":"Feature","properties":{"id":175},"geometry":{"type":"LineString","coordinates":[[106.2996125,21.2947612],[106.3001222,21.2947995],[106.301965,21.2949399],[106.3020452,21.2949449],[106.3037165,21.2949441],[106.3058964,21.2950795],[106.3061476,21.2950953],[106.3091455,21.2952809],[106.3092819,21.2952902],[106.3097748,21.2953209],[106.3103762,21.2953583],[106.3108805,21.2953896],[106.3116903,21.29544],[106.3121117,21.2954662],[106.312289,21.2954772],[106.3124815,21.295493],[106.315212,21.2956604],[106.315622,21.2956856],[106.3158618,21.2957003],[106.3163408,21.2957296],[106.316789,21.2957571],[106.3176672,21.2958117],[106.3177493,21.2958167],[106.3189732,21.295892],[106.319204,21.2959059],[106.31971,21.2959364],[106.3200978,21.2959611],[106.3202165,21.2959693],[106.3236042,21.2962028],[106.3236542,21.296206],[106.3244368,21.2962566],[106.3247753,21.2962785],[106.3266604,21.2964004],[106.3297928,21.2966029],[106.3298973,21.2966096],[106.3339107,21.2969723],[106.3344694,21.2969986],[106.3345593,21.2970029],[106.3346494,21.2970071],[106.3350545,21.2970263],[106.335772,21.2970601],[106.3358503,21.2970638],[106.3372345,21.2971366],[106.3373077,21.2971411],[106.3384638,21.297224],[106.338504,21.2972257],[106.3400744,21.2973301],[106.3401754,21.2973381],[106.3410843,21.2974213],[106.3423382,21.2974873],[106.3425384,21.2974915],[106.3430744,21.2974977],[106.3432109,21.2975061],[106.3432936,21.2975095],[106.3443448,21.2975558],[106.3445574,21.2975701],[106.3451206,21.2976114],[106.3454136,21.2976294],[106.346525,21.2977064],[106.3468558,21.2977293],[106.3469601,21.2977365],[106.3475704,21.2977788],[106.3501598,21.2979475],[106.3517232,21.2980528],[106.3524251,21.2981001],[106.352939,21.2981347],[106.3550137,21.2982744],[106.3560216,21.2983423],[106.3563197,21.2983624],[106.357496,21.2984416],[106.3575423,21.2984447],[106.3585862,21.298515],[106.3591974,21.2985562],[106.3602316,21.2986259],[106.3602777,21.298629],[106.3610365,21.2986801],[106.3622137,21.2987594],[106.3624027,21.2987721],[106.363986,21.2988788],[106.3641416,21.2988893],[106.3657695,21.2989989],[106.3660347,21.2990183],[106.3665287,21.2990453]]}},{"type":"Feature","properties":{"id":176},"geometry":{"type":"LineString","coordinates":[[106.2246659,21.3012348],[106.2258326,21.3021745],[106.22694,21.3030182],[106.2271651,21.3031902],[106.2293325,21.3048458],[106.2297763,21.3051879],[106.2303576,21.3056326],[106.230572,21.3057966],[106.2313793,21.3064142],[106.2319054,21.3068186],[106.2334188,21.3079817],[106.2340285,21.3084408],[106.2342629,21.3086125],[106.2359529,21.3099079],[106.2366526,21.3104454],[106.2375262,21.3111164],[106.2375691,21.3111492],[106.2389531,21.3122079],[106.2409459,21.3137323],[106.2424021,21.3148473],[106.2425003,21.3149214],[106.242833,21.3151723],[106.2440645,21.3161011],[106.244542,21.3164238],[106.2445831,21.3164516],[106.2448842,21.3166465],[106.2450805,21.3167952],[106.2452613,21.31697],[106.245389,21.3171088],[106.2454908,21.3172596],[106.2455781,21.3174011],[106.2456504,21.317548],[106.2457216,21.3177147],[106.2457773,21.3178794],[106.2459176,21.3186986],[106.2459246,21.3187394],[106.2461118,21.3193875],[106.246154,21.3195003],[106.2470913,21.3220052],[106.2471975,21.322289]]}},{"type":"Feature","properties":{"id":177},"geometry":{"type":"LineString","coordinates":[[106.3116039,21.3728656],[106.3116543,21.3727536],[106.3119047,21.3721746],[106.3119581,21.3720512],[106.3122786,21.3713374],[106.3124429,21.3709752],[106.3125636,21.3707242],[106.3126072,21.3706561],[106.3126538,21.3705984],[106.3127206,21.3705256],[106.3127654,21.3704769],[106.312827,21.3704218],[106.3128814,21.3703733],[106.3130752,21.3701972],[106.3131315,21.370146],[106.3133309,21.3699767],[106.3133736,21.3699405],[106.3135178,21.3698131],[106.3136252,21.3697297],[106.313772,21.3696003],[106.3141052,21.3693155],[106.3144328,21.3690356],[106.3146282,21.3688546],[106.3148354,21.3686754],[106.3150513,21.3684806],[106.3151149,21.3684236],[106.3151579,21.368385],[106.3153251,21.368235],[106.3155831,21.3680147],[106.3157018,21.3679148],[106.3157681,21.3678573],[106.3158281,21.3677949],[106.3161664,21.3673134],[106.3161953,21.367271],[106.3163102,21.3671017],[106.3163258,21.3670787],[106.3163394,21.3670587],[106.3163991,21.3669657],[106.3164273,21.3669219],[106.3165057,21.3668041],[106.316627,21.366611],[106.3168175,21.3663078],[106.316929,21.3661303],[106.3170382,21.3659565],[106.3171299,21.3658011],[106.3171501,21.3657668],[106.3171569,21.3657554],[106.3171762,21.3657232],[106.3172903,21.3655337],[106.3173046,21.3655138],[106.3174459,21.365317],[106.317577,21.3651148],[106.317708,21.3649211],[106.3177664,21.3648237],[106.3178209,21.3647189],[106.3178509,21.3646389],[106.317881,21.3645352],[106.3178998,21.3644303],[106.3179186,21.3643328],[106.317991,21.3639707],[106.3181201,21.3631602],[106.3181324,21.3630818],[106.318188,21.3627251],[106.3182108,21.3625797],[106.3182395,21.3623972],[106.3182833,21.3621286],[106.3182914,21.3620673],[106.3183118,21.3618848],[106.3183246,21.3617703],[106.3183551,21.361497],[106.3184041,21.3610573],[106.3184608,21.3605671],[106.3184805,21.3603975],[106.3185055,21.3601724],[106.3185104,21.3601382],[106.3185434,21.3598657],[106.3185692,21.3596311],[106.3185999,21.3592695],[106.3186302,21.3590111],[106.3186972,21.3584211],[106.3187356,21.3581463],[106.3188054,21.3576365],[106.3188421,21.3574897],[106.3188876,21.3573717],[106.3189537,21.3572909],[106.3190639,21.357185],[106.319212,21.3570723],[106.3192334,21.357057],[106.3192972,21.3570114],[106.3194413,21.356906],[106.3195923,21.3567954],[106.3197222,21.3567078],[106.3197479,21.3566905],[106.3198599,21.3566218],[106.3200543,21.356515],[106.3202859,21.3564022],[106.3203604,21.356372],[106.3209065,21.3562131],[106.3214012,21.3560692],[106.3218702,21.3559346],[106.3219128,21.3559231],[106.3220266,21.3558855],[106.3221869,21.3558325],[106.3223939,21.3557688],[106.3225083,21.3557336],[106.3227846,21.3556486],[106.3231381,21.3555399],[106.3235179,21.355423],[106.3235761,21.3554059],[106.3236962,21.3553706],[106.3241947,21.3552288],[106.3248283,21.3550484],[106.3251374,21.3549412],[106.3252814,21.3548937],[106.3254079,21.3548534],[106.3264183,21.3545424],[106.3267714,21.3544047],[106.3268607,21.3543494],[106.3269898,21.3542485],[106.3271696,21.3540586],[106.3274713,21.3537414],[106.3276684,21.3534916],[106.3278141,21.3533237],[106.327887,21.3532312],[106.3279556,21.3530884],[106.3279809,21.3530382],[106.3280064,21.3529682],[106.3280292,21.3528483],[106.328048,21.3527422],[106.3280788,21.3525473],[106.3281083,21.3523513],[106.3281405,21.3520589],[106.3281506,21.3519523],[106.3281794,21.3516492],[106.3282206,21.3511993],[106.3282558,21.3508149],[106.328261,21.3507763],[106.3283578,21.350048],[106.3283739,21.349909],[106.328455,21.3492112],[106.3285281,21.3485753],[106.3285831,21.3480819],[106.3285948,21.347974],[106.3286615,21.3473623],[106.3286693,21.3472911],[106.3286903,21.3470976],[106.3288001,21.3461751],[106.3288043,21.3461396],[106.3288166,21.3460279],[106.3288232,21.3459673],[106.3288566,21.3456624],[106.3289204,21.3451253],[106.3289545,21.3448967],[106.3289908,21.3447531],[106.3290448,21.3446074],[106.329141,21.3444233],[106.3292714,21.3441968],[106.3297412,21.3434324],[106.3297976,21.3433776],[106.3300949,21.3429233],[106.3304568,21.3423433]]}},{"type":"Feature","properties":{"id":178},"geometry":{"type":"LineString","coordinates":[[106.3898687,21.2930084],[106.3898608,21.2929081],[106.3898261,21.292471],[106.38971,21.2910081],[106.3897046,21.2909671],[106.3896905,21.2908714],[106.3896717,21.2907814],[106.3895626,21.2902885],[106.3894633,21.2899084],[106.3893106,21.2894794],[106.3892787,21.289359],[106.3891011,21.2885823],[106.3890398,21.2883145],[106.389011,21.2881789],[106.3890024,21.2881453],[106.3888362,21.2874062],[106.388119,21.284216],[106.3880745,21.2840835],[106.3880356,21.2840023],[106.387994,21.2839211],[106.3878683,21.2837549],[106.3877869,21.2836615],[106.3877331,21.283596],[106.3876185,21.2834562],[106.387552,21.2833931],[106.387479,21.2833237],[106.3872269,21.2830763],[106.3869158,21.2827143]]}},{"type":"Feature","properties":{"id":179},"geometry":{"type":"LineString","coordinates":[[106.3754936,21.3067212],[106.3771125,21.305687],[106.3771702,21.3056501],[106.3780677,21.3050791],[106.378338,21.3049071],[106.3788584,21.3045923],[106.3792977,21.3042914],[106.3794665,21.3041758],[106.3798386,21.3039393],[106.3808321,21.303308],[106.3808732,21.3032819],[106.3821979,21.3024371],[106.3828811,21.3020014],[106.383746,21.3014462],[106.3845227,21.3009355],[106.3854432,21.3003303],[106.3872818,21.300004],[106.3874965,21.2999651],[106.388719,21.2997437],[106.3896677,21.2996015]]}},{"type":"Feature","properties":{"id":180},"geometry":{"type":"LineString","coordinates":[[106.3757735,21.2996439],[106.3771941,21.2997186],[106.3778636,21.2997648],[106.3785642,21.2998131],[106.3797956,21.2999069],[106.3803717,21.2999333],[106.380992,21.2999814],[106.3811108,21.2999906],[106.3816835,21.300035],[106.3817505,21.300035],[106.3819563,21.3000605],[106.3823265,21.3001954],[106.3826591,21.3003853],[106.38293,21.3006052],[106.383746,21.3014462],[106.3847042,21.3024034],[106.3847468,21.3024448],[106.3861584,21.3038303],[106.3876966,21.3053355],[106.3879034,21.3055433],[106.3888405,21.3064879],[106.389639,21.3072646],[106.3904881,21.3081258],[106.3909325,21.3086184],[106.3911805,21.3088939],[106.3919138,21.3096056],[106.3922595,21.3099522],[106.3929494,21.3106441],[106.3931351,21.3108303],[106.3934061,21.3111364],[106.3947187,21.3122923],[106.395075,21.3125261],[106.3952934,21.3126492],[106.397098,21.3136521],[106.3978551,21.3140728],[106.3982541,21.3142836],[106.3989146,21.3146326],[106.3991852,21.314778],[106.3999204,21.3151777],[106.4010094,21.315747],[106.4014005,21.3159583],[106.4019776,21.3162722],[106.4022553,21.3164229],[106.4025202,21.316562],[106.4027032,21.3166581],[106.4030766,21.3168543],[106.4037973,21.3172404],[106.4038473,21.3172672],[106.4039478,21.3173262],[106.404059,21.3173932],[106.4042727,21.317522],[106.4043313,21.3175573],[106.4049268,21.3178472],[106.4053967,21.318057],[106.4055676,21.3181166],[106.4057482,21.3181955],[106.4058267,21.3182344]]}},{"type":"Feature","properties":{"id":181},"geometry":{"type":"LineString","coordinates":[[106.4042025,21.2925643],[106.4040046,21.2918934],[106.4036826,21.2908015],[106.4037153,21.2906206],[106.4036289,21.2903349],[106.4035544,21.2900671],[106.4035336,21.2899925],[106.403299,21.2891496],[106.403288,21.2891101],[106.4032414,21.2889425],[106.4032342,21.2889167],[106.4031264,21.2885292],[106.403086,21.2883391],[106.4030307,21.2881419],[106.402892,21.2877511],[106.4022177,21.2852907],[106.4014445,21.282808],[106.4013591,21.282477],[106.4013063,21.2822857],[106.4002742,21.2772698],[106.4002651,21.2772208],[106.3999418,21.2754846],[106.3991426,21.2713689],[106.3990818,21.2710441],[106.3988368,21.2698258],[106.3986802,21.2688597],[106.3986343,21.2685786],[106.3984922,21.2677887],[106.3984291,21.2674125],[106.3983577,21.2669496],[106.3983054,21.266522],[106.3982509,21.2662046],[106.3981895,21.265847],[106.3981649,21.2657203],[106.3981247,21.2655753],[106.3980308,21.2653091],[106.3979235,21.2650654],[106.3976465,21.2643065],[106.3975778,21.2639125],[106.397255,21.2630517],[106.3972431,21.2630221],[106.3971983,21.262922],[106.3971382,21.2627777],[106.3970288,21.2625149],[106.3969599,21.2623496],[106.3968615,21.2621182],[106.3968359,21.2620479],[106.3967964,21.2619387],[106.3966987,21.2617069],[106.3966725,21.2616304],[106.3965234,21.2612575],[106.3965122,21.2612208],[106.3963988,21.2609184],[106.3962968,21.2606161],[106.3962493,21.2604917],[106.3962246,21.260427],[106.3960634,21.2600287],[106.3960009,21.2598361],[106.3959481,21.2596968],[106.3959126,21.2596067],[106.3957949,21.25934],[106.3956569,21.2590274],[106.3955068,21.2586876],[106.3951394,21.2577752],[106.3947946,21.2569655],[106.3943644,21.2559261],[106.3941396,21.2553911],[106.3939297,21.2548843],[106.3937205,21.254408],[106.3936521,21.2542118],[106.3935965,21.2541119],[106.3935492,21.2540488],[106.393504,21.2539968],[106.3934462,21.2539455],[106.3921662,21.2529638],[106.3909176,21.251972],[106.3896348,21.250984],[106.388973,21.2504509],[106.3886746,21.2502071],[106.3885278,21.2500821],[106.3883937,21.2499562],[106.3881871,21.2497984],[106.3880617,21.2497214],[106.3879745,21.2496928],[106.3878793,21.2496684],[106.3877466,21.2496497],[106.3875507,21.2496528],[106.3872873,21.2496622],[106.3872081,21.2496706],[106.3871216,21.249675],[106.3870331,21.249684],[106.3869446,21.2497011],[106.386441,21.2497484]]}},{"type":"Feature","properties":{"id":182},"geometry":{"type":"LineString","coordinates":[[106.3579153,21.2353657],[106.3579235,21.2354173],[106.3579211,21.2354549],[106.3579164,21.2354855],[106.3579043,21.2355386],[106.3578782,21.2356274]]}},{"type":"Feature","properties":{"id":183},"geometry":{"type":"LineString","coordinates":[[106.6801172,21.204214],[106.6799873,21.2042205],[106.6798787,21.2042342],[106.6797338,21.2042842],[106.67953,21.2043805],[106.6790244,21.2047143],[106.6787106,21.2049519],[106.6785792,21.2050507],[106.6785175,21.2050894],[106.6783807,21.2051332],[106.6782157,21.2051632],[106.6780856,21.205192],[106.6779703,21.2052382],[106.6778871,21.2052857],[106.6778268,21.205347],[106.6776967,21.2055958],[106.6775666,21.2058921],[106.6774875,21.2060322],[106.6774285,21.2060959],[106.6771562,21.206346],[106.6770677,21.2064685],[106.6770221,21.206586],[106.6769229,21.2068586],[106.6768746,21.2070574],[106.6768652,21.2071449],[106.6768827,21.2074],[106.6769001,21.2075775],[106.6768853,21.2076888],[106.6768384,21.2077651],[106.6767848,21.2078226],[106.6767257,21.2078638],[106.6766305,21.2079088],[106.6763985,21.2079651],[106.6758151,21.2081139],[106.6756113,21.2081751],[106.6754866,21.2082302],[106.6754383,21.2082852],[106.6753913,21.2083739],[106.675386,21.2084502],[106.6754168,21.208654],[106.6754034,21.208744],[106.6753887,21.2088078],[106.6752693,21.208995],[106.6751164,21.2091791],[106.6750494,21.2092516],[106.6749769,21.2092941],[106.6744246,21.2094987],[106.6743775,21.2095604],[106.6743305,21.2096567],[106.6743051,21.2098442],[106.6743171,21.2102631],[106.6743734,21.2107719],[106.6744526,21.2112345],[106.6745183,21.2113908],[106.6746363,21.2116209],[106.6747315,21.2117396],[106.6747946,21.2118747],[106.6748053,21.2120134],[106.6747637,21.2121885],[106.6746752,21.212451],[106.6745988,21.2125685],[106.6745116,21.2126348],[106.6744083,21.2126823],[106.6741911,21.2127348],[106.6740811,21.2127423],[106.6739859,21.2127673],[106.6738625,21.2128186],[106.6736667,21.2129424],[106.6735674,21.2129999],[106.6734655,21.2130324],[106.6733502,21.2130461],[106.6731021,21.2130074],[106.6728875,21.2129561],[106.6725804,21.2128411],[106.6721043,21.2126636],[106.6719447,21.2126311],[106.6718119,21.2126473],[106.6717181,21.2126686],[106.6716498,21.2127046],[106.6715544,21.2127798],[106.6714579,21.2128999],[106.671356,21.2130649],[106.6708761,21.2141428],[106.6708202,21.2142626]]}},{"type":"Feature","properties":{"id":184},"geometry":{"type":"LineString","coordinates":[[106.6140908,21.2455186],[106.6140544,21.2455095],[106.613704,21.2454383],[106.6135614,21.2454335],[106.6128997,21.2454113],[106.6128504,21.2454159],[106.6126902,21.2454263],[106.6122391,21.2454554],[106.6108891,21.2455426],[106.6099696,21.2456324],[106.607152,21.2459603],[106.606991,21.2459886],[106.6067987,21.2460162],[106.6064143,21.2461323],[106.6062264,21.2461934],[106.6060577,21.2462569],[106.6060015,21.246278],[106.6058555,21.2463329],[106.6056874,21.2463961],[106.6052905,21.2465348],[106.605085,21.2465852],[106.6049217,21.2466148],[106.6046266,21.2466598],[106.6046022,21.2466611],[106.604356,21.2466743],[106.6040593,21.2466816],[106.6039319,21.2466848],[106.6038729,21.2466834],[106.6036818,21.2466788],[106.6035214,21.246675],[106.6034198,21.246671],[106.6032655,21.2466649],[106.6026187,21.2466395],[106.6023548,21.2466211],[106.6020705,21.2465786],[106.6017178,21.2464961],[106.6016403,21.2464643],[106.6014925,21.2464036],[106.6012177,21.2462565],[106.6009577,21.2461043],[106.6008434,21.2460373],[106.6005772,21.2458449],[106.6004759,21.2457749],[106.5998525,21.2453389],[106.5997153,21.2452411],[106.5994879,21.2450789],[106.5994495,21.2450515],[106.5990477,21.244765],[106.5989674,21.2447113],[106.5987983,21.2445872],[106.5985015,21.2443755],[106.5984146,21.2443136],[106.5982641,21.2442138],[106.5979199,21.2440141],[106.5978361,21.2439835],[106.5975517,21.2438812],[106.5973564,21.2438229],[106.5970082,21.2437721],[106.5962514,21.2436618],[106.5961911,21.2436556],[106.5961549,21.2436349],[106.5959805,21.2436299],[106.5955728,21.2436237],[106.5955042,21.24362],[106.5952349,21.2436312],[106.5951182,21.2436524],[106.5948417,21.2437086],[106.5941231,21.2439899],[106.5937811,21.2441187],[106.5932876,21.2443199],[106.5931642,21.244363],[106.5930422,21.2444049],[106.5928815,21.2444436],[106.5928034,21.2444624],[106.5926988,21.2444711],[106.5925607,21.2444774],[106.5923837,21.2444711],[106.5921047,21.2444461],[106.5917172,21.244379],[106.5916286,21.2443636],[106.5910614,21.2442449],[106.5907374,21.2441809],[106.5903653,21.2441074],[106.5899212,21.2440071],[106.5897846,21.2439762],[106.5893608,21.2438624],[106.589228,21.24382],[106.5890041,21.2437574],[106.588815,21.2436749],[106.5886514,21.2435924],[106.5885186,21.2435199],[106.5883671,21.2434249],[106.5879151,21.243115],[106.5877555,21.2429999],[106.587608,21.2428912],[106.5873552,21.2427353],[106.5873036,21.2426962],[106.5871547,21.2425999],[106.5870461,21.2425396],[106.5867667,21.2423957]]}},{"type":"Feature","properties":{"id":185},"geometry":{"type":"LineString","coordinates":[[106.4324918,21.2899448],[106.4322387,21.2899964],[106.4318657,21.2900769],[106.4315243,21.2901505],[106.4313211,21.2901978],[106.4309124,21.290293],[106.4307092,21.2903403],[106.4303324,21.2904281],[106.4295625,21.2906074],[106.4294742,21.2906264],[106.4275932,21.2910326],[106.4275091,21.2910528],[106.4265883,21.2912862],[106.4263509,21.2913337],[106.4239765,21.2918846],[106.4220506,21.2923132],[106.4217803,21.2923859],[106.4207518,21.2926357],[106.4188663,21.2930564],[106.4179382,21.293287],[106.417099,21.2935171],[106.416909,21.2935909]]}},{"type":"Feature","properties":{"id":186},"geometry":{"type":"LineString","coordinates":[[106.3509302,21.3208718],[106.3512129,21.3207256],[106.3514838,21.3205982],[106.3516326,21.3205182],[106.3517827,21.3204492],[106.3518298,21.3204223],[106.3523448,21.3201634],[106.3525701,21.320061],[106.3528898,21.3198933],[106.3530665,21.319804],[106.3532548,21.3197088],[106.3539915,21.3193366],[106.3551758,21.3187417],[106.3559885,21.3183306],[106.3561977,21.3182232],[106.3563663,21.3181405],[106.3564202,21.3181164],[106.3567744,21.3179396],[106.3570911,21.3177794],[106.3572733,21.3176872],[106.3581343,21.3172949],[106.358825,21.3169489],[106.3594071,21.3166467],[106.3598455,21.3164279],[106.3599649,21.3163692],[106.3606676,21.3160356],[106.3611652,21.315787],[106.3617267,21.315499],[106.3622122,21.315223],[106.36255,21.3150074],[106.3626439,21.3149428],[106.3637039,21.314259],[106.3642806,21.3138992],[106.3647754,21.3135739],[106.36578,21.3129387],[106.3671921,21.3120482],[106.3681377,21.3113956],[106.3685144,21.3111018]]}},{"type":"Feature","properties":{"id":187},"geometry":{"type":"LineString","coordinates":[[106.3327116,21.3376963],[106.332897,21.337327],[106.3333485,21.3364572],[106.3336678,21.335842],[106.3336922,21.3357912],[106.3342376,21.3346936],[106.33435,21.334455],[106.3345507,21.3340622],[106.3345822,21.3340118],[106.3348058,21.3336539],[106.3349464,21.3334584],[106.3353078,21.3330652],[106.3358174,21.3325061],[106.3361917,21.33209],[106.3367423,21.331478],[106.3372673,21.330899],[106.3373169,21.3308417],[106.3378836,21.3302401],[106.3380459,21.330069],[106.3383928,21.3296743],[106.3385695,21.3294784],[106.3392462,21.3287473],[106.3396887,21.3282538],[106.3398765,21.3280514],[106.3400503,21.3278659],[106.3401447,21.3277666],[106.3402574,21.3276467],[106.3403419,21.3275742],[106.3404626,21.327488],[106.340602,21.3274068]]}},{"type":"Feature","properties":{"id":188},"geometry":{"type":"LineString","coordinates":[[106.3667564,21.2990564],[106.3669522,21.2990696],[106.3673042,21.2990931],[106.3680308,21.2991418],[106.3686129,21.2991808],[106.3687038,21.2991869],[106.3691032,21.2992108],[106.3694251,21.2992308],[106.3695734,21.2992452],[106.3702909,21.2992974],[106.3708012,21.2993308],[106.371886,21.2994107],[106.3719919,21.2994132],[106.3721408,21.2994282],[106.3725458,21.2994494],[106.3732035,21.299486],[106.3743316,21.299564],[106.3746087,21.2995826],[106.3757735,21.2996439]]}},{"type":"Feature","properties":{"id":189},"geometry":{"type":"LineString","coordinates":[[106.3869158,21.2827143],[106.3868391,21.2826502],[106.3860975,21.2820306],[106.3858577,21.2818356],[106.3854865,21.281511],[106.3851828,21.2812829],[106.3851294,21.2812429],[106.3849016,21.2810725],[106.3846304,21.2808698],[106.3845176,21.2807743],[106.3844294,21.2806963],[106.3843277,21.2806003],[106.3843007,21.2805748],[106.3841026,21.2803678],[106.3840095,21.2802584],[106.3839263,21.2801234],[106.383862,21.2799885],[106.3838184,21.2798473],[106.3837906,21.2796336],[106.3837434,21.2792883],[106.3834898,21.277736],[106.3834578,21.2775403],[106.3834317,21.2773637],[106.3834229,21.2773102],[106.3834037,21.2772639],[106.3832438,21.2768893],[106.383133,21.2767004],[106.3827532,21.2760531],[106.382667,21.2759062],[106.3825552,21.2757316],[106.3824617,21.2755857],[106.3822017,21.2751797],[106.3818355,21.2745181],[106.3817815,21.2744205],[106.3817613,21.274386],[106.381511,21.2739987],[106.3813903,21.273805],[106.3813018,21.2735963],[106.3811847,21.2732857],[106.3811514,21.2731713],[106.3811228,21.2730622],[106.3810927,21.272947],[106.3810131,21.2726048],[106.3809725,21.2723823],[106.380851,21.2717163],[106.3808188,21.2715683],[106.3806676,21.2711867],[106.3805234,21.2711235]]}},{"type":"Feature","properties":{"id":190},"geometry":{"type":"LineString","coordinates":[[106.412483,21.32046],[106.4134052,21.3204308],[106.4139737,21.3203665],[106.4142922,21.3203468],[106.414611,21.3203353],[106.4147621,21.3203209],[106.4151773,21.3202969],[106.4152402,21.3202933],[106.415641,21.3202801],[106.4159625,21.3202696],[106.4160126,21.320267],[106.4160992,21.3202597],[106.4163566,21.3202378],[106.4169216,21.3201928],[106.4172905,21.3201585],[106.4178986,21.3201203],[106.4179734,21.3201156],[106.4180481,21.3201109],[106.4182446,21.3200984],[106.4184367,21.3200861],[106.4187106,21.3200686],[106.4188033,21.3200645],[106.4189845,21.3200564],[106.4190298,21.3200572],[106.4191626,21.3200472],[106.4194214,21.3200451],[106.4197259,21.320061],[106.41986,21.3200985],[106.420151,21.3202254],[106.4201832,21.3202346],[106.4204068,21.3203769],[106.4204532,21.3204047],[106.4204715,21.3204143],[106.4205265,21.3204433],[106.4207912,21.3205833],[106.4209643,21.3206747],[106.4209984,21.3206928],[106.421315,21.32086],[106.4215448,21.3209815],[106.4219597,21.3212007],[106.4220083,21.3212264],[106.4224508,21.3214602],[106.4226285,21.3215541],[106.4234,21.3219617],[106.4235351,21.3220331],[106.4235954,21.3220663],[106.4236478,21.3220953],[106.423872,21.3222199],[106.4240508,21.3223192],[106.4242923,21.3224534],[106.4248589,21.3227681],[106.4250258,21.3228559],[106.4251033,21.3229106],[106.4252401,21.3230072],[106.4257528,21.3233692],[106.4263975,21.3239563],[106.4264901,21.3240308],[106.4267592,21.3242844],[106.4269705,21.3244835],[106.4272656,21.3247533],[106.4274083,21.3248659],[106.4274842,21.3249257],[106.4276612,21.3250519],[106.4278072,21.325126],[106.4279187,21.3251856],[106.4281816,21.3253093],[106.4282912,21.325346],[106.4283643,21.3253705],[106.4285311,21.3254168],[106.4290451,21.3255944],[106.4291806,21.3256412],[106.4293751,21.325704],[106.4300577,21.3259614],[106.4301392,21.3259866],[106.4303633,21.3260544],[106.4304036,21.3260666],[106.4305929,21.3261151],[106.4307779,21.3261525],[106.431199,21.3262362],[106.4316131,21.3263397],[106.431726,21.3263612],[106.4320788,21.3264423],[106.4326259,21.3264611],[106.432693,21.3264649],[106.432988,21.3264649],[106.4332684,21.3264599],[106.4334464,21.3264391],[106.4336693,21.3264149],[106.4339188,21.3263649],[106.4342621,21.3262625],[106.4347261,21.3261176],[106.4351714,21.3260101],[106.4351775,21.3260092],[106.4353599,21.3259807],[106.4355388,21.3259527],[106.4358634,21.3259277],[106.4361262,21.3259277],[106.4365178,21.3259777],[106.4371495,21.326108],[106.437451,21.3261971],[106.4375484,21.3262249],[106.4381086,21.326385],[106.4383738,21.3264567],[106.4387615,21.3265585]]}},{"type":"Feature","properties":{"id":191},"geometry":{"type":"LineString","coordinates":[[106.443505,21.3278872],[106.443573,21.3279049],[106.4446717,21.3282076],[106.4448582,21.3282651],[106.4449775,21.3282975],[106.4455922,21.3284546],[106.4461952,21.3286086],[106.4468282,21.328781],[106.4472118,21.3288947],[106.4476785,21.3290359],[106.4479159,21.3291071],[106.4480057,21.3291358],[106.4483625,21.3292532],[106.4491886,21.3295181],[106.4492918,21.3295506],[106.4493643,21.3295718],[106.4495024,21.329618],[106.4497815,21.3297014],[106.449953,21.3297517],[106.4502681,21.3298478],[106.4504533,21.3299016],[106.4507349,21.329979],[106.4508381,21.3300078],[106.4511708,21.3301077],[106.4513906,21.3301715],[106.4516374,21.3302164],[106.4516897,21.3302264],[106.4519815,21.3302629],[106.4524099,21.3303151],[106.4528927,21.3303314],[106.4531596,21.3303353],[106.4533165,21.3303376],[106.4534064,21.330338],[106.4538181,21.3303401],[106.4538677,21.3303403],[106.4540246,21.3303415],[106.4540957,21.330342],[106.4545007,21.330345],[106.4545235,21.3303452],[106.4546375,21.330346],[106.4547098,21.3303465],[106.4551632,21.3303519],[106.4554985,21.3303559],[106.4556447,21.3303577],[106.455823,21.3303598],[106.4558727,21.3303604],[106.4561007,21.3303654],[106.4562589,21.3303688],[106.4563823,21.3303719],[106.4565553,21.3303763],[106.4566089,21.3303764],[106.4568086,21.3303757],[106.4569059,21.3303757],[106.4575556,21.3304059],[106.4576887,21.3304117],[106.4577242,21.3304133],[106.4578724,21.3304174],[106.4579417,21.3304193],[106.4581485,21.3304274],[106.4582383,21.3304283],[106.4583899,21.3304299],[106.4585334,21.3304313],[106.4587091,21.3304331],[106.4587641,21.3304337],[106.4591208,21.3304344],[106.4594091,21.3304333],[106.460085,21.3304565],[106.4603399,21.3304639],[106.4604539,21.3304672],[106.4609326,21.3304812],[106.4611619,21.3304864],[106.4613405,21.3304904],[106.4614812,21.3304936],[106.4616072,21.3304964],[106.4617533,21.3304997],[106.4619358,21.3305038],[106.4621034,21.3305069],[106.4622752,21.3305101],[106.4623046,21.3305106],[106.4630259,21.3305248],[106.4634996,21.330534],[106.4639314,21.3305394],[106.4641525,21.3305422],[106.4643794,21.3305448],[106.4644934,21.3305464],[106.4648043,21.3305492],[106.4650324,21.3305513],[106.4651665,21.3305525],[106.4653905,21.3305546],[106.4655395,21.3305623],[106.4655997,21.3305654],[106.4659148,21.330565],[106.466006,21.3305649],[106.4660701,21.3305671],[106.4668726,21.3305951],[106.4669756,21.3305987],[106.4671971,21.330613],[106.4674685,21.3306304],[106.4675564,21.3306361],[106.4678549,21.3306715],[106.467996,21.3306882],[106.4680386,21.3306953],[106.4682442,21.3307299],[106.4682879,21.3307372],[106.4686292,21.3307948],[106.4687003,21.3308057],[106.4690434,21.3308639],[106.4693002,21.3309075],[106.4695985,21.3309584],[106.4698591,21.3310024],[106.4699436,21.3310167],[106.4703848,21.3310906],[106.4705604,21.3311258],[106.4706539,21.331144],[106.4708447,21.3311795],[106.4709587,21.3312033],[106.4711479,21.3312545],[106.4712739,21.3312895],[106.4713836,21.3313311],[106.4715328,21.3314031],[106.4715883,21.3314371],[106.4716955,21.3315158],[106.4717634,21.3315656],[106.4720528,21.3317875],[106.4721657,21.3318741],[106.4729691,21.3325062],[106.4730064,21.3325345],[106.4731571,21.3326488],[106.4734461,21.332868],[106.4737777,21.3331196],[106.474562,21.3337277],[106.4748003,21.3339176],[106.4749186,21.3340118],[106.475092,21.3341502]]}},{"type":"Feature","properties":{"id":192},"geometry":{"type":"LineString","coordinates":[[106.5578999,21.2823128],[106.5575525,21.2825065],[106.5572334,21.2826439],[106.556898,21.2827264],[106.5560632,21.2828714],[106.5557355,21.2829254],[106.555646,21.2829402],[106.5549186,21.2830529],[106.5540123,21.283208],[106.5532524,21.283313],[106.5531283,21.2833357],[106.5522483,21.2834967],[106.5520325,21.2835362],[106.5519902,21.2835454],[106.5518899,21.2835674],[106.55176,21.2835957],[106.5514022,21.2837161],[106.5511289,21.2837961],[106.5510736,21.2838123],[106.5507679,21.2839235],[106.550391,21.284051],[106.5501791,21.2840985],[106.5500074,21.2841235],[106.5497687,21.2841485],[106.5495697,21.2841616],[106.5490432,21.2841555],[106.5484528,21.2841199],[106.5483458,21.2841135],[106.5481938,21.2841016],[106.547973,21.2840885],[106.5478434,21.284088],[106.5477488,21.2840933],[106.5476337,21.2841048],[106.5475357,21.2841255],[106.5474616,21.2841411],[106.5473547,21.2841747],[106.547218,21.2842235],[106.5469951,21.2843368],[106.5469282,21.2843709],[106.546644,21.2845734],[106.5464951,21.2847458],[106.5464733,21.284784],[106.5462617,21.2851545],[106.5461867,21.2853025],[106.5460501,21.2855914],[106.5458611,21.2859382],[106.5456938,21.2862747],[106.5456835,21.2863008],[106.5455648,21.2865243],[106.5453297,21.2869464],[106.545136,21.2873388],[106.5450516,21.2874828],[106.5449395,21.287705],[106.5448379,21.2879146],[106.5447355,21.288126],[106.5446972,21.2881992],[106.5446676,21.2882467],[106.5444473,21.2886009],[106.544039,21.2890693],[106.5439826,21.2891309],[106.5437713,21.2893719],[106.5436504,21.2895043],[106.5435956,21.2895643],[106.5434918,21.2896768],[106.5432894,21.289896],[106.5431885,21.2899945],[106.5427839,21.2903898],[106.5421521,21.2909928],[106.5416671,21.2914362],[106.5413225,21.2917388],[106.5412486,21.2918037],[106.5410711,21.2919599],[106.5408364,21.2921948],[106.5404886,21.2925104],[106.5404141,21.2925788],[106.5403799,21.2926109],[106.5401,21.2928737],[106.5400833,21.2928895],[106.5399478,21.2930031],[106.5398272,21.2930868],[106.5396756,21.2931818],[106.5396088,21.2932198],[106.5394717,21.293273],[106.5392317,21.2933355],[106.5390493,21.2933767],[106.5389045,21.2934042],[106.5386282,21.2934704],[106.5379818,21.2936279],[106.5374427,21.2937591],[106.5368915,21.2938878],[106.5360433,21.2940794],[106.5353706,21.2942314],[106.5348798,21.2943539],[106.5348164,21.29437],[106.534607,21.2944233],[106.5342562,21.2945126],[106.5334704,21.2946853],[106.5333959,21.2947017],[106.5330518,21.2947773],[106.5328976,21.2948187],[106.5326978,21.2948687],[106.5323243,21.2949573],[106.5320501,21.2950274],[106.5316866,21.2951148],[106.5313715,21.2951848],[106.5311607,21.2952174],[106.5309328,21.2952526],[106.5308887,21.2952573],[106.5306661,21.2952748],[106.5304743,21.295266],[106.5302664,21.295246],[106.5300036,21.2951948],[106.5297648,21.2951248],[106.5295019,21.2950199],[106.5292632,21.2949292],[106.5290647,21.29484],[106.5286597,21.29465],[106.528583,21.2946078],[106.5284675,21.2945443],[106.5283042,21.2944572],[106.5282178,21.294411],[106.5280971,21.2943466],[106.5280616,21.2943276],[106.5277934,21.2941577],[106.5275117,21.2939903],[106.5274473,21.2939464],[106.5273026,21.2938478],[106.5271202,21.2937429],[106.5269738,21.2936949],[106.5268394,21.2936509],[106.5267039,21.2936136],[106.5263476,21.2935154],[106.5257117,21.2934019],[106.5254352,21.2933385],[106.5249557,21.2932505],[106.5245935,21.2931781],[106.5244839,21.2931638],[106.5243556,21.2931523],[106.5235681,21.2930219],[106.5231465,21.2929463],[106.523081,21.2929346],[106.5229086,21.2929037],[106.5226452,21.2928473],[106.5222413,21.2927607],[106.5221343,21.2927307],[106.5220471,21.2927062],[106.5217428,21.2926209],[106.5216478,21.2925942],[106.5207091,21.2923039],[106.5199836,21.2920737],[106.5185729,21.291626],[106.5184244,21.2915789],[106.5183523,21.2915654],[106.5176763,21.2913373],[106.5176299,21.2913217],[106.5170818,21.2911477],[106.5169799,21.2911154],[106.5164846,21.2909581],[106.5162814,21.2908936],[106.5161008,21.2908363],[106.5150341,21.2904977],[106.514602,21.290361],[106.514376,21.2902895],[106.5142643,21.2902541],[106.5137606,21.2900258],[106.5132786,21.2897117],[106.5129901,21.2894876],[106.5128083,21.2893464],[106.5122443,21.2889084],[106.512132,21.2888171],[106.5119882,21.2886971],[106.511786,21.2883947],[106.511668,21.2881173],[106.5114234,21.2876076],[106.5111288,21.2869189],[106.5106256,21.2858322],[106.5100582,21.2846068]]}},{"type":"Feature","properties":{"id":193},"geometry":{"type":"LineString","coordinates":[[106.5867667,21.2423957],[106.5864895,21.2423112],[106.5862675,21.2422634],[106.5858693,21.2421957],[106.585367,21.2421149],[106.5850373,21.2420662],[106.5845704,21.2420037],[106.5838685,21.2419189],[106.583766,21.2419065],[106.583049,21.2418213],[106.5825199,21.2417474],[106.5815378,21.2416425],[106.5810632,21.2415867],[106.5801494,21.2414735],[106.579773,21.2414272],[106.5782042,21.2412274],[106.5776173,21.2411575],[106.5770683,21.2410874],[106.5765989,21.2410499],[106.5764178,21.2410457],[106.5764015,21.2410453],[106.5762488,21.2410428],[106.5760435,21.2410394],[106.5758586,21.2410499],[106.5756635,21.2410681],[106.5754139,21.241102],[106.5748394,21.2411799],[106.573517,21.2413752],[106.5726561,21.2414983],[106.5719491,21.2415995],[106.571617,21.2416447],[106.5709636,21.2417199],[106.5708026,21.2417449],[106.5705347,21.2417831],[106.5704164,21.2417999],[106.5700825,21.2418561],[106.5697753,21.2419362],[106.5695907,21.2420134],[106.5695526,21.2420293],[106.5694631,21.242073],[106.5693569,21.2421249],[106.5691477,21.2422499],[106.5689774,21.2423693],[106.5687829,21.2425449],[106.5686166,21.2427374],[106.5683859,21.2430524],[106.5683126,21.2432144],[106.5682948,21.2432537],[106.5682116,21.2434974],[106.5681311,21.2438974],[106.5680748,21.2441524],[106.5679729,21.2445524],[106.567831,21.2450288],[106.5677503,21.2454674],[106.5677048,21.2460077],[106.5676644,21.2467773],[106.5676644,21.2471973],[106.5676792,21.247346],[106.5677132,21.2474983],[106.5677411,21.2476118],[106.567868,21.2478828],[106.5679756,21.2481123],[106.5680126,21.248166],[106.5681928,21.2484272],[106.5683605,21.2486385],[106.5685936,21.2489064],[106.5693362,21.2496452],[106.5695171,21.2498252],[106.5698558,21.2501621],[106.5702987,21.2505654],[106.5706578,21.2509396],[106.5708871,21.2511958],[106.5710843,21.251392],[106.5712774,21.251562],[106.5722188,21.2524907],[106.5727206,21.252949],[106.5730543,21.2532569],[106.5731616,21.2533681],[106.5733405,21.25356],[106.5735385,21.2537969],[106.5736599,21.2539824],[106.5736757,21.2540084],[106.5738432,21.2542665],[106.573969,21.254518],[106.5740864,21.254765],[106.5740963,21.2547917],[106.5741844,21.255034],[106.5742104,21.2551067],[106.5742949,21.2554104],[106.5743458,21.2556742],[106.5743891,21.2561199],[106.5743812,21.2563455],[106.5743807,21.2563603],[106.5743789,21.2564128],[106.5743619,21.2568953],[106.5742895,21.257329],[106.5741983,21.2577439],[106.5740806,21.2581423],[106.5739194,21.2586538],[106.5737316,21.2591888],[106.5737038,21.259263],[106.5736858,21.259315],[106.5736373,21.2594553],[106.5735774,21.2596287],[106.5734406,21.2600796],[106.5733749,21.2603036],[106.5733037,21.2605511],[106.5732381,21.2607823],[106.573218,21.2608685],[106.5731468,21.2611344],[106.5730852,21.2613685],[106.5730356,21.2615547],[106.5729808,21.2617615],[106.5729511,21.2618872],[106.5726842,21.262697],[106.5725863,21.2629345],[106.5725358,21.2630742],[106.5723757,21.2635169],[106.5721873,21.2641162],[106.5721665,21.2641918],[106.5720136,21.2648792],[106.5719171,21.2651729],[106.5718699,21.2653047],[106.5718194,21.2654399],[106.5717501,21.2656256],[106.5715161,21.2662527],[106.5714809,21.2663366],[106.5714696,21.2663635],[106.5713995,21.2665307],[106.5713565,21.2666251],[106.5711405,21.267129],[106.5708903,21.267713],[106.5708117,21.2678335],[106.5705988,21.2681599],[106.5700167,21.2688961],[106.5698209,21.2692172],[106.5697864,21.2692847],[106.5697698,21.2693171],[106.5696841,21.2694846],[106.5694682,21.2699988],[106.5694624,21.2700128],[106.5693275,21.2703478],[106.5692058,21.2706456],[106.569192,21.2706794],[106.5691397,21.2708043],[106.5690417,21.2710199],[106.568917,21.271233],[106.5687923,21.2714417],[106.5687425,21.2715437],[106.5683484,21.2721091],[106.5681539,21.2723315],[106.5680222,21.2724875],[106.567999,21.2725178],[106.5677979,21.272711],[106.5673663,21.2731266],[106.567286,21.2732047],[106.5670418,21.2734424],[106.5667095,21.2737657],[106.5664666,21.2739966],[106.5662789,21.2741821],[106.5661642,21.2742965],[106.5656585,21.2747889],[106.5654348,21.2750066],[106.5653547,21.2750846],[106.5652369,21.2752093],[106.5650908,21.275364],[106.5646664,21.2758132],[106.5645908,21.2758932],[106.5644271,21.2760665],[106.5637092,21.2768265],[106.5630588,21.2774673],[106.5623426,21.2781712],[106.5622291,21.2782789],[106.562023,21.2784744],[106.5617751,21.2787095],[106.5612607,21.2791974],[106.5607899,21.2796373],[106.5604724,21.2799324],[106.560206,21.2801899],[106.5595199,21.2808297],[106.5591931,21.2811472],[106.5591144,21.2812237],[106.5590471,21.2812867],[106.5588755,21.2814474],[106.5585872,21.2817167],[106.5582014,21.2820524],[106.5580321,21.2822158]]}},{"type":"Feature","properties":{"id":194},"geometry":{"type":"LineString","coordinates":[[106.5100582,21.2846068],[106.509811,21.2840129],[106.5097851,21.2839506],[106.5093454,21.2828937],[106.5089697,21.2821316],[106.5087118,21.2815435],[106.5083791,21.2806404],[106.508342,21.280537]]}},{"type":"Feature","properties":{"id":195},"geometry":{"type":"LineString","coordinates":[[106.3541861,21.2783674],[106.3530053,21.2780953],[106.3496947,21.2772879],[106.348882,21.2770579],[106.3481659,21.276813],[106.3470232,21.2763156],[106.3465244,21.2760482],[106.3460308,21.2757657],[106.3454046,21.2753634],[106.3451419,21.2751947],[106.3444839,21.2747083],[106.3435083,21.2738436],[106.3434847,21.2738228],[106.3432601,21.2736237],[106.3420644,21.2725609],[106.3419193,21.2724287],[106.3416306,21.2721655],[106.3414665,21.2720159],[106.3409078,21.2715067],[106.3405323,21.2711793],[106.3398376,21.2706869],[106.3394862,21.2704582],[106.3387057,21.270027],[106.3382725,21.2698245],[106.337346,21.2694764],[106.3367625,21.2693259],[106.3362735,21.2692309],[106.3350486,21.2690494],[106.333226,21.2688297],[106.332723,21.2687835],[106.3325341,21.2687623],[106.3322912,21.2687351],[106.3319623,21.2687003],[106.3319103,21.2686948],[106.3313216,21.2686173],[106.3307528,21.2685396],[106.3306604,21.2685285],[106.3288373,21.2682998],[106.3274377,21.2681187],[106.3267136,21.2680399],[106.3256314,21.2679035],[106.3240957,21.2677099],[106.3228165,21.2675362],[106.3226929,21.267525],[106.3212769,21.2673728],[106.3201126,21.2672375],[106.3190279,21.2671035],[106.3173312,21.2668788],[106.3167753,21.2668095],[106.31494,21.2665889],[106.3142359,21.2664952],[106.3138041,21.2664439],[106.3130504,21.2663727],[106.3127272,21.2663302],[106.3122471,21.2662665],[106.3117079,21.2661852],[106.3110347,21.2660977],[106.3104218,21.2660302],[106.3097584,21.2659512],[106.309439,21.2659096],[106.3085832,21.265799],[106.3079005,21.2657253],[106.3074191,21.2656766],[106.3068291,21.2656364],[106.3066122,21.2656216],[106.3050601,21.2656166],[106.3035147,21.2656418],[106.3032288,21.2656422],[106.3031114,21.2656414],[106.3029134,21.26564],[106.3027286,21.2656363],[106.3013275,21.2657068]]}},{"type":"Feature","properties":{"id":196},"geometry":{"type":"LineString","coordinates":[[106.6070282,21.5763211],[106.6069371,21.5765207],[106.6068381,21.5767353],[106.6067469,21.5769586],[106.6065214,21.5773868],[106.6062543,21.5778055],[106.6060683,21.5781483],[106.6059041,21.5785042],[106.6056727,21.5788791],[106.6056432,21.5789214],[106.60543,21.5792273],[106.6051872,21.5795488],[106.6051259,21.5796394],[106.6050603,21.5797485],[106.60498,21.579875],[106.6048261,21.5800806],[106.6045207,21.5804879],[106.604062,21.5811252],[106.6040086,21.5811944],[106.6038085,21.5814535],[106.603732,21.5815526],[106.6035806,21.5817487],[106.6033405,21.5820742],[106.6031288,21.5823823],[106.6029065,21.582691],[106.6028604,21.5827551],[106.6025288,21.5832437],[106.6024504,21.5833581],[106.6023427,21.5835096],[106.6020504,21.5838499],[106.6018183,21.584075],[106.6017858,21.5841065],[106.6015124,21.5844206],[106.6014848,21.5844576],[106.6014227,21.5845409],[106.6013377,21.5847013],[106.6013221,21.5847604],[106.6013033,21.5849438],[106.6013011,21.5850223],[106.6012992,21.5850917],[106.6013146,21.5852403],[106.6013195,21.5852936],[106.6013623,21.5855016],[106.6013825,21.5855997],[106.6014397,21.5859607],[106.6014388,21.5860586],[106.6014345,21.5861319],[106.6013883,21.5863006]]}},{"type":"Feature","properties":{"id":197},"geometry":{"type":"LineString","coordinates":[[106.6516432,21.5197509],[106.6516075,21.5200077],[106.6516082,21.520081],[106.6516153,21.5201267],[106.6516182,21.5201457],[106.6516365,21.5201976],[106.6517287,21.5203485],[106.6524196,21.5212498],[106.6525199,21.5214896],[106.6525429,21.5216305],[106.6525371,21.5217286],[106.6525141,21.5218147],[106.6524403,21.5220902],[106.6524042,21.522169],[106.6520971,21.5227876],[106.6519463,21.5230915],[106.6517815,21.5233562],[106.6512448,21.5241462],[106.6508803,21.5245522],[106.6508263,21.5246123],[106.6506547,21.5248618],[106.6504638,21.5251111],[106.6501424,21.5258422],[106.6499874,21.5260029],[106.6497972,21.5260854],[106.6495784,21.5261072],[106.6494665,21.5260969],[106.6493268,21.5260423],[106.6492224,21.5259946],[106.6491235,21.5258931],[106.6484529,21.5250764],[106.6483263,21.5249524],[106.6481709,21.5248518],[106.6480321,21.5248102],[106.6478786,21.5247944],[106.6477464,21.5248094],[106.6469935,21.5250757],[106.6464863,21.5253005],[106.6460781,21.5256261],[106.6457153,21.526024],[106.6455874,21.5261838],[106.6451751,21.5267965],[106.6449617,21.5271136],[106.6448183,21.5273104],[106.644668,21.5275166],[106.6443667,21.5279766],[106.6439921,21.5285483],[106.6438687,21.5287205],[106.6432309,21.5294362],[106.6427761,21.5299465],[106.6426335,21.5301065],[106.6425721,21.5301773],[106.6420425,21.5307881],[106.641853,21.5310134],[106.6417301,21.5311718],[106.6415848,21.531359],[106.641161,21.5320127],[106.6408458,21.5324905],[106.6406862,21.5327637],[106.6406085,21.5329134],[106.6405762,21.5329852],[106.6405307,21.5330868],[106.6402356,21.5340393],[106.6401257,21.5342707],[106.6400787,21.534338],[106.6399996,21.5344016],[106.6397944,21.534484],[106.6395007,21.5345314],[106.6390702,21.5345476],[106.6387832,21.5345601],[106.6386639,21.5345788],[106.6385713,21.5346075],[106.6384721,21.5346499],[106.6383983,21.5346973],[106.6383286,21.5347672],[106.6382575,21.5349019],[106.63811,21.5353547],[106.6379839,21.5356891],[106.6379061,21.5358113],[106.637823,21.5359036],[106.6374946,21.536165],[106.6372745,21.5363402],[106.6370672,21.5365017],[106.6369607,21.5365847],[106.6367823,21.5367681],[106.6366996,21.5369151],[106.6366549,21.5369945],[106.6364376,21.5373806],[106.636099,21.5379636],[106.636042,21.5380617],[106.635911,21.5382818],[106.6358623,21.5383636],[106.6357905,21.5384573],[106.6357523,21.5385071],[106.6355297,21.5387715],[106.6352777,21.539023],[106.635246,21.5390547],[106.6350147,21.5392855],[106.6347358,21.5395961],[106.6346858,21.5396584],[106.6344032,21.5400103],[106.6342498,21.5402079],[106.634194,21.5402797],[106.6341736,21.5403014],[106.6340531,21.5404294],[106.6340262,21.5404499],[106.6339882,21.5404789],[106.6338439,21.5405891],[106.6336245,21.5407309],[106.6334094,21.5408698],[106.6330393,21.541113],[106.6327912,21.5412951],[106.6327295,21.541355],[106.6326664,21.5414373],[106.6325752,21.5415721],[106.6324894,21.5417317],[106.6322225,21.5421396],[106.6316888,21.5428968],[106.6315962,21.5430103],[106.6314639,21.5431355],[106.6314407,21.5431575],[106.6312703,21.5432561],[106.6308707,21.5434332],[106.6306194,21.5435554],[106.6303115,21.5437051],[106.6300352,21.5438424],[106.6298313,21.5439646],[106.6297227,21.5440981],[106.6296422,21.5442278],[106.6295792,21.5444336],[106.6295966,21.5447168],[106.6296576,21.545243],[106.629665,21.5453068],[106.6297334,21.5457584],[106.6297804,21.5461501],[106.6297723,21.5462997],[106.6297616,21.5463683],[106.6297442,21.5464195],[106.6296624,21.5465006],[106.6294269,21.5466386],[106.6293687,21.546654],[106.6293184,21.546658],[106.6292198,21.5466658],[106.629194,21.5466612],[106.629075,21.5466397],[106.6287545,21.5465341]]}},{"type":"Feature","properties":{"id":198},"geometry":{"type":"LineString","coordinates":[[106.6661297,21.4944498],[106.6659446,21.4948445],[106.6657676,21.4952089],[106.6655356,21.4956868],[106.6654943,21.4957716],[106.6654799,21.4958012],[106.6653277,21.4961136],[106.6652703,21.4962347],[106.6652392,21.4962833],[106.665166,21.4963869],[106.6651163,21.4964529],[106.6648846,21.4967603],[106.6643152,21.4974126],[106.6639074,21.4979304],[106.6637532,21.4981238],[106.6637144,21.4981834],[106.663662,21.4982685],[106.6635968,21.4983911],[106.663532,21.4985131],[106.6632852,21.499021],[106.6631699,21.4992281],[106.663123,21.4993067],[106.6627786,21.4998836],[106.6627192,21.499983],[106.6626491,21.5000825],[106.662599,21.500148],[106.6625802,21.5001725],[106.6623205,21.5005111],[106.662275,21.5005675],[106.6619897,21.5009213],[106.6617738,21.5012345],[106.661586,21.5014866],[106.6614072,21.50172],[106.6612992,21.5018815]]}},{"type":"Feature","properties":{"id":199},"geometry":{"type":"LineString","coordinates":[[106.6765061,21.3853239],[106.6768007,21.385278],[106.6768719,21.3852662],[106.6772563,21.3852111],[106.6781741,21.3850427],[106.6783847,21.3850077],[106.6787615,21.3849391],[106.6789899,21.3849065],[106.6792846,21.3848566],[106.6793181,21.3848504],[106.6801067,21.3847405],[106.6802986,21.3847053],[106.68045,21.3846805],[106.6809234,21.3845831],[106.68107,21.3845571],[106.6813097,21.3845294],[106.681775,21.3844495],[106.6818782,21.3844395],[106.6823195,21.3843671],[106.6824858,21.3843434],[106.6828576,21.3843067],[106.6832388,21.3842785],[106.6834259,21.384266],[106.6835898,21.3842571],[106.6836458,21.3842535],[106.6840374,21.3842335],[106.6844867,21.384216],[106.6847884,21.384225],[106.6849574,21.3842285],[106.6853005,21.3842429],[106.6855529,21.3842535],[106.6858761,21.3842685],[106.6863682,21.3842964],[106.6870013,21.3843296],[106.6875054,21.3843651],[106.6878167,21.3843871],[106.6881673,21.3844089],[106.6888453,21.3844345],[106.6889962,21.3844457],[106.6896031,21.3844907],[106.6897246,21.3845009],[106.6899023,21.3845102],[106.6902213,21.3845269],[106.6902746,21.384531],[106.6905242,21.384548],[106.6908878,21.3845769],[106.6909672,21.3845828],[106.6910335,21.3845885],[106.6910952,21.3845939],[106.6913142,21.3846256],[106.6914125,21.3846429],[106.6918314,21.3847165],[106.6918582,21.3847212],[106.691991,21.3847445],[106.6923303,21.3848042],[106.6923657,21.3848104],[106.6924643,21.3848304],[106.6926006,21.3848581],[106.6927482,21.3848881],[106.692827,21.3849041],[106.6928515,21.3849087],[106.693232,21.3849803],[106.6934068,21.3850182],[106.6938218,21.3851265],[106.6941887,21.3852311],[106.6942727,21.385255],[106.6950922,21.3854947],[106.6953135,21.3855622],[106.6955267,21.3856296],[106.6962588,21.3858523],[106.6965977,21.3859582],[106.6968074,21.3860242],[106.6972218,21.3861441],[106.6975692,21.3862453],[106.697706,21.3862952],[106.6978642,21.3863489],[106.6979392,21.3863718],[106.6979608,21.3863801],[106.6980775,21.3864176],[106.6984256,21.3865267],[106.6984892,21.3865462],[106.6988365,21.3866486],[106.6993922,21.3868178],[106.699575,21.3868665],[106.6996718,21.3869054],[106.6998383,21.386957],[106.7000415,21.3870117],[106.7008322,21.3873272],[106.7015458,21.3876272],[106.7020847,21.3878362],[106.7024302,21.3879821],[106.7030734,21.3882583],[106.7037342,21.3885218]]}},{"type":"Feature","properties":{"id":200},"geometry":{"type":"LineString","coordinates":[[106.8818393,21.2198193],[106.8820037,21.2198369],[106.8821272,21.2198908],[106.8822536,21.220021],[106.8823573,21.220186],[106.8824619,21.2203911],[106.8824927,21.2205086],[106.8825142,21.2205984],[106.8825665,21.2208611],[106.8826336,21.2213362],[106.8826552,21.2215165],[106.8827248,21.2217062],[106.8828707,21.2219013],[106.8830761,21.2221288],[106.8834148,21.2224245],[106.8835602,21.2225225],[106.8836487,21.2225682],[106.883738,21.2226119],[106.8838533,21.2226364],[106.8840042,21.2226494],[106.8841269,21.222647],[106.8841886,21.222632],[106.8844886,21.222517],[106.8847673,21.2224101],[106.884829,21.2223838],[106.8848839,21.2223719],[106.8849436,21.2223669],[106.885012,21.2223663],[106.8850429,21.2223703],[106.8851039,21.2223782],[106.8852695,21.2224213],[106.8855974,21.2225483],[106.8856514,21.2225693],[106.8859744,21.2226944],[106.8861309,21.222755],[106.8862157,21.2227879],[106.8864278,21.22287],[106.8864958,21.2228964],[106.886557,21.2229201],[106.8866991,21.2229826],[106.886794,21.2230329],[106.886805,21.2230404],[106.8868393,21.2230639],[106.8869091,21.2231246],[106.8870374,21.2232361],[106.8871075,21.2232971],[106.8871828,21.2233625],[106.8873687,21.2235242],[106.8874186,21.2235702],[106.8874421,21.2235883],[106.8874682,21.2236033],[106.8877473,21.2237363],[106.8878813,21.2238002],[106.8880693,21.2238734],[106.8881365,21.2238995],[106.8881975,21.2239232],[106.88823,21.2239359],[106.8882964,21.2239778],[106.8883306,21.2240115],[106.8883742,21.2240678],[106.888395,21.2241065],[106.8884037,21.224154],[106.8883958,21.2244118],[106.8883784,21.224529],[106.8883688,21.224631],[106.8883708,21.2247153],[106.888377,21.2247377],[106.8883963,21.2248079],[106.8884056,21.2248277],[106.8884379,21.2248966],[106.8885213,21.2250115],[106.8885391,21.2250266],[106.8886759,21.2251366],[106.8887538,21.2251918],[106.8888588,21.2252661],[106.8892345,21.2255323],[106.8895121,21.2257623],[106.8895543,21.2258105],[106.8896261,21.2259223],[106.8896623,21.2260255],[106.8899138,21.2271567],[106.8900366,21.2277091],[106.8901565,21.2281357],[106.8902101,21.2282701],[106.8903027,21.2284333],[106.8903469,21.228487],[106.8904126,21.2285438],[106.8904945,21.2285963],[106.8906094,21.2286479],[106.8906936,21.2286857],[106.8908485,21.2287257],[106.8910443,21.2287507],[106.8913092,21.2287645],[106.8923822,21.2287017],[106.8924911,21.2286953],[106.8925389,21.2286935],[106.8927517,21.2286855],[106.8928689,21.2287113],[106.8929561,21.2287332],[106.8930754,21.2288026],[106.8931626,21.2288732],[106.8932249,21.2289414],[106.8932739,21.229007],[106.8933246,21.2291009],[106.8933637,21.2291733],[106.8934013,21.2292958],[106.8934254,21.229622],[106.8934324,21.229759],[106.8934885,21.2303365],[106.8935133,21.2304671],[106.8935341,21.2305271],[106.8935676,21.2306234],[106.8936065,21.230694],[106.8936514,21.2307565],[106.8937727,21.2309158],[106.8937824,21.2309286],[106.893947,21.2311449],[106.8943497,21.2316741],[106.8944666,21.2318163],[106.894643,21.2320308],[106.894708,21.2321099],[106.8947751,21.2321915],[106.894843,21.2322741],[106.8949483,21.2324235],[106.8949717,21.2324717],[106.8949918,21.2325129],[106.8950227,21.2326047],[106.89503,21.2326412],[106.8950536,21.2327591],[106.8950684,21.233016],[106.895083,21.2333008],[106.8950864,21.2333579],[106.8950936,21.2334106],[106.8950978,21.2334416],[106.89513,21.2335342],[106.8951736,21.2336204],[106.8952555,21.2337264],[106.8952822,21.233761],[106.8953928,21.2338673],[106.8955926,21.2340474],[106.8956403,21.2340904],[106.8959856,21.2343934],[106.8960197,21.2344232],[106.8960714,21.2344686],[106.8961419,21.2345317],[106.8962978,21.2346711],[106.8963151,21.2346865],[106.8963383,21.2347073],[106.8964569,21.234829],[106.8965799,21.2349772],[106.896691,21.2351111],[106.8967708,21.2352207],[106.8968225,21.2352917],[106.8970097,21.2355752],[106.8970248,21.2355979],[106.8973417,21.2360758],[106.8973794,21.2361328],[106.8975563,21.2363995],[106.897611,21.2364799],[106.8977087,21.2366293],[106.8978189,21.2367955],[106.8979994,21.237065],[106.8981727,21.2373168],[106.8982182,21.2373829],[106.8982816,21.2374749],[106.8989748,21.2384821],[106.8990822,21.2386381],[106.8994524,21.2392481],[106.8994986,21.2393462],[106.8995428,21.2395049],[106.8995657,21.2395812],[106.8995824,21.2397062],[106.8995892,21.2399012],[106.8995737,21.2401349],[106.8995355,21.2405206],[106.8995368,21.2406574],[106.899555,21.2407688],[106.8995796,21.2408371],[106.8995907,21.2408681],[106.8997172,21.2410743]]}},{"type":"Feature","properties":{"id":201},"geometry":{"type":"LineString","coordinates":[[106.7436765,21.2102949],[106.7434524,21.2102056],[106.7431252,21.2101043],[106.7428905,21.2100317],[106.7425284,21.2099393],[106.7420791,21.2098267],[106.7417063,21.2097267],[106.7414488,21.2096655],[106.7411242,21.2095992],[106.740587,21.2095378],[106.7404899,21.2095267],[106.7399508,21.2095254],[106.7398994,21.2095293],[106.7395401,21.2095564],[106.7393084,21.2095754],[106.7389664,21.2096342],[106.738854,21.2096599],[106.7385775,21.209723],[106.7379731,21.2098685],[106.7379069,21.2098845],[106.7376818,21.2099387],[106.7375703,21.2099655],[106.7373906,21.2099868],[106.7373235,21.2099871],[106.7371465,21.209988],[106.7368072,21.2099593],[106.7367341,21.209946],[106.7365672,21.2099155],[106.7363493,21.2098602],[106.7358832,21.2097042],[106.7358275,21.2096839],[106.7352878,21.2094867],[106.7346896,21.2092741],[106.7343343,21.2091351],[106.7341303,21.2090553],[106.7339839,21.2089981],[106.7338139,21.2089316],[106.7335399,21.2088071],[106.733437,21.2087603],[106.7332822,21.2086826],[106.7332426,21.2086627],[106.7328492,21.2084321],[106.7327906,21.2083977],[106.7325252,21.208255],[106.7323789,21.2081764],[106.7321499,21.2080799],[106.7320532,21.2080392],[106.7317231,21.2079001],[106.731644,21.2078597],[106.7314582,21.2077648],[106.7312188,21.2076425],[106.7310391,21.2075713],[106.7309654,21.2075538],[106.7307723,21.2075237],[106.7306073,21.2075287],[106.730386,21.2075488],[106.7297262,21.20764],[106.7285956,21.2077513],[106.7282496,21.2077826],[106.7279412,21.2078001],[106.7277025,21.2078038],[106.7274959,21.2077701],[106.7273457,21.207715],[106.727158,21.2076275],[106.7269059,21.2074987],[106.7266939,21.2073574],[106.7265531,21.2072362],[106.7264673,21.2071449],[106.7263211,21.2069574],[106.7261829,21.206696],[106.7260838,21.206461],[106.7259483,21.2060209],[106.7258799,21.2058234],[106.7258196,21.2055496],[106.7257123,21.205217],[106.7256251,21.2049031],[106.7255226,21.2045548],[106.7254779,21.2044241],[106.7253971,21.204188],[106.7252442,21.2038554],[106.7251691,21.2037253],[106.7249787,21.2034603],[106.7248687,21.203314],[106.7247507,21.203179],[106.7245831,21.2030139],[106.724402,21.2028739],[106.7241217,21.2027288],[106.7240763,21.202714],[106.7238334,21.2026351],[106.7236884,21.2025938],[106.7234907,21.2025375],[106.7230037,21.2024473],[106.7216698,21.2022647],[106.7215468,21.2022487],[106.7213478,21.2022166],[106.7210319,21.2021615],[106.720887,21.2021362],[106.7207332,21.2021062],[106.720486,21.2020912],[106.7202124,21.2021037],[106.7199723,21.2021262],[106.7197471,21.2021671],[106.7193824,21.2022333],[106.7190577,21.202295],[106.7185213,21.2023913],[106.7180867,21.2024388],[106.7180083,21.2024397],[106.7177334,21.2024362],[106.717211,21.20243],[106.7170942,21.2024204],[106.7168581,21.2024009],[106.7166771,21.202387],[106.716456,21.20237],[106.7161522,21.2023544],[106.7158565,21.2023738],[106.7156412,21.2023856],[106.7152897,21.2024345],[106.7151712,21.2024575],[106.7145475,21.2025969],[106.7143183,21.2026389],[106.7143048,21.2026401],[106.714101,21.2026213],[106.7138609,21.2025851],[106.7136785,21.2025425],[106.7135096,21.2024974],[106.713232,21.2024087],[106.7127853,21.2022412],[106.7121242,21.2021061],[106.7115341,21.2019924],[106.7111358,21.2019449],[106.7110353,21.2019246],[106.7107597,21.201869],[106.7107048,21.201858],[106.7101809,21.2017523],[106.7097658,21.2016586],[106.7097156,21.2016473],[106.7093669,21.201541],[106.7092046,21.2014748],[106.7090812,21.201416],[106.7086527,21.2011821],[106.7083624,21.2010209]]}},{"type":"Feature","properties":{"id":202},"geometry":{"type":"LineString","coordinates":[[106.9341816,21.3696858],[106.934254,21.3696658],[106.9343989,21.3696283],[106.9346939,21.3695684],[106.9348159,21.3695484],[106.9349983,21.3695234],[106.9351459,21.3695122],[106.9353014,21.3695122],[106.9354932,21.3695122],[106.935693,21.3695284],[106.9359237,21.3695446],[106.9362845,21.3695996],[106.9364451,21.3696276],[106.9365352,21.3696333],[106.9366279,21.3696284],[106.9367002,21.3696171],[106.9367877,21.3695925],[106.9369228,21.3695421],[106.937008,21.3695072],[106.9371173,21.3694335],[106.9371803,21.3693848],[106.9372353,21.3693273],[106.9373362,21.3691938],[106.9375311,21.3689192],[106.9379706,21.3682493],[106.9380735,21.3681221],[106.9381566,21.3680434],[106.9382756,21.3679444],[106.9383645,21.3678948],[106.9383785,21.367892],[106.9384141,21.3678848],[106.9385106,21.3678813],[106.9385616,21.3678811],[106.93862,21.3678911],[106.9386779,21.3679141],[106.9387521,21.367956],[106.938844,21.3680221],[106.9389161,21.3681024],[106.9391353,21.3683467],[106.9396909,21.3691038],[106.9397526,21.3691659],[106.9398223,21.3692262],[106.9399146,21.3692871],[106.9400899,21.3693892],[106.9402738,21.3694964],[106.9410053,21.3698668],[106.9413494,21.3700411],[106.9414599,21.3700971],[106.9415582,21.3701414],[106.9417375,21.3702377],[106.9422958,21.3705227],[106.9425166,21.3706374],[106.9426429,21.3706957],[106.9429283,21.3708272],[106.9431804,21.370967],[106.94322,21.3710002],[106.9432743,21.3710545],[106.9433882,21.3711772],[106.9434854,21.3713123],[106.9438489,21.3718172],[106.9448615,21.3734131],[106.9448964,21.3734593],[106.9449372,21.3735148],[106.944995,21.3735814],[106.9450573,21.3736403],[106.9451626,21.3737184],[106.9453517,21.3738495],[106.9454802,21.373938]]}},{"type":"Feature","properties":{"id":203},"geometry":{"type":"LineString","coordinates":[[106.9492043,21.3808713],[106.9491993,21.3809729],[106.9491819,21.3810728],[106.949147,21.3811789],[106.9491354,21.3812026],[106.9490977,21.3812794],[106.9489378,21.3815548],[106.9487809,21.3817867],[106.948687,21.381882],[106.948583,21.3819512],[106.9483781,21.3820696],[106.947948,21.3822704],[106.9478671,21.3823167],[106.9478005,21.3823778],[106.9477349,21.3824645],[106.9476584,21.3826063],[106.9476248,21.3827037],[106.9476077,21.3828002],[106.9476007,21.382891],[106.9476074,21.382981],[106.9476394,21.3830922],[106.9477039,21.3832227],[106.9479964,21.3836323],[106.9481412,21.3838052],[106.9482028,21.3838626],[106.9482766,21.3839213],[106.948359,21.3839718],[106.9484638,21.384028],[106.9486562,21.3841199],[106.9486855,21.3841367],[106.9488519,21.3842324],[106.9488908,21.3842722],[106.94892,21.3843313],[106.9489324,21.384442],[106.948894,21.3846297],[106.94875,21.3848705],[106.9485422,21.3851086],[106.948166,21.3854721],[106.9480902,21.3855809],[106.9480388,21.3857222],[106.9480388,21.3859262],[106.948079,21.3861352],[106.9481418,21.3863017],[106.9483986,21.3868159],[106.9484349,21.3868946],[106.9485113,21.3870132],[106.9487508,21.3874878]]}},{"type":"Feature","properties":{"id":204},"geometry":{"type":"LineString","coordinates":[[106.8832478,21.3514382],[106.8833318,21.3514682],[106.883581,21.3515571],[106.8837675,21.3516236],[106.8841028,21.3517321],[106.8845551,21.3518785],[106.8850261,21.3520252],[106.8852116,21.3520955],[106.8855091,21.3521931],[106.885738,21.3523131],[106.8862041,21.3525573],[106.8865523,21.3527572],[106.8867494,21.3528896],[106.8868554,21.3529595],[106.8869691,21.3530434],[106.8871397,21.3531731],[106.8872564,21.3532693],[106.887389,21.3533793],[106.887487,21.3534579],[106.8875093,21.353474],[106.8875732,21.3535201],[106.887719,21.3535934],[106.8878183,21.353634],[106.887888,21.3536683],[106.8879819,21.3537152],[106.8880912,21.3537689],[106.8881603,21.3538076],[106.8881793,21.3538198],[106.88824,21.3538588],[106.8882857,21.35389],[106.888342,21.3539363],[106.8883862,21.3539725],[106.8884266,21.3540229],[106.8884841,21.354098],[106.8885277,21.3541605],[106.8885659,21.3542179],[106.8885908,21.3542635],[106.8886223,21.3543266],[106.8886578,21.354384],[106.8886705,21.3544203],[106.8886739,21.3544715],[106.8886766,21.3545252],[106.8886712,21.3545745],[106.8886679,21.354622],[106.8886645,21.3546732],[106.8886625,21.3547163],[106.8886585,21.354765],[106.8886511,21.3548118],[106.8886236,21.355011],[106.8886196,21.3550829],[106.8886223,21.3551422],[106.8886377,21.355229],[106.8886558,21.3553008],[106.8886618,21.3553154],[106.8886958,21.3553993],[106.8887812,21.3555925],[106.8888442,21.3557186],[106.8888985,21.3558441],[106.8889444,21.3559654],[106.8889904,21.3560871],[106.889044,21.356212],[106.8891011,21.3563737],[106.8891259,21.3564468],[106.8891735,21.3565348],[106.8892251,21.3566217],[106.8892798,21.3567033],[106.8892982,21.3567309],[106.8893921,21.3568384],[106.8894424,21.3569014],[106.889494,21.3569614],[106.8895215,21.3569982],[106.8895584,21.3570357],[106.8895959,21.3570601],[106.8896456,21.3570881],[106.8896871,21.3571081],[106.8897416,21.3571301],[106.889785,21.357145],[106.889844,21.3571606],[106.8899164,21.3571693],[106.8900198,21.3571719],[106.8901049,21.3571781],[106.8901934,21.3571794],[106.8902718,21.357185],[106.8903744,21.3571831],[106.8904334,21.3571806],[106.8905059,21.3571749],[106.890593,21.357155],[106.8906654,21.3571362],[106.8907459,21.3571119],[106.8908512,21.3570813],[106.8910081,21.3570369],[106.8910819,21.3570226],[106.8911583,21.3570132],[106.8912394,21.3570107],[106.8913233,21.3570151],[106.8914077,21.3570276],[106.8914714,21.3570382],[106.8915419,21.3570557],[106.8916149,21.3570782],[106.8916941,21.3571044],[106.8919361,21.3571906],[106.8921179,21.3572524],[106.8922412,21.357293],[106.8923452,21.3573217],[106.8924813,21.3573542],[106.8925799,21.3573717],[106.892598,21.3573751],[106.8926926,21.3573929],[106.8928447,21.3574166],[106.8929299,21.3574316],[106.8930155,21.3574483],[106.8931022,21.3574722],[106.8931512,21.3574866],[106.8932088,21.3575034],[106.8932477,21.3575178],[106.8932887,21.3575347],[106.8933631,21.3575653],[106.8934811,21.3576496],[106.8936058,21.3577439],[106.8938955,21.3579687],[106.8940306,21.3580575],[106.8941282,21.3581217],[106.8943709,21.3582578],[106.8948459,21.3584638],[106.8949429,21.3585058],[106.8949977,21.3585295],[106.8952715,21.3586481],[106.895363,21.3586791],[106.8955108,21.3587225],[106.8956537,21.3587774],[106.8957774,21.3587921],[106.8958435,21.3587999],[106.8960795,21.3588099],[106.8962672,21.3588199],[106.8964604,21.3588086]]}},{"type":"Feature","properties":{"id":205},"geometry":{"type":"LineString","coordinates":[[105.9934259,21.3692754],[105.9941304,21.3700954],[105.9946189,21.3705905],[105.9955895,21.3715741],[105.9956736,21.3716693],[105.9957852,21.3717357],[105.9959134,21.3717667],[105.9960456,21.3717592],[105.9961688,21.371714],[105.9974778,21.3709746],[105.9990965,21.3706808],[105.9993124,21.3706249],[105.9997147,21.3707148],[105.999973,21.3707621],[105.9999965,21.3707679],[106.0002109,21.370821],[106.0003906,21.3708672],[106.0005797,21.3709076],[106.0006937,21.3709309],[106.0008788,21.3709659],[106.0012127,21.3710458],[106.0014287,21.3710858],[106.0020214,21.3711982],[106.0024931,21.3713092],[106.0025155,21.3713151],[106.0029736,21.3714442],[106.0033491,21.3715603],[106.0035221,21.3716103],[106.0039526,21.3717489],[106.0039902,21.3717627],[106.0049343,21.3720137],[106.006387,21.3719395],[106.0064216,21.3719377],[106.0069607,21.3719838],[106.0071525,21.3720162],[106.0076661,21.3721111],[106.0077559,21.3721086],[106.0085459,21.3721294],[106.0097971,21.3721836],[106.0104087,21.3722447],[106.0107842,21.3722772],[106.0111356,21.3722984],[106.0114239,21.3722984],[106.0116881,21.3722859],[106.0121092,21.372261],[106.0123734,21.3722435],[106.0127315,21.372221],[106.0130574,21.3722035],[106.0141973,21.3718963],[106.0144077,21.3718396],[106.01455,21.3717939],[106.0148142,21.3717302],[106.0152595,21.3716428],[106.0153091,21.3716278],[106.0155854,21.3715466],[106.0157074,21.3715041],[106.0157919,21.3714492],[106.0158804,21.3713668],[106.015985,21.3712918],[106.0161218,21.3712032],[106.016323,21.371112],[106.0165161,21.3710446],[106.0166596,21.3710021],[106.0169157,21.3709072],[106.0171303,21.3707998],[106.0173261,21.3707173],[106.0174549,21.3706649],[106.0176587,21.3706049],[106.0178438,21.3706074],[106.01812,21.3706199],[106.0183373,21.3706636],[106.0185358,21.3706836],[106.0186417,21.3706799],[106.0187329,21.3706611],[106.018904,21.3706197],[106.0199317,21.3703224],[106.0205321,21.3701583],[106.0214728,21.3699106],[106.0217209,21.3698281],[106.0217864,21.3698154],[106.0218215,21.3698181],[106.0218859,21.3698356],[106.0219593,21.369859],[106.0219878,21.3698681],[106.0222909,21.3699755],[106.0225296,21.3700979],[106.0226463,21.3701478],[106.0227978,21.3702165],[106.0230325,21.3702765],[106.0232323,21.3703052],[106.0235757,21.3703264],[106.0236883,21.3703302],[106.0240719,21.3702927],[106.0245171,21.3702128],[106.0247719,21.3701541],[106.0250723,21.3701366],[106.0253326,21.3701397],[106.0253571,21.370137],[106.0254854,21.3701229],[106.0256839,21.3700654],[106.0260031,21.3699081],[106.0265972,21.3695958],[106.027333,21.3691735],[106.0275453,21.3690176],[106.0277492,21.368834],[106.0280697,21.368543],[106.0281555,21.3684506],[106.0286316,21.3678536],[106.028941,21.3673912],[106.0290313,21.3672416],[106.029105,21.3671417],[106.0291488,21.3670987],[106.0291761,21.3670718],[106.0293947,21.3669257],[106.0295852,21.3668495],[106.0296515,21.3668203],[106.0298842,21.3667096],[106.0300017,21.3666712],[106.0300827,21.3666571],[106.030198,21.3666596],[106.030305,21.3666698],[106.0306098,21.3667521],[106.0309785,21.3668375],[106.0310424,21.366847],[106.0313286,21.3668869],[106.0315662,21.3668976],[106.0318472,21.3669155],[106.0321051,21.3669319],[106.0324149,21.3669169],[106.0328011,21.366857],[106.0329417,21.3668364],[106.0330331,21.3668445],[106.0331726,21.3668782],[106.033355,21.3669781],[106.0335924,21.3671005],[106.0336723,21.3671287],[106.0338311,21.3671517],[106.0343608,21.3671654],[106.0346746,21.3671667],[106.0350412,21.3671173],[106.0350761,21.3671115],[106.0359069,21.3669047],[106.0360968,21.3668855],[106.0365428,21.3668919],[106.0369894,21.3669132],[106.0372871,21.3669195],[106.0375406,21.3669044],[106.0378799,21.3668682],[106.0382661,21.366827],[106.0385314,21.3667823],[106.0389259,21.3667133],[106.0393585,21.3666722],[106.0395981,21.3666454],[106.0397333,21.3666409],[106.0402389,21.3666503],[106.0405165,21.3666384],[106.0408437,21.3665685],[106.0415009,21.3664536],[106.0419332,21.3663529],[106.0419809,21.3663457],[106.0421178,21.3663249],[106.0424973,21.3662924],[106.0427427,21.3662796],[106.0428948,21.366269],[106.0438827,21.3662002],[106.0440414,21.3661713],[106.0442528,21.3661138],[106.0444325,21.3660464],[106.04458,21.3659707],[106.0449341,21.3657891],[106.0450275,21.365727],[106.0457415,21.3652524],[106.0462115,21.3649866],[106.0463101,21.364925],[106.0464692,21.364805],[106.0471443,21.3642958],[106.0475512,21.3639882],[106.0480339,21.3635881],[106.049315,21.3627921],[106.0503494,21.3622014],[106.0506646,21.3619976],[106.0514823,21.3615741],[106.0517534,21.3614337],[106.052398,21.3610999],[106.0527161,21.360915],[106.0527476,21.3608984],[106.0533189,21.3605969],[106.0540168,21.3602413],[106.0541566,21.36017],[106.0548474,21.3598166],[106.0554671,21.3595093],[106.0557997,21.3593745],[106.0559821,21.3592995],[106.0562552,21.3592199],[106.0564703,21.3591896],[106.0567653,21.3591996],[106.0572481,21.3592745]]}},{"type":"Feature","properties":{"id":206},"geometry":{"type":"LineString","coordinates":[[106.0574868,21.359327],[106.0580942,21.3594321],[106.0582762,21.3594782],[106.0589631,21.3596523],[106.0592298,21.3597199],[106.0593406,21.3597493],[106.0596216,21.3598191],[106.0598654,21.3598809],[106.0611322,21.3604346],[106.0625686,21.361057],[106.062674,21.3611068],[106.063199,21.3613326],[106.0634698,21.3614491],[106.0636793,21.3615402],[106.0642626,21.361794],[106.0649564,21.3620958],[106.0653334,21.3622598],[106.0662265,21.3626484],[106.0668047,21.3629],[106.0670587,21.3630201],[106.0689194,21.3638305],[106.0689372,21.3638383],[106.0690552,21.3638957],[106.0692162,21.3639905],[106.0692228,21.3639944],[106.0692818,21.3640431],[106.0693603,21.3641154],[106.0695058,21.3642854],[106.069703,21.3645252],[106.0697798,21.3646257],[106.0700747,21.3650111],[106.0701359,21.3650794],[106.0702018,21.3651297],[106.0702662,21.3651447],[106.0703292,21.3651522],[106.0704003,21.3651484],[106.0706339,21.3650867],[106.0706617,21.3650797]]}},{"type":"Feature","properties":{"id":207},"geometry":{"type":"LineString","coordinates":[[106.0880424,21.371787],[106.0884771,21.3720699],[106.0885841,21.372124],[106.0886782,21.372166],[106.0887802,21.372198],[106.0888821,21.372221],[106.0889947,21.3722422],[106.0891,21.3722674],[106.0902448,21.3725345],[106.0906999,21.3726501],[106.0910119,21.3727202],[106.0910535,21.3727295],[106.0920941,21.3729712],[106.0921419,21.3729829],[106.0924406,21.3730558],[106.0925898,21.3730922],[106.0927176,21.373123],[106.0937084,21.3733625],[106.0940506,21.3734452],[106.0940945,21.3734558],[106.0942382,21.3734903],[106.0943043,21.373506],[106.0947953,21.3736225],[106.0952735,21.373736],[106.0957351,21.3738522],[106.0962728,21.3739875],[106.0963055,21.3739954],[106.096881,21.3741347],[106.0971889,21.3742092],[106.0973028,21.3742372],[106.0980787,21.3744283],[106.0983852,21.3745202],[106.0984898,21.3745551],[106.0986165,21.374603],[106.0988491,21.3746999],[106.0993824,21.3749194],[106.0994456,21.3749466],[106.0998968,21.3751408],[106.1001744,21.3752388],[106.1004088,21.37532],[106.1010232,21.3755332],[106.1011971,21.3755936],[106.1023198,21.376023],[106.1030468,21.3762935],[106.1037681,21.3765536],[106.1039501,21.376625],[106.1048118,21.3769633],[106.1049542,21.3770193],[106.1056391,21.3772741],[106.1060741,21.3774296],[106.107135,21.3778496],[106.1072165,21.3778835],[106.1082842,21.3782732],[106.1086949,21.3784231],[106.1087545,21.3784449],[106.1091073,21.3785848],[106.1094749,21.3787306],[106.1095654,21.3787625],[106.1108657,21.3792208],[106.1108977,21.379232],[106.1123681,21.3797369],[106.1133049,21.3801204],[106.1134501,21.3801895],[106.1138341,21.3803666],[106.113911,21.3804095],[106.1148851,21.3808865],[106.1159358,21.3814633]]}},{"type":"Feature","properties":{"id":208},"geometry":{"type":"LineString","coordinates":[[106.0870431,21.4407881],[106.0871121,21.4408006],[106.0887583,21.4411237],[106.0892871,21.4412564],[106.0906693,21.4415176],[106.0907142,21.4415266],[106.0922509,21.4418332],[106.092369,21.441857],[106.0926591,21.4419153],[106.0930809,21.4419983],[106.0937514,21.4421303],[106.094032,21.4421855],[106.0942869,21.4422357],[106.0954608,21.4424381],[106.0961576,21.4425726],[106.0962689,21.4425957],[106.0969073,21.4427312],[106.097754,21.4428838]]}},{"type":"Feature","properties":{"id":209},"geometry":{"type":"LineString","coordinates":[[106.1011081,21.2478454],[106.1011984,21.2479283],[106.1021699,21.2487556],[106.1033102,21.2496706],[106.1033433,21.2496971],[106.1040573,21.2503012],[106.1041765,21.250402],[106.1041988,21.2504208],[106.104575,21.2507379],[106.1047042,21.2508468],[106.1050949,21.2511761],[106.1053235,21.2513784],[106.1053623,21.2514127],[106.1062989,21.2524198],[106.1070135,21.2531881],[106.1081604,21.254478],[106.1111495,21.2578816],[106.1112325,21.2579862],[106.1115478,21.2583213],[106.1119543,21.2587844],[106.112364,21.2592225],[106.1126166,21.2594835],[106.1136379,21.260539],[106.1148869,21.2618148],[106.115051,21.2619874],[106.1156889,21.2626314],[106.1159782,21.2629282],[106.1169964,21.2639649],[106.1170124,21.2639812],[106.1180865,21.2650196],[106.1183719,21.2652399],[106.1184514,21.2652835],[106.1186212,21.2653765],[106.1188342,21.2654773],[106.118973,21.265543],[106.1194275,21.2657582],[106.1197371,21.2659074],[106.1198233,21.265949],[106.1203737,21.2662095],[106.1205874,21.2663106],[106.121041,21.2665253],[106.1211279,21.2665664],[106.1211864,21.2666062],[106.1219071,21.2670958],[106.1220298,21.2672028],[106.1222218,21.2673688],[106.1223472,21.2674937],[106.1226632,21.2678103],[106.1231453,21.2683629],[106.1234429,21.2687041],[106.1239195,21.2692504],[106.1242685,21.2695946],[106.1242836,21.2696071],[106.1244862,21.2697742],[106.1246335,21.2698957],[106.125535,21.2707162],[106.1258018,21.2709512],[106.1262615,21.2712435],[106.1265666,21.2713819],[106.1268254,21.2714831],[106.1272797,21.2716317],[106.1292507,21.2723163],[106.1293442,21.2723498],[106.1312218,21.2730248],[106.1315332,21.2731367],[106.1329504,21.2736165],[106.1336163,21.2737796],[106.133716,21.2737941],[106.1339231,21.2738227],[106.1341016,21.2738358],[106.1342659,21.2738479],[106.1350496,21.2738745],[106.1352468,21.2738812],[106.1362042,21.2738973],[106.136832,21.2739079],[106.1373255,21.2739162],[106.1377895,21.2739201],[106.1384587,21.2739258],[106.1390016,21.2739304],[106.139317,21.2739268],[106.1402357,21.2739162],[106.1406702,21.2738887]]}},{"type":"Feature","properties":{"id":210},"geometry":{"type":"LineString","coordinates":[[106.0514091,21.302095],[106.0523504,21.3014251],[106.0524026,21.3013877],[106.0525422,21.3012886],[106.0530949,21.3008966],[106.0535314,21.3005862],[106.0536468,21.3005042],[106.053721,21.3004515],[106.0539495,21.3003002],[106.0541087,21.3001947],[106.0545266,21.2999179],[106.054725,21.2997865],[106.0548605,21.2996967],[106.0549873,21.2996127],[106.055117,21.2995268],[106.0552014,21.2994709],[106.0552714,21.2994245],[106.0554955,21.2992761],[106.0559608,21.2989679],[106.0568579,21.2983689],[106.0571073,21.2982024],[106.0613416,21.295474],[106.0615327,21.2953502],[106.0627225,21.2945577],[106.0637441,21.2938966],[106.0643,21.2935314],[106.0651791,21.2929391],[106.0657501,21.292585],[106.0659167,21.2924817],[106.0661635,21.2923286],[106.066727,21.2919748],[106.0673899,21.2915354],[106.0681539,21.2910837],[106.0687172,21.2907752],[106.0692134,21.2904704],[106.0694118,21.2903569],[106.0696718,21.2902384],[106.0701997,21.2899978],[106.0712439,21.2895218],[106.0748562,21.2877416]]}},{"type":"Feature","properties":{"id":211},"geometry":{"type":"LineString","coordinates":[[106.2757444,21.1867967],[106.2764863,21.1865327],[106.2768718,21.1863956],[106.2769821,21.1863563],[106.2773751,21.1862165],[106.2778989,21.1859559],[106.2782846,21.1858084],[106.2787329,21.1856255],[106.2789876,21.1855186],[106.2792771,21.1854054],[106.2793644,21.1853712],[106.2797337,21.1852271],[106.2803561,21.1849861],[106.2806642,21.184864],[106.2807065,21.184846],[106.2810391,21.1847048],[106.281128,21.1846581],[106.2812162,21.1845965],[106.2813116,21.1844915],[106.2814988,21.1841995],[106.2817026,21.1838814],[106.2818494,21.1836594],[106.2819516,21.1834904],[106.2820923,21.1832592],[106.282141,21.1831773],[106.2822801,21.1829559],[106.2824909,21.1825465],[106.2827052,21.1821522],[106.2828608,21.1818495],[106.2831263,21.1814594],[106.283226,21.1813365],[106.2837106,21.1806962],[106.284564,21.1797662],[106.2858023,21.1783177],[106.2858202,21.1782987],[106.2860473,21.178058],[106.2861544,21.1779828],[106.2865462,21.1777078],[106.2867631,21.1775633],[106.287278,21.1772203],[106.2874839,21.1770908],[106.2886052,21.1763855],[106.2892546,21.1759603],[106.2898035,21.1755992],[106.2903417,21.1752926],[106.2904759,21.1752296],[106.2909466,21.1749809],[106.2911677,21.1748619],[106.2913931,21.1747246],[106.2916369,21.1745714],[106.2917638,21.1744949],[106.2920765,21.1743062],[106.2926228,21.1739793],[106.2929423,21.1737669],[106.2930024,21.1737269]]}},{"type":"Feature","properties":{"id":212},"geometry":{"type":"LineString","coordinates":[[106.2488007,21.2011908],[106.2486734,21.2018669],[106.2486319,21.2022229],[106.2486236,21.2023198],[106.2486258,21.2029664],[106.2486587,21.203332],[106.248682,21.2035077],[106.248709,21.2037109],[106.2488577,21.2041467],[106.2489264,21.2043108],[106.2490058,21.2047199],[106.2490369,21.2050738],[106.2491025,21.2058395],[106.2491486,21.2065922],[106.2491721,21.2069033],[106.2492116,21.2072295],[106.2492331,21.2076283],[106.2492715,21.2077926],[106.2493453,21.2079689],[106.2497851,21.2087165],[106.2502916,21.2096568],[106.2503746,21.2098787],[106.2504012,21.2100257],[106.250281,21.2110126],[106.2503278,21.2115735],[106.2503934,21.2121393],[106.2504092,21.2125004],[106.2503859,21.2126923],[106.2503344,21.2128255],[106.2502223,21.2130874],[106.2500965,21.2132854],[106.2498559,21.2135022],[106.2494013,21.2136343],[106.2492705,21.213689],[106.2490618,21.2138538],[106.2489177,21.214008],[106.2487853,21.2142935],[106.2486745,21.2145715],[106.2486077,21.2147877],[106.2485862,21.2150177],[106.2486104,21.2157923],[106.248677,21.2164552],[106.2487818,21.2171196],[106.248842,21.2174976],[106.2488588,21.2177858],[106.2488695,21.21807],[106.248864,21.2183666],[106.2485491,21.2190243],[106.2485407,21.2190419],[106.2480782,21.2198141],[106.2478964,21.2203466],[106.2478859,21.2203751],[106.2478767,21.2204337],[106.2478993,21.2205495],[106.2479558,21.2207086],[106.2480298,21.2208976]]}},{"type":"Feature","properties":{"id":213},"geometry":{"type":"LineString","coordinates":[[106.2930024,21.1737269],[106.2943029,21.1729513],[106.2964213,21.1716562],[106.2987659,21.170231],[106.2992692,21.1698055],[106.2997895,21.1693002],[106.3008035,21.1682363],[106.3008537,21.168187],[106.3009156,21.1681262],[106.3013344,21.1677444],[106.3014235,21.1676631],[106.3015293,21.1675407],[106.3017207,21.1673192],[106.301856,21.1671519],[106.3021002,21.1668496],[106.3021255,21.1667867],[106.3021659,21.1666864],[106.3022008,21.1665288],[106.3022376,21.1662861],[106.3023811,21.1656969],[106.3024277,21.1655141],[106.3024707,21.1653455],[106.3024869,21.1652818],[106.3026166,21.164928],[106.302746,21.1646422],[106.3028783,21.1644861],[106.3029179,21.1644485],[106.3032,21.1641689],[106.3035749,21.1638709],[106.3036324,21.1638376],[106.3037968,21.1637425],[106.3038528,21.1637211],[106.3041033,21.1636256],[106.3047924,21.1634307],[106.3051406,21.1633322],[106.3054377,21.1632588],[106.3059108,21.1631418],[106.3065493,21.1629511],[106.3067381,21.1628964],[106.3070557,21.1628043],[106.3074293,21.1627075],[106.3076222,21.1626539],[106.3078162,21.1625988],[106.3094524,21.1621338],[106.3109534,21.1617135],[106.3109728,21.1617077],[106.3109985,21.1617001],[106.3110669,21.1616776],[106.3111245,21.1616514],[106.3111873,21.16162],[106.3112466,21.1615776],[106.3113015,21.1615375],[106.3113807,21.1614624],[106.3114478,21.1614062],[106.3115717,21.161311],[106.3117066,21.1611884],[106.3118002,21.1610952],[106.3118474,21.1610598],[106.3118999,21.1610238],[106.3119427,21.161001],[106.3119922,21.160971],[106.3120543,21.1609405],[106.312286,21.1609134],[106.3124091,21.1609051],[106.3126185,21.1608909],[106.312967,21.1608731],[106.3133181,21.1608471],[106.3141074,21.1607846],[106.3145891,21.1607458],[106.3146147,21.1607448],[106.3147053,21.1607363],[106.3148381,21.1607346],[106.3148743,21.1607383],[106.314917,21.1607354],[106.3149561,21.1607396],[106.3150192,21.1607458],[106.3151211,21.1607533],[106.3151993,21.1607611],[106.315286,21.1607696],[106.3153745,21.1607796],[106.3154738,21.1607883],[106.315577,21.1607946],[106.3156588,21.1607996],[106.3157585,21.1607961],[106.3158412,21.1607896],[106.3159204,21.1607646],[106.3161651,21.1606583],[106.3165734,21.1604632],[106.3166378,21.1604357],[106.3167216,21.1604239],[106.3168162,21.1604357],[106.3169007,21.1604519],[106.3169664,21.1604894],[106.3170393,21.1605445],[106.3172436,21.1606925],[106.3175814,21.1609635],[106.3178319,21.1611593],[106.318021,21.1612835],[106.3180929,21.1613161],[106.3181667,21.1613437],[106.3182552,21.1613562],[106.3183637,21.1613538],[106.3185051,21.1613496]]}},{"type":"Feature","properties":{"id":214},"geometry":{"type":"LineString","coordinates":[[106.2010223,21.2091592],[106.2014907,21.208734],[106.2016174,21.2086261],[106.2017734,21.2084933],[106.2022108,21.2081139],[106.2023861,21.2079547],[106.2025219,21.2078313],[106.2027011,21.207633],[106.2028546,21.2074631],[106.203232,21.2070628],[106.2032772,21.2070321],[106.2033505,21.2069679],[106.2035983,21.2067747],[106.2039196,21.206601],[106.204296,21.2064945],[106.2045856,21.2064332],[106.2047962,21.2063908],[106.2051027,21.2063502],[106.2052646,21.2063394],[106.2054587,21.206337],[106.2056316,21.2063486],[106.2058397,21.2063582],[106.2060941,21.2063711],[106.2065208,21.2063643],[106.206753,21.2063488],[106.2070187,21.2063349],[106.2072782,21.2063069],[106.2074226,21.2062798],[106.2076233,21.2062085],[106.2077534,21.2061554],[106.2078709,21.2061039],[106.2081512,21.2059897],[106.2082128,21.2059644],[106.208425,21.2058633],[106.2088123,21.2056675],[106.2088754,21.2056364],[106.2091286,21.2055399],[106.2092956,21.2055061],[106.2095369,21.2055284]]}},{"type":"Feature","properties":{"id":215},"geometry":{"type":"LineString","coordinates":[[106.2095369,21.2055284],[106.2100833,21.2055989],[106.2101875,21.2056127],[106.2103222,21.2056244],[106.2104421,21.2056275],[106.2107392,21.2056269],[106.211107,21.2054886],[106.2112069,21.2054295],[106.211278,21.2053857],[106.2116881,21.205141],[106.2118215,21.205054],[106.2120509,21.2048666],[106.2126854,21.2043147],[106.2128885,21.2041684],[106.2131013,21.2040651],[106.213304,21.2040001],[106.2136066,21.2039278],[106.213914,21.2038911],[106.2141865,21.2038461],[106.2146561,21.2037322],[106.2151347,21.203584],[106.2153597,21.2035327],[106.2156502,21.2034758],[106.2158485,21.2034815],[106.2160787,21.2034953],[106.2163987,21.2035267],[106.2165467,21.2035417],[106.2169531,21.2035891],[106.2172969,21.2036378]]}},{"type":"Feature","properties":{"id":216},"geometry":{"type":"LineString","coordinates":[[106.1318909,21.4731755],[106.1315158,21.4737322],[106.1311172,21.4744376],[106.130986,21.4746957],[106.1309478,21.4747708],[106.1306923,21.4752733],[106.1302203,21.4761207],[106.1301982,21.4761604],[106.1300227,21.4764754],[106.1297079,21.4767265],[106.1293848,21.4769842],[106.1293197,21.477006],[106.1292869,21.4770169],[106.1291769,21.4770369],[106.1282775,21.4771569],[106.1280621,21.4771905],[106.1267151,21.4774034]]}},{"type":"Feature","properties":{"id":217},"geometry":{"type":"LineString","coordinates":[[106.1653599,21.4485052],[106.1652323,21.4486419],[106.1647583,21.4492183],[106.1642888,21.4498927],[106.1640525,21.4502283],[106.1639947,21.4502926],[106.1638418,21.4504424],[106.163681,21.4505476],[106.1636006,21.4505975],[106.1633949,21.4506995],[106.1632988,21.450739],[106.1632206,21.4507577],[106.1630693,21.4507819],[106.1627288,21.4507931],[106.16236,21.4507681],[106.1616357,21.4507223],[106.1612513,21.4507015],[106.1605047,21.4506537],[106.1598498,21.4506183],[106.1597648,21.4506162],[106.159624,21.4506121],[106.1594876,21.450635],[106.1593535,21.4506724],[106.1591926,21.4507411],[106.1589691,21.4508576],[106.1584281,21.4511572],[106.1580146,21.4513174],[106.1577827,21.4513761]]}},{"type":"Feature","properties":{"id":218},"geometry":{"type":"LineString","coordinates":[[106.1075074,21.5273817],[106.1075047,21.5275765],[106.1075867,21.52775],[106.1076484,21.5278763],[106.1078215,21.5281689],[106.1079687,21.5284148],[106.1080492,21.5285845],[106.1081018,21.5287681],[106.1080972,21.5289089],[106.1080966,21.5289677],[106.1080675,21.5291188],[106.1079826,21.5292767],[106.1078089,21.5292858],[106.1075019,21.5293572],[106.1073258,21.5294055],[106.1071289,21.5294869],[106.1071091,21.529495],[106.1066615,21.5296799],[106.1065133,21.5297348],[106.1062938,21.5298133],[106.1061466,21.5298432],[106.1060362,21.5298645],[106.1057894,21.5298657],[106.1054206,21.5298401],[106.1052104,21.5298309],[106.1049018,21.5298173],[106.1046387,21.5298021],[106.1045076,21.5297965],[106.1043866,21.5297914],[106.1042591,21.5297903],[106.1041774,21.5297896],[106.1038703,21.5297868],[106.1037616,21.5298312],[106.1037045,21.5298748],[106.1036823,21.5298917],[106.1035849,21.5300153],[106.1033902,21.5302549],[106.1032625,21.530384],[106.103129,21.5305272],[106.103031,21.5306404],[106.103008,21.5306669],[106.102092,21.5317245],[106.1019262,21.531916],[106.1018476,21.5320072],[106.101626,21.5322387],[106.1015185,21.5323511],[106.1014247,21.5324491],[106.1012565,21.5325391],[106.1010425,21.532616],[106.1004392,21.5327906],[106.0998899,21.5329741],[106.0997008,21.5330581],[106.0995489,21.5331599],[106.0994003,21.5332915],[106.0977894,21.5353904],[106.0974327,21.5357943],[106.0972903,21.5358685],[106.0971963,21.5359175],[106.0966233,21.5360799],[106.096564,21.5360954],[106.0963639,21.5361479],[106.0959876,21.5362465],[106.0958761,21.5362757],[106.0958156,21.5362916],[106.0954227,21.5364101],[106.0953494,21.5364328],[106.0951668,21.5364894],[106.0950383,21.5365292],[106.0947133,21.5366213],[106.0944365,21.5366998],[106.0942707,21.5367468],[106.094106,21.5367935],[106.0938989,21.5368522],[106.0937895,21.5368813],[106.0927714,21.5371526],[106.092732,21.537163],[106.0924954,21.5372261],[106.0922298,21.5372968],[106.0921352,21.537322],[106.0919653,21.5373673],[106.0918997,21.5373835],[106.0915562,21.5374686],[106.0915337,21.5374752],[106.0913578,21.5375266],[106.0908772,21.5376277],[106.0906348,21.537659],[106.0903257,21.5376989],[106.0902017,21.5377149],[106.0896462,21.5378131],[106.0889465,21.537997],[106.0885194,21.5381813],[106.0881613,21.5383362],[106.0871685,21.538766],[106.0870182,21.5388254],[106.0869375,21.5388573],[106.0868823,21.5388791],[106.0862061,21.5391463],[106.0860685,21.5391851],[106.0855889,21.5393203],[106.0852402,21.539406],[106.0847207,21.5395615],[106.0844709,21.5396363],[106.0843092,21.5396761],[106.0842673,21.5396865],[106.084013,21.5397491],[106.0837225,21.5398207],[106.083219,21.5399447],[106.0828144,21.5400444]]}},{"type":"Feature","properties":{"id":219},"geometry":{"type":"LineString","coordinates":[[106.1577827,21.4513761],[106.1566488,21.4516157],[106.1561539,21.4517509],[106.155991,21.4517955],[106.1553901,21.4519852],[106.1551702,21.4520351],[106.1546981,21.4521849],[106.1545882,21.4522161],[106.1544286,21.4522685],[106.1541456,21.452331],[106.1538771,21.4523756],[106.1538076,21.4523871],[106.1537588,21.4523931],[106.153644,21.4524071],[106.1531478,21.4524745],[106.1531296,21.452477],[106.1522349,21.4526008],[106.1518567,21.4526531],[106.1513789,21.4527191],[106.1512829,21.4527291],[106.150876,21.4527716],[106.150015,21.4528739],[106.1498111,21.4528964],[106.1493927,21.4529813],[106.1490387,21.4531061],[106.148867,21.4531885],[106.14881,21.4532277],[106.1485371,21.4534156],[106.1480175,21.4538204],[106.1475184,21.4542093],[106.147196,21.4544366],[106.1469403,21.4546537],[106.1468232,21.4547786],[106.14605,21.4561113],[106.145643,21.4568281],[106.1454017,21.4571727],[106.1452809,21.4573249],[106.1451656,21.4574048],[106.1450207,21.4574772],[106.1446962,21.4575396],[106.1443904,21.457582],[106.143913,21.4576669],[106.1435267,21.4578092],[106.1432969,21.4579144],[106.1430144,21.4580438],[106.1424029,21.458301],[106.1420193,21.4584732],[106.1416814,21.4586429],[106.1409345,21.4591699],[106.1406943,21.4593394],[106.1402464,21.4597039],[106.1394283,21.4603845],[106.1394073,21.460401],[106.139152,21.4606],[106.1390391,21.4607124],[106.1389965,21.4607548],[106.1388972,21.4608721],[106.1387846,21.4610693],[106.138654,21.4613948],[106.1386424,21.4614238],[106.1385517,21.4616823],[106.1384681,21.4619205],[106.138447,21.4619848],[106.1383608,21.4622475],[106.1382778,21.4624959],[106.1381623,21.4628416],[106.1381194,21.4630838],[106.1381033,21.463231],[106.138114,21.4633858],[106.1381757,21.4635106],[106.1382508,21.4636354],[106.1384144,21.4638501],[106.1387773,21.4642623],[106.1387961,21.4642882],[106.138857,21.4643718],[106.1392432,21.4648561],[106.1392826,21.464923],[106.1393264,21.4650358],[106.139372,21.4653353],[106.1393981,21.4655407],[106.1394061,21.4656039],[106.1394115,21.4657675],[106.1393297,21.4661631],[106.1392862,21.4663737],[106.1391869,21.4667238],[106.1391199,21.4669603],[106.1390731,21.4670907],[106.13897,21.4673265],[106.1388704,21.4674814],[106.1385244,21.4679613],[106.1382192,21.4683552],[106.1381406,21.4684357],[106.1380094,21.4685204],[106.1376232,21.4687226],[106.1375511,21.4687546],[106.1370483,21.4689776],[106.1368176,21.4690884],[106.136612,21.4692056],[106.1364527,21.4693338],[106.1363799,21.4694058],[106.1363034,21.4694777],[106.1361836,21.4696104],[106.1353621,21.4705722],[106.1352951,21.4706534],[106.1351234,21.4708617],[106.1350482,21.4709438],[106.1346754,21.4712586],[106.1344907,21.4714027],[106.1343107,21.4715432],[106.1341897,21.4716327],[106.134152,21.4716606],[106.1340746,21.4717179],[106.1339217,21.4718427],[106.1335891,21.4721547],[106.1335558,21.472174],[106.1334667,21.4722255],[106.1333888,21.4722458],[106.1333263,21.472262],[106.1330822,21.4722845],[106.1327443,21.4723269],[106.1326236,21.472373],[106.1325243,21.4724392],[106.1322282,21.4727418],[106.1318909,21.4731755]]}},{"type":"Feature","properties":{"id":220},"geometry":{"type":"LineString","coordinates":[[106.171085,21.2460445],[106.1715056,21.2455011],[106.1717706,21.2451912],[106.1723274,21.2442371],[106.1732806,21.2425624],[106.1738097,21.2416104],[106.1743792,21.2409643],[106.1744776,21.2408463],[106.1748338,21.2404346],[106.1750898,21.2401337],[106.1755609,21.2396206],[106.1757688,21.2394148],[106.1761412,21.2390885],[106.1773295,21.2383021],[106.178626,21.23732]]}},{"type":"Feature","properties":{"id":221},"geometry":{"type":"LineString","coordinates":[[106.219606,21.2033121],[106.2205025,21.20304],[106.2218991,21.2026274],[106.2219848,21.2025898],[106.2226447,21.2023159],[106.2237873,21.2019259],[106.2239008,21.2018823],[106.2240294,21.2018413],[106.2243711,21.2017173],[106.2256733,21.2013303],[106.2266536,21.2010592],[106.2272538,21.2008826],[106.22818,21.2006379],[106.228421,21.2005749],[106.228585,21.200519],[106.2289363,21.2004196],[106.2293971,21.2003121],[106.2299038,21.2001391],[106.2305464,21.1999763],[106.2318572,21.1996693],[106.2333779,21.1992736],[106.2341693,21.1990516],[106.2346119,21.1989191],[106.2351134,21.1987765],[106.2354836,21.198674],[106.2358323,21.1985815],[106.2365511,21.1983601],[106.2376522,21.1980817],[106.2378198,21.1980363],[106.2379968,21.1979888],[106.2383804,21.1978888],[106.2385509,21.1978306],[106.2389865,21.1977037],[106.2392601,21.1976312],[106.2394345,21.1975837],[106.2396793,21.1975185]]}},{"type":"Feature","properties":{"id":222},"geometry":{"type":"LineString","coordinates":[[106.2400203,21.1974128],[106.2402263,21.1972875],[106.240573,21.1972001],[106.2408062,21.1971374],[106.2411343,21.1970517],[106.2416853,21.1969075],[106.2424721,21.1966995],[106.2437996,21.1963248],[106.2449108,21.19606],[106.2452648,21.1959566],[106.2454615,21.1959085],[106.2460232,21.1957592],[106.246097,21.1957377],[106.2462729,21.1957036],[106.2464939,21.1956539],[106.2469881,21.1956518],[106.2473466,21.1956645],[106.2476218,21.1956645],[106.2482699,21.1956846],[106.248315,21.1956886],[106.2498591,21.1957269],[106.2499,21.195713],[106.2510389,21.195238]]}},{"type":"Feature","properties":{"id":223},"geometry":{"type":"LineString","coordinates":[[106.1807275,21.2357532],[106.1812561,21.2353637],[106.1819688,21.2347949],[106.1823344,21.2345397],[106.1842632,21.2331149],[106.1852033,21.2324278],[106.1870057,21.2310929],[106.1871142,21.2310126],[106.1881447,21.2303276]]}},{"type":"Feature","properties":{"id":224},"geometry":{"type":"LineString","coordinates":[[106.1699653,21.2473953],[106.1702685,21.2470265],[106.171085,21.2460445]]}},{"type":"Feature","properties":{"id":225},"geometry":{"type":"LineString","coordinates":[[106.1624953,21.2478823],[106.1638284,21.2476748],[106.1654454,21.2475203],[106.1669498,21.2474387],[106.1684455,21.2474412],[106.1687692,21.2474595],[106.1693959,21.2474956],[106.1702419,21.2475522],[106.1705727,21.2475835],[106.1707226,21.2475977],[106.1708564,21.2476132],[106.1710366,21.247634],[106.1712226,21.2476555],[106.1712941,21.2476712],[106.1716279,21.2477447]]}},{"type":"Feature","properties":{"id":226},"geometry":{"type":"LineString","coordinates":[[106.1830265,21.2522216],[106.1835373,21.2523199],[106.1841907,21.2524516],[106.1847073,21.2526038],[106.1848311,21.2526838],[106.1851532,21.2528918],[106.1857757,21.2533033],[106.1860395,21.2535091],[106.1861819,21.2536201],[106.1865571,21.2542085],[106.1870927,21.2550342],[106.1872724,21.2553112],[106.187802,21.2558646],[106.1882401,21.2562141],[106.1890774,21.2567771],[106.1902366,21.2575564],[106.1917359,21.2585496],[106.1928758,21.2593071],[106.1939822,21.2600337],[106.1941398,21.2601472],[106.196398,21.2616522]]}},{"type":"Feature","properties":{"id":227},"geometry":{"type":"LineString","coordinates":[[106.1683003,21.2498628],[106.1682953,21.2498782],[106.1682286,21.2500849],[106.1679339,21.2506623],[106.1678086,21.2508959],[106.1674292,21.2516551],[106.1672018,21.2521926],[106.1671642,21.2522815],[106.1669585,21.2527869],[106.1667921,21.2531612],[106.1662169,21.2542018],[106.1660947,21.2544507],[106.1660316,21.2546036],[106.1659682,21.2548126],[106.1659723,21.2549869],[106.166017,21.2551233],[106.1662168,21.2556003],[106.166409,21.2561575],[106.1664633,21.2563844],[106.1664754,21.2564436],[106.1665012,21.2565703],[106.1665392,21.2570801],[106.166575,21.2575593],[106.1666371,21.2583901],[106.1666883,21.2590761],[106.1666913,21.2591156],[106.1667988,21.2604408],[106.1668206,21.2607277],[106.1668962,21.2617231],[106.1669269,21.2621424],[106.1670026,21.2624575],[106.1670236,21.2625204],[106.1671042,21.262762],[106.1674421,21.2636805],[106.1674911,21.2638755],[106.1675217,21.2641391],[106.167533,21.2643613],[106.1674908,21.2647695],[106.1674512,21.2649759],[106.1674292,21.2650905],[106.1671882,21.2656348],[106.1667396,21.2666479],[106.1662483,21.2679698],[106.1662186,21.2680453],[106.1654286,21.2701799],[106.1653744,21.2704041],[106.1653434,21.2705368],[106.1652722,21.2714377],[106.1651501,21.2726494]]}},{"type":"Feature","properties":{"id":228},"geometry":{"type":"LineString","coordinates":[[106.1649227,21.2734641],[106.1649301,21.2733344],[106.1649469,21.2732026],[106.1649607,21.2729982]]}},{"type":"Feature","properties":{"id":229},"geometry":{"type":"LineString","coordinates":[[106.1683003,21.2498628],[106.1686992,21.249165],[106.1689692,21.248772],[106.1692569,21.2483532]]}},{"type":"Feature","properties":{"id":230},"geometry":{"type":"LineString","coordinates":[[106.1881913,21.230433],[106.1872077,21.2311118],[106.1852682,21.2325331],[106.1843756,21.2332302],[106.183646,21.2337209],[106.1808838,21.2357593]]}},{"type":"Feature","properties":{"id":231},"geometry":{"type":"LineString","coordinates":[[106.2195239,21.2033434],[106.2192867,21.2027602],[106.2188569,21.2017053],[106.218417,21.2006257],[106.2182221,21.2001568],[106.2174669,21.198294],[106.2170841,21.1973545],[106.2168868,21.1968701],[106.2167505,21.1965393],[106.2164989,21.1959182],[106.2163058,21.1954468],[106.2161794,21.1951337],[106.21611,21.1949616],[106.2157251,21.1940364],[106.2156821,21.1939303],[106.2155857,21.1936926],[106.2154906,21.1934578],[106.2152176,21.1927844],[106.2151637,21.1926514],[106.215066,21.1924104],[106.2149714,21.192177],[106.2145388,21.1911006],[106.2144984,21.1909718],[106.2144503,21.1908611],[106.2134713,21.188444],[106.213143,21.1875885],[106.2128477,21.1866139],[106.2127243,21.1858117],[106.2126841,21.1854654],[106.2126666,21.1853152],[106.2124818,21.1837232]]}},{"type":"Feature","properties":{"id":232},"geometry":{"type":"LineString","coordinates":[[105.9787653,21.355575],[105.9782747,21.3558169],[105.978253,21.3558343],[105.9778281,21.3561747],[105.9777282,21.3563112],[105.9769833,21.3573299],[105.9765725,21.358396],[105.9765178,21.3585197],[105.9760952,21.3594744],[105.9756362,21.3604273],[105.9755038,21.3607023],[105.9753871,21.3608433],[105.9752606,21.3610216],[105.9748895,21.361394],[105.974755,21.3615194],[105.9742713,21.3619324],[105.973649,21.3623021],[105.9734757,21.3624134],[105.9734022,21.3624532],[105.9733339,21.3624733],[105.9728658,21.362392],[105.9727224,21.3623555],[105.9716516,21.3620828],[105.9716105,21.3620723],[105.9710312,21.3617925],[105.971013,21.3617845],[105.9704518,21.3615571],[105.9703808,21.3615452],[105.9703052,21.3615325],[105.9694742,21.3615739],[105.9692716,21.3615927],[105.9685258,21.3618174],[105.9674477,21.3621422],[105.9667693,21.3623887],[105.9664153,21.3625641],[105.9661192,21.3626566],[105.9654951,21.3628516],[105.9646421,21.3630889],[105.9646081,21.363107],[105.9637562,21.3635359],[105.9632866,21.3638105],[105.963069,21.3639293],[105.9629202,21.3640106],[105.9624885,21.3642637],[105.9620807,21.3645027],[105.9618849,21.3646301],[105.9617454,21.364765],[105.961445,21.3651697],[105.9613963,21.3652323],[105.961343,21.3652811],[105.9612753,21.3653104],[105.9612393,21.3653135],[105.9612009,21.3653168]]}},{"type":"Feature","properties":{"id":233},"geometry":{"type":"LineString","coordinates":[[106.2145723,21.1908321],[106.2146201,21.1909309],[106.21508,21.1921558],[106.2155862,21.1934138],[106.2158257,21.1940089],[106.2162119,21.1949441],[106.2164104,21.1954168],[106.2166049,21.1958707],[106.2168567,21.1964956],[106.217048,21.1969686],[106.2171867,21.1973124],[106.2183102,21.2000986],[106.2185102,21.2005947],[106.2189512,21.2016883],[106.2193475,21.202671],[106.2195975,21.2032909],[106.219606,21.2033121]]}},{"type":"Feature","properties":{"id":234},"geometry":{"type":"LineString","coordinates":[[106.2120715,21.1799679],[106.2117055,21.1760338],[106.2115532,21.1743969]]}},{"type":"Feature","properties":{"id":235},"geometry":{"type":"LineString","coordinates":[[106.2116515,21.1743797],[106.2122015,21.1799632]]}},{"type":"Feature","properties":{"id":236},"geometry":{"type":"LineString","coordinates":[[106.8499045,21.334163],[106.8499238,21.3341902],[106.8499324,21.3342218],[106.8499289,21.3342561],[106.849913,21.3342871],[106.849885,21.3343121],[106.8498492,21.334326],[106.8498104,21.3343269],[106.8497739,21.3343146],[106.8497446,21.3342909],[106.8497293,21.3342663],[106.8497222,21.3342387],[106.8497239,21.3342103],[106.8497343,21.3341836],[106.8497524,21.3341607],[106.8497768,21.3341437],[106.8498087,21.3341332],[106.8498437,21.3341329],[106.8498768,21.3341432],[106.8499045,21.334163]]}},{"type":"Feature","properties":{"id":237},"geometry":{"type":"LineString","coordinates":[[106.8498087,21.3341332],[106.8499478,21.3340801],[106.8500255,21.334028]]}},{"type":"Feature","properties":{"id":238},"geometry":{"type":"LineString","coordinates":[[106.849913,21.3342871],[106.8498332,21.3344933]]}},{"type":"Feature","properties":{"id":239},"geometry":{"type":"LineString","coordinates":[[106.8494794,21.3342008],[106.849632,21.3341771],[106.8497768,21.3341437]]}},{"type":"Feature","properties":{"id":240},"geometry":{"type":"LineString","coordinates":[[106.2792677,21.2933577],[106.2796369,21.2933917]]}},{"type":"Feature","properties":{"id":241},"geometry":{"type":"LineString","coordinates":[[105.9767953,21.2297134],[105.9814409,21.2275007],[105.9817635,21.2273329],[105.9819623,21.2272223],[105.9821894,21.2270814],[105.9824458,21.2268856]]}},{"type":"Feature","properties":{"id":242},"geometry":{"type":"LineString","coordinates":[[106.3902423,21.2989172],[106.3902819,21.2990546],[106.3903114,21.2991287],[106.3903878,21.2992941],[106.3904328,21.299356],[106.3904963,21.2993976],[106.3905863,21.2994273]]}},{"type":"Feature","properties":{"id":243},"geometry":{"type":"LineString","coordinates":[[106.1230254,21.2559535],[106.1226992,21.2562436],[106.1224092,21.2564742],[106.1201013,21.258203],[106.118987,21.2590263],[106.1178772,21.2598577],[106.1173816,21.2602134],[106.1172541,21.2603173],[106.1168094,21.2606588],[106.1165794,21.2608529],[106.115051,21.2619874],[106.1149124,21.2621092]]}},{"type":"Feature","properties":{"id":244},"geometry":{"type":"LineString","coordinates":[[106.1287035,21.2445072],[106.1287782,21.2443665],[106.1290318,21.2438243],[106.1293531,21.2431372],[106.129424,21.2429962],[106.1294895,21.2428659],[106.1298138,21.2422207],[106.130039,21.2417547],[106.1302246,21.2413627],[106.1303493,21.2411099],[106.1305529,21.2406895],[106.1307548,21.2402608],[106.130998,21.2397614],[106.1312186,21.2393044],[106.1313838,21.2389632],[106.1314097,21.2389063],[106.1315734,21.2385459],[106.1317607,21.2381437],[106.1319236,21.2377774],[106.1320993,21.2374144],[106.1323583,21.2368916],[106.1324365,21.2367338],[106.1324729,21.2366755],[106.1325149,21.2366276],[106.1325341,21.2366104],[106.1325851,21.2365649],[106.1326575,21.2365186],[106.1327274,21.2364944],[106.1327852,21.2364891],[106.132864,21.2365088],[106.1333982,21.2367202],[106.1338007,21.2368703],[106.1340072,21.236943],[106.1342187,21.2370067],[106.1344325,21.2370704],[106.1346154,21.237109],[106.1348431,21.2371605],[106.1350342,21.2371947],[106.1353074,21.2372379],[106.1355643,21.2372727],[106.1356333,21.2372803],[106.13577,21.2372955],[106.1360416,21.2373152],[106.1362595,21.2373273],[106.1367449,21.2373652],[106.1373157,21.2374114],[106.1378198,21.2374402],[106.1384931,21.2374857],[106.138994,21.2375251],[106.1392213,21.2375419],[106.1395168,21.2375637],[106.1397509,21.2375797],[106.1399802,21.2375857],[106.1401843,21.2375842],[106.1403933,21.2375834],[106.1406071,21.2375728],[106.1408072,21.2375607],[106.1409828,21.2375471],[106.1411836,21.2375258],[106.1413682,21.2375031],[106.1416202,21.2374607],[106.141756,21.2374372],[106.1419048,21.2374023],[106.1421699,21.2373349],[106.1423431,21.2372886],[106.1427074,21.2372053],[106.1427967,21.2371819],[106.1429855,21.2371324],[106.1431392,21.2370874],[106.1435603,21.2369787],[106.1446747,21.2367511],[106.1450287,21.2366666],[106.1450876,21.2366553],[106.1455479,21.2365417],[106.1459063,21.2364501],[106.1466099,21.2362961],[106.1473942,21.2361022],[106.1476953,21.2360357],[106.1485587,21.2358445],[106.1494276,21.2356596],[106.1494705,21.2356474],[106.149971,21.2355366],[106.150369,21.2354236],[106.1515975,21.2351486],[106.1526161,21.2349305],[106.1526248,21.2349286]]}},{"type":"Feature","properties":{"id":245},"geometry":{"type":"LineString","coordinates":[[106.1526704,21.2350548],[106.1522707,21.2351573],[106.151965,21.2352274],[106.1499882,21.2356649],[106.1498767,21.2356894],[106.1495603,21.2357561],[106.148639,21.2359699],[106.1474752,21.2362162],[106.1471873,21.2362886],[106.1459449,21.2365748],[106.1454518,21.236703],[106.1450586,21.2367921],[106.1443792,21.2369385],[106.1439872,21.2370176],[106.1435825,21.2371029],[106.1432125,21.2371858],[106.1429743,21.2372247],[106.1428191,21.2372545],[106.1426694,21.237293],[106.1424151,21.2373556],[106.1420884,21.2374335],[106.1417875,21.2375063],[106.1416484,21.237539],[106.1414939,21.2375659],[106.1413417,21.2375881],[106.141108,21.2376167],[106.1409691,21.2376347],[106.140823,21.2376464],[106.1405639,21.2376689],[106.1403711,21.2376762],[106.1401344,21.2376715],[106.1399023,21.237671],[106.1396556,21.2376537],[106.1394521,21.2376397],[106.1391075,21.2376114],[106.1387021,21.2375821],[106.1381882,21.2375439],[106.137791,21.237518],[106.1371672,21.2374796],[106.1364809,21.2374266],[106.1362498,21.2374121],[106.1358808,21.2373842],[106.135554,21.2373545],[106.1353014,21.237322],[106.1350137,21.2372739],[106.1347892,21.2372346],[106.1345849,21.2371914],[106.1342983,21.2371145],[106.1340384,21.2370322],[106.1337905,21.2369543],[106.133554,21.2368667],[106.1332581,21.2367528],[106.1328966,21.236605],[106.1328177,21.2365755],[106.1327648,21.2365664],[106.1327152,21.2365694],[106.1326697,21.2365846],[106.1326258,21.2366081],[106.1326006,21.2366323],[106.1325791,21.2366586],[106.1325423,21.2367242],[106.1325213,21.2367617],[106.1323932,21.2370408],[106.1323442,21.2371387],[106.1323328,21.2371615],[106.1321911,21.2374303],[106.1320843,21.2376445],[106.1318564,21.2381407],[106.1314928,21.2389348],[106.1314586,21.2390095],[106.1311335,21.2396799],[106.1306628,21.2406531],[106.1301696,21.2417117],[106.1296338,21.2428953],[106.129619,21.242926],[106.1295613,21.2430451],[106.1295579,21.2430522],[106.129499,21.2431949],[106.129416,21.243393],[106.1289077,21.2444114],[106.1288434,21.2445547]]}},{"type":"Feature","properties":{"id":246},"geometry":{"type":"LineString","coordinates":[[106.1089671,21.2665673],[106.1072837,21.2649078],[106.1065726,21.2641927],[106.1063724,21.2640204],[106.1060408,21.2637539],[106.1049477,21.2629066],[106.10482,21.2628077],[106.1047737,21.2627777],[106.1040901,21.2623343],[106.102218,21.2611499],[106.1021196,21.2610972],[106.1019346,21.2610791]]}},{"type":"Feature","properties":{"id":247},"geometry":{"type":"LineString","coordinates":[[106.2040371,21.2889702],[106.2055068,21.2869878]]}},{"type":"Feature","properties":{"id":248},"geometry":{"type":"LineString","coordinates":[[106.2258028,21.266659],[106.2263051,21.267001],[106.2265235,21.2671349],[106.2267624,21.2672814],[106.229314,21.2687908],[106.2296029,21.2689617],[106.2298508,21.2691073],[106.2308459,21.2696918],[106.2309803,21.2697707],[106.2328575,21.2708816],[106.2330717,21.2710138],[106.2336518,21.2713865],[106.235188,21.2724035],[106.2352007,21.2724113],[106.237888,21.274591],[106.2384029,21.274992],[106.2386933,21.2751469],[106.2398599,21.2757706],[106.2400903,21.2758704],[106.2403619,21.2759559],[106.2406332,21.2760226],[106.2409542,21.27608],[106.2423145,21.2762505],[106.2426386,21.2762739]]}},{"type":"Feature","properties":{"id":249},"geometry":{"type":"LineString","coordinates":[[106.2254482,21.2664166],[106.2258028,21.266659]]}},{"type":"Feature","properties":{"id":250},"geometry":{"type":"LineString","coordinates":[[106.2138677,21.2585402],[106.2160636,21.260039],[106.2162059,21.2601306],[106.2183158,21.2615669],[106.2205982,21.2631249],[106.2219083,21.264018],[106.2223147,21.264295],[106.2224108,21.2643605],[106.2233079,21.2649721],[106.224137,21.2655372],[106.2250565,21.2661538],[106.2253156,21.2663276],[106.2254482,21.2664166]]}},{"type":"Feature","properties":{"id":251},"geometry":{"type":"LineString","coordinates":[[106.3294698,21.4394604],[106.3291314,21.439117],[106.3251516,21.4350231]]}},{"type":"Feature","properties":{"id":252},"geometry":{"type":"LineString","coordinates":[[106.3304476,21.4404393],[106.3294698,21.4394604]]}},{"type":"Feature","properties":{"id":253},"geometry":{"type":"LineString","coordinates":[[106.3251516,21.4350231],[106.3247887,21.4346477]]}},{"type":"Feature","properties":{"id":254},"geometry":{"type":"LineString","coordinates":[[106.3247887,21.4346477],[106.3234856,21.4334176],[106.3223867,21.4324045],[106.3213121,21.4316023],[106.3200867,21.4308287],[106.3188037,21.4300951],[106.3186669,21.4300477],[106.3184872,21.4299878],[106.3183301,21.4299267],[106.3180366,21.429803],[106.3177952,21.4296707],[106.3175458,21.4295209],[106.3173687,21.4294135],[106.3171247,21.4293162],[106.3167599,21.4291738],[106.3163951,21.4290315],[106.3159364,21.4288792],[106.3156629,21.4287793],[106.315349,21.4286395],[106.3148501,21.4283749],[106.3143432,21.4281052],[106.3141152,21.4279854],[106.3138309,21.4278705],[106.3132676,21.4276832],[106.3125166,21.4273686],[106.3120311,21.4271389],[106.3116074,21.4269317],[106.3112828,21.426737],[106.3105559,21.4262476],[106.3101456,21.4260079],[106.3097171,21.4257534],[106.3093597,21.425521],[106.3089949,21.4252413],[106.3088206,21.425094],[106.3087368,21.4250115],[106.3077102,21.4240259],[106.3069087,21.4230882],[106.3064996,21.4225793],[106.3053096,21.4205739],[106.3031953,21.4164023],[106.3021365,21.4143546],[106.301074,21.4123104],[106.2996734,21.4095352]]}},{"type":"Feature","properties":{"id":255},"geometry":{"type":"LineString","coordinates":[[106.3248864,21.4345712],[106.3252437,21.4349438]]}},{"type":"Feature","properties":{"id":256},"geometry":{"type":"LineString","coordinates":[[106.3252437,21.4349438],[106.3292241,21.4390383],[106.3295622,21.4393815]]}},{"type":"Feature","properties":{"id":257},"geometry":{"type":"LineString","coordinates":[[106.3295622,21.4393815],[106.330533,21.4403665]]}},{"type":"Feature","properties":{"id":258},"geometry":{"type":"LineString","coordinates":[[106.2997225,21.4093879],[106.3011468,21.412287],[106.3016832,21.4132809],[106.3022197,21.4143271],[106.3032737,21.4163747],[106.3053739,21.4205172],[106.3065326,21.4224598],[106.3069457,21.4229791],[106.3077504,21.4239529],[106.3088313,21.4249492],[106.3094455,21.4254636],[106.3097245,21.4256657],[106.3104942,21.4261077],[106.3110226,21.4264598],[106.3113284,21.4266645],[106.3121706,21.4271015],[106.3126802,21.4273462],[106.3131174,21.4275185],[106.3133427,21.4276083],[106.3135573,21.4276758],[106.3138148,21.4277557],[106.3140964,21.4278655],[106.314362,21.4279978],[106.3146222,21.4281352],[106.3148877,21.428295],[106.3151881,21.4284473],[106.315577,21.4286395],[106.3159472,21.4287744],[106.3165292,21.4289916],[106.317181,21.4292413],[106.3174465,21.4293586],[106.3176826,21.4294859],[106.3179803,21.4296757],[106.3182056,21.4297756],[106.3183665,21.429833],[106.3185087,21.4298879],[106.3187018,21.4299553],[106.3188976,21.4300352],[106.3201314,21.4307243],[106.3213653,21.4315033],[106.3224489,21.4323122],[106.3235539,21.4333309],[106.3248864,21.4345712]]}},{"type":"Feature","properties":{"id":259},"geometry":{"type":"LineString","coordinates":[[106.2977995,21.3885631],[106.2977244,21.3881276],[106.2961701,21.3814425],[106.2957501,21.3796367],[106.2952888,21.3778683],[106.2942232,21.3740185],[106.292684,21.3688646],[106.2907384,21.3623148],[106.2900344,21.3599315],[106.2893153,21.3575382]]}},{"type":"Feature","properties":{"id":260},"geometry":{"type":"LineString","coordinates":[[106.2977162,21.4028465],[106.2976304,21.4016067],[106.2976599,21.4004105],[106.2978512,21.3981112]]}},{"type":"Feature","properties":{"id":261},"geometry":{"type":"LineString","coordinates":[[106.2979629,21.3981255],[106.2978154,21.399956],[106.297743,21.4016117],[106.2978075,21.4028316]]}},{"type":"Feature","properties":{"id":262},"geometry":{"type":"LineString","coordinates":[[106.28942,21.3575194],[106.290839,21.3622958],[106.2927782,21.3688215],[106.2943178,21.3740144],[106.2948301,21.3758152],[106.2955168,21.3783104],[106.2957555,21.3792295],[106.2959084,21.3799214],[106.2975036,21.3866002]]}},{"type":"Feature","properties":{"id":263},"geometry":{"type":"LineString","coordinates":[[106.2893153,21.3575382],[106.2890982,21.3567978]]}},{"type":"Feature","properties":{"id":264},"geometry":{"type":"LineString","coordinates":[[106.2892109,21.3567965],[106.28942,21.3575194]]}},{"type":"Feature","properties":{"id":265},"geometry":{"type":"LineString","coordinates":[[106.2877103,21.3518537],[106.2879503,21.3524899],[106.2885725,21.3546857],[106.288889,21.3557798],[106.2892109,21.3567965]]}},{"type":"Feature","properties":{"id":266},"geometry":{"type":"LineString","coordinates":[[106.2890982,21.3567978],[106.2878306,21.3525249],[106.2875824,21.3518621]]}},{"type":"Feature","properties":{"id":267},"geometry":{"type":"LineString","coordinates":[[106.2718034,21.3381152],[106.2716814,21.337916],[106.2710855,21.3366691],[106.2707214,21.3357909],[106.2706291,21.3354769],[106.2701361,21.333599],[106.2694808,21.330407],[106.2690729,21.3285361],[106.2688248,21.3273781],[106.2686719,21.3266348],[106.2685633,21.3260863],[106.2681341,21.3241262],[106.2680268,21.3235965],[106.2678914,21.323158],[106.267772,21.322807],[106.267532,21.3222485],[106.2672155,21.3216276],[106.2670371,21.3212728],[106.2668896,21.3210442],[106.2666079,21.3206482],[106.2656786,21.3195737],[106.265413,21.3192951],[106.2650429,21.3189503],[106.2646821,21.3186942],[106.2642999,21.3184368],[106.263814,21.3181592],[106.2625522,21.3175528],[106.2590058,21.3160293]]}},{"type":"Feature","properties":{"id":268},"geometry":{"type":"LineString","coordinates":[[106.2719044,21.3382811],[106.2718034,21.3381152]]}},{"type":"Feature","properties":{"id":269},"geometry":{"type":"LineString","coordinates":[[106.2719451,21.3380108],[106.2720262,21.3381593]]}},{"type":"Feature","properties":{"id":270},"geometry":{"type":"LineString","coordinates":[[106.2590521,21.3159232],[106.2591765,21.3159675],[106.2625927,21.3174773],[106.263844,21.3180683],[106.2644474,21.3184231],[106.2647907,21.3186517],[106.2650965,21.3188804],[106.2655632,21.3193264],[106.2657456,21.3195238],[106.2663813,21.3202246],[106.266789,21.3207319],[106.2671229,21.3212578],[106.2672879,21.3215602],[106.267532,21.3220449],[106.2677425,21.3224884],[106.2679812,21.3231068],[106.2680885,21.3234853],[106.2683487,21.3246309],[106.2686437,21.3260376],[106.268743,21.3264824],[106.2688167,21.3268409],[106.2689643,21.3275405],[106.2691735,21.3285212],[106.269604,21.330385],[106.2702584,21.3335731],[106.2705294,21.3345154],[106.2708777,21.3357266],[106.2712928,21.3367535],[106.2717909,21.3377417],[106.2719451,21.3380108]]}},{"type":"Feature","properties":{"id":271},"geometry":{"type":"LineString","coordinates":[[106.2837385,21.3469906],[106.2834587,21.346796],[106.2830604,21.3465627],[106.2824353,21.3462504],[106.2818276,21.345973],[106.2811029,21.3456629],[106.2792982,21.3449341],[106.278764,21.3446665],[106.2781017,21.3443132],[106.2774648,21.3438962],[106.2767912,21.3434462],[106.2756201,21.3424692],[106.2744928,21.3414005],[106.2736724,21.3405632],[106.2734062,21.3402915],[106.2726257,21.3393517],[106.2720993,21.3385643],[106.2719044,21.3382811]]}},{"type":"Feature","properties":{"id":272},"geometry":{"type":"LineString","coordinates":[[106.2720262,21.3381593],[106.2727448,21.3392232],[106.2735325,21.340202],[106.2745826,21.3412643],[106.2757404,21.3423627],[106.2768513,21.343292],[106.2775619,21.3437707],[106.2781913,21.3441692],[106.2788395,21.3445298],[106.279297,21.3447508],[106.2811643,21.3455364],[106.2819023,21.3458453],[106.2825119,21.3461208],[106.2831466,21.3464404],[106.2835746,21.3466955],[106.2838261,21.3468675]]}},{"type":"Feature","properties":{"id":273},"geometry":{"type":"LineString","coordinates":[[106.2545514,21.3139916],[106.2539501,21.3135315],[106.2535804,21.313197],[106.2533304,21.3129449],[106.2530574,21.3126573],[106.2525062,21.3120005],[106.2519792,21.3112111],[106.2516775,21.3106724],[106.2510314,21.3093385],[106.2505208,21.308324],[106.2500173,21.3073665],[106.2496148,21.3067388],[106.2492203,21.3061521],[106.2488008,21.3056268],[106.2483546,21.3050764]]}},{"type":"Feature","properties":{"id":274},"geometry":{"type":"LineString","coordinates":[[106.2484427,21.3050346],[106.2488933,21.3055806],[106.2493077,21.3061004],[106.2496966,21.3066951],[106.2501057,21.3073298],[106.251102,21.3092739],[106.2513408,21.3097637],[106.2517645,21.3106258],[106.2520971,21.311218],[106.2525961,21.3119401],[106.2531111,21.3125648],[106.2533927,21.3128722],[106.2536448,21.3131196],[106.2540177,21.3134669],[106.254589,21.3139341]]}},{"type":"Feature","properties":{"id":275},"geometry":{"type":"LineString","coordinates":[[106.2483546,21.3050764],[106.2478109,21.3044991],[106.2470251,21.3037745],[106.2466724,21.3034728],[106.2462392,21.3031104],[106.245577,21.3025514]]}},{"type":"Feature","properties":{"id":276},"geometry":{"type":"LineString","coordinates":[[106.2456478,21.3024882],[106.2463291,21.3030654],[106.2467395,21.3034065],[106.2470775,21.3036952],[106.2479049,21.3044586],[106.2484427,21.3050346]]}},{"type":"Feature","properties":{"id":277},"geometry":{"type":"LineString","coordinates":[[106.245577,21.3025514],[106.2450993,21.3021558],[106.2446138,21.3017597],[106.2436801,21.3010878],[106.240654,21.2985459]]}},{"type":"Feature","properties":{"id":278},"geometry":{"type":"LineString","coordinates":[[106.2408351,21.2983738],[106.2438643,21.3009186],[106.2447372,21.3017122],[106.2451892,21.3021033],[106.2456478,21.3024882]]}},{"type":"Feature","properties":{"id":279},"geometry":{"type":"LineString","coordinates":[[106.230852,21.2876242],[106.2295851,21.2862672]]}},{"type":"Feature","properties":{"id":280},"geometry":{"type":"LineString","coordinates":[[106.2297813,21.2861151],[106.2310496,21.2874657]]}},{"type":"Feature","properties":{"id":281},"geometry":{"type":"LineString","coordinates":[[106.2054032,21.2695903],[106.2065074,21.2678718],[106.2067771,21.2674521]]}},{"type":"Feature","properties":{"id":282},"geometry":{"type":"LineString","coordinates":[[106.1778938,21.2504005],[106.1782342,21.2505235],[106.1784841,21.2506457],[106.1793265,21.2510914],[106.1802068,21.2516245],[106.1806735,21.2519213],[106.1818315,21.2526576],[106.1823302,21.2530229],[106.1832756,21.2537154],[106.1833306,21.2537523],[106.1839188,21.2541467],[106.1842397,21.2543525],[106.185181,21.2549561],[106.1854128,21.2551047],[106.1859912,21.2554477],[106.1876802,21.2565403],[106.1890157,21.2574028],[106.1897151,21.2579264],[106.189906,21.2581704],[106.1902405,21.2585274],[106.190286,21.258576],[106.1905755,21.2587267],[106.1907357,21.2588101],[106.1911399,21.2589473],[106.1914052,21.2590472],[106.1915025,21.2590924],[106.1917399,21.2592464],[106.1931037,21.2601475],[106.1938455,21.2606337],[106.1941849,21.2608625],[106.1945069,21.2610697],[106.1949712,21.2613709],[106.1954562,21.2617059],[106.1959411,21.2620409]]}},{"type":"Feature","properties":{"id":283},"geometry":{"type":"LineString","coordinates":[[106.2310496,21.2874657],[106.2319859,21.2885086],[106.2329273,21.2896346],[106.2331065,21.2898587],[106.2335399,21.2903979],[106.2346802,21.2919117],[106.2356277,21.2932103],[106.2366468,21.2943782],[106.238405,21.2961699]]}},{"type":"Feature","properties":{"id":284},"geometry":{"type":"LineString","coordinates":[[106.614933,21.2458074],[106.6144556,21.2456324],[106.6140908,21.2455186]]}},{"type":"Feature","properties":{"id":285},"geometry":{"type":"LineString","coordinates":[[106.0222184,21.3404475],[106.0218701,21.3407135],[106.0213981,21.341067],[106.0209528,21.3413568],[106.0202125,21.3419364],[106.0191986,21.3426808],[106.0190366,21.3427607],[106.0189582,21.3428035]]}},{"type":"Feature","properties":{"id":286},"geometry":{"type":"LineString","coordinates":[[106.0188928,21.3429756],[106.0191503,21.3428607],[106.0194186,21.3426908],[106.021046,21.341503],[106.0212103,21.3413618],[106.0223069,21.3405485]]}},{"type":"Feature","properties":{"id":287},"geometry":{"type":"LineString","coordinates":[[106.0188928,21.3429756],[106.0186122,21.3430717],[106.0185066,21.343093],[106.0183427,21.3431055],[106.0180718,21.3431133]]}},{"type":"Feature","properties":{"id":288},"geometry":{"type":"LineString","coordinates":[[106.0188486,21.3428495],[106.0186981,21.3428956],[106.018481,21.3429382],[106.0183842,21.3429543],[106.0180436,21.3429859]]}},{"type":"Feature","properties":{"id":289},"geometry":{"type":"LineString","coordinates":[[106.6268769,21.4394078],[106.6270052,21.4394795]]}},{"type":"Feature","properties":{"id":290},"geometry":{"type":"LineString","coordinates":[[106.4803022,21.2756933],[106.4807266,21.2758245],[106.4811591,21.2759071],[106.4812503,21.2759245],[106.4814313,21.2759548],[106.481438,21.2759559],[106.4814891,21.2759645],[106.4820188,21.2760545],[106.4822831,21.2760994],[106.4823247,21.2761065],[106.4823968,21.2761187],[106.4824373,21.2761256],[106.4824709,21.2761311],[106.4828129,21.276187],[106.4829495,21.2762094],[106.4830526,21.2762231],[106.4832008,21.2762428],[106.4833063,21.2762569],[106.4835005,21.2762756],[106.4837014,21.2762951],[106.4837427,21.2762991],[106.4837972,21.2763044],[106.4840456,21.27633],[106.484127,21.2763384],[106.4845543,21.2763825],[106.4846944,21.2763969],[106.4851408,21.2764258],[106.4851479,21.2764263],[106.4856101,21.2764562],[106.4860072,21.2764819],[106.4861349,21.2764861],[106.4864981,21.2764981],[106.4866711,21.2764931],[106.4868561,21.2764781],[106.4873081,21.2764043],[106.4875674,21.2763294],[106.4877377,21.2762802],[106.4879543,21.2762177],[106.48829,21.2761006],[106.4883757,21.2760707],[106.4888155,21.2759357],[106.4891559,21.2758523],[106.4892883,21.2758199],[106.4893667,21.2758007],[106.4893822,21.275798],[106.4896826,21.2757463],[106.4897396,21.2757432],[106.4898415,21.2757445],[106.4902156,21.275762],[106.4902353,21.2757637],[106.4907773,21.275811],[106.4909612,21.2758518],[106.491074,21.2758632],[106.4914939,21.2759117],[106.4919189,21.2759607],[106.4923105,21.2760132],[106.4926538,21.2760707],[106.4928898,21.2761282],[106.4931178,21.2762056],[106.4935625,21.2764016]]}},{"type":"Feature","properties":{"id":291},"geometry":{"type":"LineString","coordinates":[[106.4849806,21.2752921],[106.484749,21.2751909]]}},{"type":"Feature","properties":{"id":292},"geometry":{"type":"LineString","coordinates":[[106.5077177,21.27926],[106.507465,21.278986],[106.5070492,21.2785925],[106.5070332,21.2785786],[106.506738,21.2783527],[106.5066791,21.2783076],[106.5065268,21.2782098],[106.5065082,21.2781979],[106.5064703,21.2781735],[106.5060568,21.2780077],[106.5057242,21.2778927],[106.505546,21.2778476],[106.5054077,21.2778127],[106.5050858,21.2777777],[106.5048283,21.2777678],[106.5046741,21.2777677],[106.5043385,21.2777674],[106.5040426,21.2777604],[106.5037608,21.2777677],[106.5034028,21.2777721],[106.5031627,21.277775],[106.5028438,21.2777789],[106.502295,21.2777857],[106.5015962,21.2777943],[106.501033,21.2778012],[106.5000446,21.2778331],[106.4999347,21.2778352],[106.4997027,21.2778397],[106.4985842,21.2778516],[106.4981604,21.2778802],[106.4979449,21.2778996],[106.4976883,21.2779227],[106.4972753,21.2779683],[106.4966691,21.2780352],[106.4959239,21.2780544],[106.4956659,21.2780252],[106.4954351,21.2779669],[106.4952233,21.2779027],[106.4950463,21.2778152],[106.4950207,21.2777992],[106.4948858,21.277702],[106.4947179,21.2775489],[106.4944454,21.2773005],[106.4942224,21.2770972],[106.493783,21.2766155],[106.4937187,21.2765531],[106.4935625,21.2764016],[106.4930266,21.2757757],[106.4925341,21.2753191],[106.4922622,21.2751734],[106.491967,21.275024],[106.4915058,21.274811],[106.4910168,21.2746178],[106.4909426,21.2745885],[106.4903096,21.2744086],[106.4899569,21.2742854],[106.4898831,21.274268],[106.4898053,21.2742586],[106.4897459,21.2742564],[106.4896886,21.2742608],[106.489565,21.2742797],[106.4894249,21.2743206],[106.4892182,21.274381],[106.4888979,21.2744746],[106.4886262,21.2745364]]}},{"type":"Feature","properties":{"id":293},"geometry":{"type":"LineString","coordinates":[[106.9341015,21.3697151],[106.9341816,21.3696858]]}},{"type":"Feature","properties":{"id":294},"geometry":{"type":"LineString","coordinates":[[106.9178023,21.3660556],[106.917848,21.3661445],[106.9178939,21.3662937],[106.9179495,21.3665043],[106.9179904,21.3666596],[106.9180495,21.3667845],[106.918095,21.3668457],[106.9181343,21.3668873],[106.9182117,21.3669419],[106.9183378,21.3669956],[106.918437,21.3670181],[106.9185148,21.3670281],[106.9186744,21.3670306],[106.9187857,21.3670081],[106.9189306,21.3669706],[106.9191961,21.3668869],[106.9192994,21.3668632],[106.9194147,21.3668307],[106.9195153,21.366802],[106.9195944,21.3667783],[106.9197138,21.3667458],[106.9198117,21.3667271],[106.9199028,21.3667208],[106.9201188,21.3667108],[106.9202653,21.3667183],[106.9204192,21.3667208],[106.9205815,21.3667308],[106.9208355,21.3667407],[106.9211219,21.3667433],[106.9213539,21.366757],[106.9214411,21.366767],[106.9215444,21.366792],[106.9216181,21.3668145],[106.9216919,21.366842],[106.9217831,21.3668844],[106.9218772,21.3669374],[106.9219547,21.3669781],[106.9224751,21.3672741],[106.9225016,21.3672913],[106.9227018,21.3674216],[106.9228506,21.3675126],[106.9229753,21.3675901],[106.9230545,21.3676513],[106.9231273,21.3677012],[106.9232071,21.3677559],[106.9235373,21.3679822],[106.9236875,21.3680772],[106.9238028,21.3681471],[106.9239289,21.368217],[106.9240006,21.3682439],[106.9240891,21.3682626],[106.9244304,21.3683045],[106.9247268,21.3683407],[106.9250313,21.3683735],[106.925388,21.3684044],[106.9255559,21.3684233],[106.9256495,21.3684344],[106.9258761,21.3684925],[106.9259392,21.3685087],[106.9260746,21.3685467],[106.9262838,21.3686154],[106.9266612,21.3687103],[106.9267412,21.3687303],[106.9271223,21.3688059],[106.9275164,21.3688839],[106.9276424,21.3689089]]}},{"type":"Feature","properties":{"id":295},"geometry":{"type":"LineString","coordinates":[[106.8526478,21.3387097],[106.8528195,21.3388359]]}},{"type":"Feature","properties":{"id":296},"geometry":{"type":"LineString","coordinates":[[106.8498332,21.3344933],[106.8497711,21.3352457],[106.8497939,21.3355393],[106.8498449,21.3357854],[106.8500079,21.3360195],[106.8509299,21.3370608],[106.8515921,21.3377632],[106.852157,21.3383624],[106.8524466,21.3385748],[106.8526478,21.3387097]]}},{"type":"Feature","properties":{"id":297},"geometry":{"type":"LineString","coordinates":[[106.7644858,21.2151312],[106.7644556,21.215283],[106.7644217,21.2153458],[106.7644083,21.2153705],[106.7643802,21.2154058],[106.7643162,21.2154863],[106.7639097,21.2158349],[106.7637402,21.215967],[106.7633117,21.2163011],[106.7630593,21.2165267],[106.7629831,21.2165909],[106.7628649,21.2167255],[106.7627689,21.2168574],[106.7626397,21.2170175],[106.7626207,21.2170456],[106.7625403,21.2171643]]}},{"type":"Feature","properties":{"id":298},"geometry":{"type":"LineString","coordinates":[[106.7713567,21.2119286],[106.771481,21.2118885]]}},{"type":"Feature","properties":{"id":299},"geometry":{"type":"LineString","coordinates":[[106.771481,21.2118885],[106.7717443,21.2117985],[106.7718508,21.2117612],[106.7719562,21.2117146],[106.772026,21.2116796],[106.7721078,21.2116302],[106.7721966,21.2115526],[106.7722673,21.2114705],[106.7725261,21.2111806],[106.7728202,21.2109044],[106.7728803,21.2108601],[106.7729332,21.2108319],[106.7729952,21.2108051],[106.7730499,21.2107894],[106.7731074,21.2107773],[106.7731867,21.2107719],[106.7737513,21.2107714],[106.77387,21.2107494],[106.7739682,21.2107165],[106.774079,21.2106642],[106.7741704,21.2106032],[106.7749525,21.2099667],[106.7761293,21.2089319],[106.7762325,21.2088412],[106.7762625,21.2088148],[106.7765371,21.2085758],[106.7768853,21.2082758],[106.7772581,21.2079546],[106.7774258,21.2078149],[106.777777,21.2075225],[106.7785572,21.2068748],[106.7793944,21.206221],[106.7794825,21.2061559],[106.7795241,21.2060822],[106.7795647,21.2059905],[106.7795808,21.2059174],[106.7796265,21.2051379],[106.7796448,21.2050207],[106.7796609,21.2049257],[106.7796998,21.2048544],[106.779794,21.2047404],[106.7801468,21.2044376],[106.7802054,21.2043705],[106.780253,21.2042745],[106.7802779,21.2041702],[106.7802925,21.2040729],[106.7803413,21.2038866],[106.7803623,21.2037841],[106.7803891,21.2037203],[106.7804374,21.2036528],[106.7805467,21.2035523],[106.7806855,21.2034578],[106.7808685,21.2033716],[106.7811284,21.2033227],[106.781411,21.2032615],[106.7815505,21.2032427],[106.7816564,21.203259],[106.7818227,21.203294],[106.7820293,21.2033465],[106.7822021,21.2033518],[106.7822921,21.2033384],[106.7823806,21.2033077],[106.7824608,21.2032705],[106.7825845,21.2031815],[106.7828313,21.2028976],[106.7830947,21.2026357],[106.7832176,21.2025439],[106.7832832,21.2025213],[106.783369,21.2025138],[106.7836171,21.2025063],[106.7839511,21.2025288],[106.7842904,21.2026076],[106.7846465,21.2026793],[106.7847738,21.2026962],[106.7848684,21.2027088],[106.7851084,21.2027228],[106.7864214,21.2027422],[106.7864992,21.2027639],[106.7865719,21.2028051],[106.7867191,21.2029201],[106.786879,21.2030515],[106.7869538,21.2031027],[106.7870128,21.2031314],[106.7870745,21.2031354],[106.787257,21.2031292],[106.7881886,21.2030539],[106.7888139,21.2030034],[106.7889336,21.2029913],[106.7894339,21.2029408],[106.7901619,21.2028672],[106.7902066,21.2028627],[106.7911145,21.202771],[106.7912206,21.2027603],[106.7924731,21.2026337],[106.7927481,21.2026059],[106.7931423,21.2025661],[106.7932644,21.2025538],[106.7942065,21.2024325],[106.7943352,21.2024438],[106.7944519,21.2024838],[106.7945954,21.2025675],[106.7946545,21.2025889],[106.7947228,21.2025863],[106.7947792,21.2025601],[106.7950031,21.2021712],[106.7950675,21.2020887],[106.7951412,21.2020387],[106.7952619,21.2020187],[106.7954913,21.2020437],[106.7956721,21.2020875],[106.7957461,21.2021124],[106.7970684,21.2028351],[106.7971972,21.2029226],[106.7972991,21.2030777],[106.797401,21.2033252],[106.7975351,21.2034153],[106.7977041,21.2035028],[106.7980474,21.2035803],[106.7983317,21.2036328],[106.7987153,21.2037128],[106.7988843,21.2037441],[106.7991632,21.2038641],[106.7998432,21.2042742],[106.8004748,21.2046243],[106.8006398,21.2047468],[106.8012607,21.205302],[106.8014477,21.2054632],[106.8016111,21.2056041],[106.8017647,21.2057339],[106.8023905,21.2062672],[106.8028618,21.2066688],[106.8035071,21.2072187],[106.8037578,21.2074],[106.8039067,21.20756],[106.8039952,21.20766],[106.8040341,21.2077113],[106.8041883,21.20795],[106.8042286,21.2079976],[106.8042634,21.2080226],[106.8043345,21.2080614],[106.8044485,21.2081514],[106.8046255,21.2083652],[106.8048146,21.2087315],[106.8048763,21.2088147],[106.8049152,21.208854],[106.8053792,21.2092441],[106.8058849,21.2096701],[106.8060258,21.2097888],[106.8061718,21.2099118],[106.8062413,21.2099746],[106.8064776,21.2101881],[106.8064874,21.2101959],[106.8066332,21.2103131],[106.8068154,21.2104387]]}},{"type":"Feature","properties":{"id":300},"geometry":{"type":"LineString","coordinates":[[106.8997172,21.2410743],[106.8999848,21.2414737]]}},{"type":"Feature","properties":{"id":301},"geometry":{"type":"LineString","coordinates":[[106.6287545,21.5465341],[106.628281,21.5463683]]}},{"type":"Feature","properties":{"id":302},"geometry":{"type":"LineString","coordinates":[[106.6012852,21.5865161],[106.6012256,21.5866023],[106.6011505,21.5867232],[106.601037,21.5869311],[106.6009171,21.5872133],[106.6008749,21.587336],[106.6007911,21.587575],[106.6007307,21.5877807],[106.6006361,21.5880687],[106.6006243,21.5881047],[106.6005805,21.5882958],[106.6005269,21.5884629],[106.6005142,21.5885878],[106.600509,21.5886395],[106.6005144,21.5888358],[106.6005118,21.5889393],[106.6005104,21.5889929],[106.6005093,21.589039],[106.6004759,21.5892123],[106.6004307,21.5893393],[106.6003491,21.5894974],[106.6002289,21.5896371],[106.5998483,21.5900129],[106.5997778,21.5900741],[106.599722,21.5901225],[106.5993682,21.5904294],[106.5990992,21.5906782],[106.5989584,21.5908085],[106.59875,21.5910013],[106.598546,21.59119],[106.5984025,21.5913216],[106.5982467,21.591463],[106.5982075,21.5914975],[106.5980459,21.5916398],[106.5980171,21.5916615],[106.5979271,21.5917297],[106.5979117,21.5917413],[106.5977586,21.5918165],[106.5975496,21.5918984],[106.5974032,21.5919375],[106.5969255,21.5920804],[106.5968093,21.5921154],[106.5965088,21.5922199],[106.5963644,21.5922702],[106.5962122,21.592385],[106.5960915,21.5924939],[106.5959617,21.5925992],[106.5959078,21.5926478],[106.5957713,21.5927663],[106.5956479,21.5928817],[106.5954372,21.5931153],[106.5952751,21.5933224],[106.5951719,21.5934965],[106.5950283,21.5937689],[106.5949479,21.5939385],[106.5948755,21.5941305],[106.594811,21.5942202],[106.5947772,21.5942551],[106.5947102,21.5943242],[106.5943506,21.5946941],[106.5943115,21.594734],[106.5938439,21.5950962],[106.5937677,21.595143],[106.5935092,21.5952621],[106.5930238,21.5954224],[106.5928913,21.5954518],[106.5925056,21.5955373],[106.5922469,21.5956343],[106.5920643,21.5957374],[106.5919626,21.5958239],[106.5918817,21.5959298],[106.5917668,21.5961705],[106.5916917,21.5963725],[106.5916706,21.5964162],[106.591539,21.5966888],[106.5915241,21.5967196],[106.5911859,21.5975435],[106.5911579,21.5976297],[106.5909293,21.5983341],[106.5908928,21.598436],[106.5908173,21.598647],[106.5907744,21.598859],[106.590768,21.5989632],[106.5907656,21.5990894]]}},{"type":"Feature","properties":{"id":303},"geometry":{"type":"LineString","coordinates":[[106.6013883,21.5863006],[106.6012852,21.5865161]]}},{"type":"Feature","properties":{"id":304},"geometry":{"type":"LineString","coordinates":[[106.628281,21.5463683],[106.6281483,21.5463184],[106.6279203,21.5462823],[106.6277902,21.5462883],[106.6277325,21.546291],[106.6276105,21.5463209],[106.6274884,21.546397],[106.6271773,21.5466989],[106.6270196,21.5468323],[106.6269614,21.5468798],[106.6267696,21.5471243],[106.6267427,21.5471691],[106.6266717,21.5472877],[106.6263988,21.5479188],[106.6263311,21.5480935],[106.6262594,21.5483107],[106.6261573,21.5486223],[106.6261125,21.5487596],[106.6260643,21.5488726],[106.6259837,21.5490614],[106.6257517,21.5496427],[106.6256069,21.5500668],[106.6255251,21.5503886],[106.6254754,21.5506181],[106.6254124,21.5508564],[106.625403,21.551026],[106.6254245,21.5511807],[106.6254808,21.5513828],[106.6258418,21.5525269],[106.6259006,21.5527124],[106.6259341,21.5529532],[106.6259354,21.5531353],[106.6258952,21.5534421],[106.625859,21.5536878],[106.6258416,21.5539273],[106.625859,21.5541543],[106.6258872,21.5542791],[106.6259743,21.554526],[106.626091,21.5549177],[106.6261105,21.5550942],[106.6261084,21.5551435],[106.626095,21.5552139],[106.6260521,21.5553206],[106.6259663,21.5554603],[106.6258013,21.5556686],[106.6256109,21.5559255],[106.6253641,21.5562386],[106.6252059,21.5564806],[106.6251549,21.5566103],[106.6251308,21.5568323],[106.6251871,21.5578114],[106.6252025,21.5579798],[106.6251965,21.5581014],[106.6251848,21.5581735],[106.6251536,21.5582492],[106.6250543,21.5583964],[106.6250122,21.5584449],[106.6247968,21.5586933],[106.6245756,21.5589153],[106.6244079,21.5590974],[106.6242483,21.5592433],[106.6241102,21.5593531],[106.6237259,21.5596074],[106.6234661,21.5597867],[106.6225652,21.5604087],[106.6217807,21.5609446],[106.6212161,21.5612659],[106.6208956,21.5613762],[106.6205512,21.5615219],[106.6204128,21.5616156],[106.6203023,21.5617192],[106.6202089,21.5618551],[106.620107,21.5620946],[106.6201003,21.5621917],[106.6201177,21.5622991],[106.6201629,21.5623894],[106.6204181,21.562808],[106.6205871,21.563015],[106.62071,21.563137],[106.6208487,21.5632261],[106.6213736,21.563422],[106.6215933,21.5635307],[106.6216781,21.5636411],[106.6217392,21.5637864],[106.6217406,21.563964],[106.6217037,21.5641302],[106.6216054,21.5642858],[106.621453,21.5643906],[106.6211584,21.5645005],[106.6209345,21.5646003],[106.6207561,21.564745],[106.620449,21.5650131],[106.6203202,21.5651291],[106.620217,21.5652626],[106.6201486,21.5653661],[106.6200466,21.5655432],[106.6198321,21.5660271],[106.6197865,21.5661456],[106.6197328,21.5662354],[106.6196698,21.5663227],[106.6195665,21.5664437],[106.6194351,21.5665173],[106.6193131,21.5665534],[106.6192152,21.5665734],[106.6185942,21.5666395],[106.6184373,21.5666657],[106.6182844,21.5667093],[106.6180953,21.5667954],[106.617972,21.5668627],[106.6177346,21.5670723],[106.6176327,21.5671808],[106.617575,21.5672619],[106.6175066,21.5673666],[106.6174704,21.5674452],[106.6174154,21.567646],[106.6173993,21.5677957],[106.6174047,21.56807],[106.6174194,21.5683831],[106.6174301,21.5687011],[106.6174208,21.5688421],[106.6174114,21.5688957],[106.6173953,21.5689506],[106.6173591,21.5690454],[106.617288,21.5691501],[106.617225,21.5692237],[106.6171311,21.5692923],[106.6170191,21.5693786],[106.6168655,21.5694968],[106.6161105,21.5700992],[106.6159362,21.5702177],[106.6158208,21.5702851],[106.615629,21.5703624],[106.6154359,21.5704322],[106.6150537,21.5705407],[106.6147841,21.5706218],[106.6146138,21.5706779],[106.6143483,21.5708064],[106.6141244,21.5709353],[106.6135316,21.5713115],[106.6134337,21.5713701],[106.6133291,21.571415],[106.6131936,21.5714562],[106.613008,21.5714901],[106.612975,21.5714961],[106.612566,21.5716083],[106.6122441,21.571763],[106.6118512,21.5719638],[106.6117407,21.5720268],[106.6115803,21.5721184],[106.6112939,21.5722706],[106.611139,21.5723529],[106.6103156,21.5728542],[106.6100769,21.5730064],[106.6097998,21.573245],[106.6095983,21.5734184],[106.6093759,21.5736297],[106.6091944,21.5738021],[106.6087639,21.5741936],[106.6087039,21.5742376],[106.6084837,21.5744287],[106.608434,21.5744718],[106.6081496,21.5747639],[106.6080129,21.5749482],[106.6078721,21.575154],[106.6075975,21.5755164],[106.6072659,21.5759247],[106.6071063,21.5761442],[106.6070282,21.5763211]]}},{"type":"Feature","properties":{"id":305},"geometry":{"type":"LineString","coordinates":[[106.6984019,21.4288054],[106.6982327,21.429342],[106.6979876,21.4302349],[106.6975271,21.431515],[106.697191,21.4323822],[106.6970247,21.4328135],[106.6969449,21.433017],[106.6968612,21.433208],[106.6968316,21.433296],[106.6967779,21.433409],[106.6966888,21.4336031],[106.6965104,21.4339582],[106.6961748,21.4347042],[106.6960591,21.4348776],[106.695965,21.4350049],[106.6958097,21.4351648],[106.6957064,21.4352879],[106.6956206,21.4354069],[106.6955065,21.4356106],[106.6948486,21.4368606],[106.6947891,21.4369742],[106.6947274,21.4370566],[106.6946728,21.4371105],[106.6945933,21.4371846],[106.6945226,21.4372213],[106.6944578,21.4372451],[106.694364,21.4372826],[106.6942379,21.4373425],[106.6940836,21.4374689],[106.693933,21.437598],[106.6930439,21.4383612],[106.6929223,21.438499],[106.6928,21.438648],[106.6927256,21.4387657],[106.6926197,21.438972],[106.6925458,21.4391554],[106.6924976,21.439315],[106.6924251,21.4396251],[106.6923657,21.4399121],[106.6922826,21.4402766],[106.6921394,21.440962],[106.6920961,21.4411916],[106.6920793,21.4413413],[106.69209,21.4416287],[106.6921253,21.4419463],[106.6921619,21.4422115],[106.6922168,21.4425223],[106.6923027,21.4430066],[106.6923966,21.4435484],[106.6924608,21.4439546],[106.6924824,21.4441575],[106.6924827,21.4443458],[106.6924671,21.4444825],[106.6924261,21.4445932],[106.6923839,21.4446895],[106.6923096,21.44483],[106.6922195,21.4449564],[106.6921337,21.4450975],[106.6919996,21.4453309],[106.69184,21.445608],[106.6917408,21.4457869],[106.6916549,21.4458801],[106.6915336,21.4459598],[106.6914231,21.4460258],[106.6912815,21.4461221],[106.6911507,21.4461897],[106.690969,21.446281],[106.6908663,21.4463382],[106.6907806,21.4463868],[106.6906357,21.4464743],[106.6905176,21.4465718],[106.6904109,21.4466795],[106.6903389,21.446793],[106.690295,21.4469004],[106.6902803,21.4469823],[106.6902691,21.447057],[106.6902776,21.4471234],[106.690308,21.4472129],[106.6903433,21.4473095],[106.6904372,21.4474617],[106.6905485,21.4476464],[106.6907041,21.4479094],[106.6907281,21.4480441],[106.6907136,21.4481612],[106.690684,21.4482368],[106.6906392,21.4483249],[106.6905887,21.4483804],[106.6905304,21.448437],[106.6904332,21.4485189],[106.690346,21.4486025],[106.6902814,21.4486956],[106.6901964,21.4488321],[106.6901475,21.4489645],[106.6901237,21.4490704],[106.6900724,21.4492753],[106.6900245,21.4494705],[106.6899918,21.4496471],[106.6899893,21.4497696],[106.6900021,21.4499343],[106.6900464,21.450065],[106.6900889,21.4501637],[106.6901542,21.4503251],[106.6902384,21.4504868],[106.6903147,21.4506383],[106.690408,21.4507308],[106.6905125,21.45081],[106.6906531,21.4508943],[106.6908159,21.4509807],[106.6909219,21.4510682],[106.6909482,21.451099],[106.6909683,21.4511464],[106.6909755,21.4511956],[106.690975,21.4513046],[106.6909276,21.451447],[106.6908301,21.4516519],[106.6907483,21.4518033],[106.6907001,21.4518816],[106.6906245,21.4519895],[106.6905479,21.4520918],[106.6904546,21.4521537],[106.690365,21.4521719],[106.6902696,21.4521758],[106.6901249,21.4521694],[106.6899946,21.4521624],[106.6898413,21.4521387],[106.6894527,21.4520718],[106.6893388,21.4520613],[106.689244,21.4520621],[106.6891685,21.4520925],[106.6891052,21.452128],[106.6890291,21.452193],[106.688966,21.4522735],[106.6889166,21.4523495],[106.6888262,21.4524817],[106.6887452,21.4526096],[106.6887031,21.4527304],[106.6886958,21.4528169],[106.6886951,21.4528814],[106.6887129,21.4529462],[106.6887675,21.4530336],[106.6888193,21.453133],[106.6889124,21.4532421],[106.6890374,21.4533848],[106.6891179,21.4535183],[106.6891487,21.4536256],[106.6891551,21.4537139],[106.6891438,21.4537965]]}},{"type":"Feature","properties":{"id":306},"geometry":{"type":"LineString","coordinates":[[106.6891438,21.4537965],[106.6891135,21.4539523],[106.6889687,21.4543817],[106.6889057,21.4546538],[106.6888416,21.4548395],[106.6887742,21.4549571],[106.6887166,21.4550365],[106.6885489,21.455228],[106.6884014,21.4553653],[106.6882673,21.4555138],[106.6881609,21.4556749],[106.6879575,21.4563863],[106.6878951,21.4565829],[106.6878395,21.4566946],[106.687777,21.4567759],[106.6876866,21.4568456],[106.6875927,21.4569043],[106.6874318,21.4569929],[106.6873002,21.4570935],[106.6872185,21.4571938],[106.687177,21.4572935],[106.6871622,21.4573636],[106.6871636,21.4574173],[106.6871823,21.4575109],[106.6872209,21.4576268],[106.6872641,21.4577717],[106.687324,21.4579433],[106.6874143,21.4581537],[106.6874626,21.4583634],[106.6875002,21.4590074],[106.6875377,21.459292],[106.6876502,21.4598856],[106.6876745,21.4600558],[106.6876772,21.4602331],[106.687637,21.4604428],[106.6875773,21.4606146],[106.6873902,21.4610419],[106.6871653,21.4614835],[106.6870893,21.4615731],[106.687004,21.4616559],[106.6868857,21.4616984],[106.6866848,21.4617133],[106.6865009,21.4617109],[106.6863638,21.4617283],[106.6862744,21.4618157],[106.6862243,21.4619015],[106.6862122,21.462021],[106.6862664,21.4623399],[106.6863039,21.4625171],[106.686371,21.4627194],[106.6863951,21.4628267],[106.6863897,21.4629365],[106.6863686,21.4630743],[106.6863241,21.4631955],[106.6861993,21.4634757],[106.6861349,21.4636604],[106.6860934,21.463924],[106.6860974,21.4645665],[106.6860805,21.464807],[106.6860598,21.4649809],[106.6859845,21.4652325],[106.6858506,21.4654551],[106.6856882,21.4658044],[106.6854027,21.4664436],[106.685333,21.4666208],[106.6852364,21.4668305],[106.6848231,21.4678548],[106.6847134,21.4682458],[106.6846061,21.4685778],[106.6844693,21.4688748],[106.6843915,21.4690745],[106.6842949,21.4692792],[106.6842252,21.4694639],[106.6841394,21.4697535],[106.6841048,21.4699865],[106.6840643,21.4702153],[106.6840079,21.4705722],[106.6839167,21.4709616],[106.6837784,21.471687],[106.6837102,21.4719151],[106.6836193,21.4720477],[106.6835251,21.4721722],[106.6834339,21.472282],[106.6832921,21.4724383],[106.6832006,21.4725915],[106.6831237,21.4727308],[106.6830987,21.4728511],[106.6831004,21.4730658],[106.6830879,21.473203],[106.6830931,21.4734048],[106.6830826,21.4737047],[106.6830451,21.473873],[106.6829726,21.4741191],[106.6828707,21.4743911],[106.6827875,21.4747131],[106.6826561,21.4751949],[106.6825569,21.4754894],[106.6824764,21.4757065],[106.6824308,21.4758588],[106.6823552,21.4762033],[106.6823316,21.476363],[106.682286,21.4765627],[106.6822479,21.4768431],[106.6822591,21.4770469],[106.6822982,21.4771681],[106.6824093,21.4773564],[106.6824549,21.4774163],[106.68253,21.4774937],[106.6825858,21.4776273],[106.6825917,21.4777358],[106.6825891,21.4778755],[106.6825701,21.4779642],[106.682522,21.4780852],[106.6824478,21.4782278],[106.6820151,21.4788465],[106.6815809,21.4795202],[106.6812909,21.4799397],[106.6810414,21.4803565],[106.6808671,21.480656],[106.6806391,21.4809929],[106.680513,21.4811951],[106.6804218,21.4813748],[106.6803186,21.4815909],[106.6803065,21.4817193],[106.6803065,21.481859],[106.6803253,21.4820088],[106.6803575,21.482206],[106.6803575,21.4825229],[106.6803159,21.4826533],[106.6800383,21.4830246],[106.6799284,21.4832275],[106.6798264,21.483384],[106.6796601,21.4836036],[106.679475,21.4838557],[106.6793328,21.4840005],[106.6792443,21.4840878],[106.6789332,21.4843474],[106.6787803,21.4844697],[106.6781268,21.4850692],[106.6779301,21.4852309],[106.6775522,21.485517],[106.6773614,21.4856253],[106.6771495,21.4857376],[106.6766319,21.4859522],[106.6764092,21.486062],[106.6761357,21.4862279]]}},{"type":"Feature","properties":{"id":307},"geometry":{"type":"LineString","coordinates":[[106.7073686,21.4091639],[106.7071935,21.4094707],[106.7069384,21.4099175],[106.706878,21.4100194],[106.706753,21.4102301],[106.7066023,21.4104548],[106.7063064,21.4108323],[106.7053611,21.4119515],[106.7053151,21.4120142],[106.7050884,21.4123232],[106.7050404,21.4124101],[106.7049948,21.4125212],[106.7049373,21.412701],[106.7049264,21.4127397],[106.7049165,21.4128463],[106.704891,21.4132319],[106.7048849,21.413334],[106.7048566,21.4136363],[106.7048285,21.413937],[106.7048219,21.4141605],[106.7048138,21.4142292],[106.7048058,21.4143553],[106.7047843,21.4145813],[106.7047535,21.4147948],[106.7047347,21.4149433],[106.7047186,21.4151581],[106.7046676,21.4153691],[106.7045939,21.4155102],[106.7045483,21.4155738],[106.7044692,21.4156612],[106.7042962,21.4158385],[106.7041889,21.415944],[106.7040025,21.4160988],[106.7039368,21.416175],[106.7038684,21.4162249],[106.7037676,21.4163103],[106.7035633,21.4164873],[106.7034283,21.416615],[106.7033093,21.4167277],[106.7032714,21.4167635],[106.7032255,21.416807],[106.7030961,21.4169294],[106.7030151,21.4170655],[106.7028075,21.4172094],[106.7026318,21.4173892],[106.7025442,21.4174949],[106.7023945,21.417748],[106.7022109,21.4181987],[106.7021477,21.4183536],[106.7020227,21.4186451],[106.7019183,21.4188922],[106.7017211,21.4193611],[106.7015806,21.4196957],[106.7015032,21.4198885],[106.7014023,21.4201424],[106.7013659,21.4202376],[106.7012366,21.420543],[106.7011309,21.4207836],[106.7010998,21.4208551],[106.7010279,21.4210209],[106.7009577,21.4211531],[106.7008455,21.4212881],[106.7007718,21.4213612],[106.7006495,21.4214549],[106.700525,21.4215422],[106.7004257,21.4216246],[106.7003895,21.4216671],[106.7003151,21.4217373],[106.7002447,21.4218344],[106.7002024,21.4219286],[106.7001515,21.4220959],[106.7001288,21.4222037],[106.7001006,21.4223043],[106.7000284,21.4225994],[106.7000008,21.4226899],[106.6999457,21.4228706],[106.6998176,21.423402],[106.6997412,21.4237189],[106.6995697,21.4243371],[106.698972,21.4266046],[106.6984459,21.4286354],[106.6984019,21.4288054]]}},{"type":"Feature","properties":{"id":308},"geometry":{"type":"LineString","coordinates":[[106.8822916,21.3066726],[106.8821929,21.306817],[106.882081,21.306955],[106.8820024,21.3070269],[106.8818284,21.3071594],[106.8815739,21.307337],[106.8814373,21.3074323],[106.8810788,21.307737],[106.88041,21.3083178],[106.8802875,21.308418],[106.8800935,21.3085767],[106.8798181,21.3088529],[106.8794718,21.3092907],[106.878774,21.3101832],[106.8783288,21.3107495],[106.8781087,21.3110281],[106.8779666,21.3111591],[106.8778458,21.3112505],[106.8772963,21.3116373],[106.8770904,21.3117957],[106.8770298,21.3118392],[106.8768574,21.3120226],[106.8767636,21.3121488],[106.8766764,21.3122987],[106.8764718,21.3127275],[106.8762834,21.3131545],[106.876079,21.3136054],[106.8760538,21.3136701],[106.8760434,21.3136968],[106.875877,21.3142065],[106.8758436,21.314289],[106.87581,21.3143552],[106.875649,21.3146665],[106.8756048,21.3147725],[106.875583,21.314853],[106.875557,21.3149929],[106.875528,21.3153519],[106.875502,21.315448],[106.8754681,21.3155044],[106.8754061,21.3155382],[106.875346,21.3155488],[106.8752668,21.3155542],[106.8748737,21.315442],[106.8743595,21.31528],[106.8742983,21.3152505],[106.8742573,21.3151969],[106.8742269,21.3151199],[106.8742392,21.3150494],[106.8742872,21.3149519],[106.8744963,21.3146166],[106.8745614,21.3145036],[106.8745818,21.314405],[106.8745856,21.3142902],[106.874562,21.31418],[106.8745159,21.3141028],[106.8744653,21.3140369],[106.8743374,21.3139043],[106.8739479,21.313573],[106.873722,21.313425],[106.873597,21.3133755],[106.8735087,21.3133569],[106.8734224,21.3133474],[106.8731475,21.3133567],[106.8730232,21.3133582],[106.8729127,21.313338],[106.8728195,21.3132808],[106.8727432,21.313217],[106.8726807,21.3131329],[106.8726692,21.3130733],[106.8726771,21.3130119],[106.872727,21.3128655],[106.8728973,21.3125588],[106.8729411,21.3124624],[106.8729521,21.3123799],[106.8729487,21.3122787],[106.8729253,21.312145],[106.8728869,21.312007],[106.872835,21.3118869],[106.8727569,21.3117879],[106.8727107,21.3117477],[106.872655,21.311722],[106.8725954,21.3117115],[106.8725266,21.3117162],[106.8724213,21.3117417],[106.8723027,21.3117842],[106.871725,21.3120301],[106.8716076,21.3120707],[106.871455,21.312107],[106.871312,21.312128],[106.871173,21.312137],[106.8710759,21.3121388],[106.8709753,21.312127],[106.8709115,21.3121],[106.8708546,21.3120601],[106.8708309,21.3120108],[106.8708169,21.311923],[106.8708201,21.3115725],[106.8707955,21.3114793],[106.8707467,21.3113849],[106.8707031,21.3113254],[106.8706433,21.3112743],[106.8703035,21.3110968],[106.8702491,21.3110483],[106.8702198,21.3109895],[106.8701467,21.3107725],[106.8701211,21.310707],[106.8700763,21.310658],[106.8700369,21.31063],[106.8699695,21.3106045],[106.8699025,21.3106002],[106.86972,21.3106048],[106.8691658,21.3106344],[106.8690576,21.3106326],[106.8689996,21.3106249],[106.868667,21.310515],[106.8686009,21.3105096],[106.8685375,21.3105131],[106.8684802,21.3105296],[106.8684289,21.310555],[106.8683843,21.3105908],[106.8683407,21.3106407],[106.868288,21.3107207],[106.868165,21.310945],[106.868093,21.3110399],[106.8680423,21.3110831],[106.8679693,21.3111224],[106.8679297,21.3111337],[106.8678735,21.3111369],[106.8676092,21.3110874],[106.8675397,21.3110849],[106.8674811,21.3110968],[106.8674229,21.31112],[106.8673751,21.3111486],[106.867338,21.31118],[106.867296,21.3112249],[106.8672696,21.3112724],[106.8672524,21.3113261],[106.8672463,21.3113718],[106.8672491,21.3114448],[106.8672588,21.3115119],[106.8672699,21.3115609],[106.8672981,21.3116181],[106.8674876,21.3119049],[106.86752,21.3119895],[106.8675388,21.3120638],[106.8675408,21.3121494],[106.8675318,21.3122373],[106.8675166,21.3123187],[106.8675001,21.3123856],[106.8674771,21.3124524],[106.8672982,21.3128105],[106.8672632,21.3129053],[106.8672381,21.3129987],[106.8672359,21.3130681],[106.8672477,21.3131377],[106.8672672,21.3132074],[106.867294,21.3132626],[106.8673289,21.3133249],[106.8675482,21.3136806],[106.8675923,21.3138031],[106.8676005,21.3138629],[106.8676002,21.3139225],[106.867585,21.3140089],[106.8675549,21.3140791],[106.8675077,21.31413],[106.8674509,21.3141669],[106.8673995,21.3141882],[106.8673611,21.3141928],[106.8670695,21.3141589],[106.8669748,21.3141516],[106.8668877,21.3141497],[106.8667777,21.3141516],[106.8666355,21.3141697],[106.866477,21.3142057],[106.8663876,21.314218],[106.8663009,21.3142228],[106.8662332,21.3142168],[106.8661762,21.3141984],[106.8661137,21.3141711],[106.8659797,21.3140885],[106.8658463,21.3140194],[106.8657625,21.3139966],[106.8656968,21.3139966],[106.8656231,21.3140044],[106.865492,21.314055],[106.8654701,21.3140701],[106.8653936,21.314123],[106.8650798,21.3143589],[106.8649001,21.3144651],[106.8641676,21.3148183],[106.8639828,21.3149224],[106.8638527,21.3150124],[106.8637213,21.3151111],[106.8636197,21.3151755],[106.863068,21.3154429],[106.8629059,21.3155458],[106.8628417,21.3156124],[106.8627372,21.3157558],[106.8627007,21.3158382],[106.8626932,21.3158995],[106.8627063,21.3159974],[106.8627516,21.3160887],[106.8628431,21.3161993],[106.8630693,21.3164324],[106.8632144,21.3166165],[106.8632574,21.3166891],[106.863258,21.3167886],[106.8632365,21.316848],[106.8632036,21.3169114],[106.8631462,21.3169794],[106.8630655,21.3170651],[106.8629812,21.3171354],[106.8628913,21.3171957],[106.8627743,21.317248],[106.8624522,21.3173594],[106.8623923,21.3173849],[106.8623475,21.3174212],[106.8623131,21.3174805],[106.8622997,21.3175523],[106.8623072,21.3176194],[106.8623585,21.3177194],[106.8624245,21.3178334],[106.8624646,21.3179217],[106.862448,21.3179769],[106.8624194,21.3180407],[106.8623708,21.3180945],[106.8623083,21.3181225],[106.8622035,21.3181438],[106.8621081,21.3181295],[106.8617432,21.3179796],[106.8615307,21.3179168],[106.8612288,21.3178419],[106.8607561,21.317686],[106.8606599,21.3176633],[106.860567,21.3176498],[106.8603728,21.3176517],[106.8602881,21.3176423],[106.8601762,21.3176118],[106.8599831,21.3175436],[106.8598746,21.3175254],[106.8597758,21.3175236],[106.8596785,21.3175508],[106.859576,21.3175935],[106.8594669,21.3176555],[106.859404,21.3177112],[106.8593705,21.3177837],[106.8593776,21.3178655],[106.859398,21.3179329],[106.859504,21.3180917],[106.8596309,21.3182719],[106.8597351,21.3184479],[106.8597668,21.3185532],[106.8597735,21.3186469],[106.859761,21.3187192],[106.859731,21.3187842],[106.859686,21.3188275],[106.8596238,21.3188557],[106.8592696,21.3189363],[106.8591585,21.3189795],[106.8590972,21.3190353],[106.8590543,21.3191227],[106.8590355,21.3192039],[106.8590324,21.3192866],[106.8590878,21.3195375],[106.8590983,21.3196116],[106.8590994,21.3196819],[106.8590848,21.3197562],[106.8590515,21.3198304],[106.8588893,21.3200818],[106.8588491,21.3201597],[106.8588295,21.3202205],[106.8588276,21.3203008],[106.858837,21.3203771],[106.8588584,21.3204645],[106.8589795,21.3208157],[106.8589846,21.3208949],[106.8589604,21.3209642],[106.858921,21.3210342],[106.8588507,21.321092],[106.8587609,21.3211282],[106.8586611,21.3211404],[106.8585605,21.3211238],[106.8584404,21.3210645],[106.8579254,21.3207238],[106.857349,21.3202987],[106.8572429,21.3202299],[106.8571754,21.3202009],[106.8570918,21.3201944],[106.8570048,21.3202099],[106.8569434,21.3202496],[106.8568945,21.320322],[106.8568709,21.3203995],[106.8568642,21.320467],[106.8568735,21.3205669],[106.856946,21.3209068],[106.8569823,21.3211441],[106.8569849,21.3212778],[106.8569977,21.3213917],[106.8570368,21.3215058],[106.8570976,21.3216364],[106.8571615,21.3217549],[106.8574195,21.3221948],[106.8576045,21.3225184],[106.8576587,21.322623],[106.8576713,21.3226879],[106.8576729,21.322752],[106.8576689,21.322815],[106.8576216,21.3228983],[106.8575525,21.3229655],[106.8574467,21.323012],[106.8573411,21.3230308],[106.8569254,21.3230287],[106.8563717,21.3230437],[106.8560153,21.3230906],[106.8556543,21.3231469],[106.8555508,21.3231445],[106.855495,21.323128],[106.8554489,21.3231024],[106.8553904,21.3230618],[106.8553492,21.3230188],[106.8551825,21.322812],[106.8551128,21.3227482],[106.8550384,21.3227033],[106.8549491,21.3226845],[106.8548631,21.322677],[106.8547708,21.3226894],[106.854699,21.322715],[106.8546437,21.322763],[106.8546095,21.3228157],[106.8546005,21.3228794],[106.8546095,21.3229483],[106.8547089,21.32332],[106.8547158,21.3234316],[106.854707,21.323528],[106.854677,21.323633],[106.8546269,21.32373],[106.8545392,21.3238387],[106.8544717,21.3239063],[106.8543961,21.3239593],[106.8542866,21.3240125],[106.8541029,21.3240893],[106.8534818,21.3243394],[106.8532108,21.3244324],[106.8530888,21.32446],[106.8530084,21.3244629],[106.852918,21.3244557],[106.8523364,21.324359],[106.8522818,21.3243499],[106.8521591,21.3243438],[106.8520108,21.3243524],[106.8518633,21.3243861],[106.8517326,21.3244305],[106.8516286,21.324474],[106.8505454,21.3249267]]}},{"type":"Feature","properties":{"id":309},"geometry":{"type":"LineString","coordinates":[[106.9004439,21.2671701],[106.9003904,21.267355],[106.9003619,21.2674488],[106.9002342,21.2678699],[106.9001806,21.2680447],[106.9000679,21.2684123],[106.9000066,21.2686129],[106.8999197,21.268897],[106.8998533,21.2690522],[106.8998328,21.2690859],[106.8997909,21.269155],[106.899702,21.2692779],[106.8995932,21.2693846],[106.899492,21.2694429],[106.8993961,21.26948],[106.8992922,21.2694975],[106.8992062,21.2694917],[106.8991286,21.2694554],[106.8989725,21.2693719],[106.8985619,21.2691375],[106.8983701,21.2690322],[106.8981796,21.2689497],[106.8980914,21.2689249],[106.8978161,21.2689455],[106.8976274,21.2689319],[106.8975386,21.2689097],[106.8974484,21.2688774],[106.8972771,21.2687724],[106.8971202,21.2686748],[106.8970143,21.2686519],[106.896923,21.2686645],[106.896797,21.2686979],[106.896527,21.2688029],[106.895953,21.269092],[106.8951161,21.2695269],[106.894988,21.269567],[106.8948702,21.2695779],[106.8947587,21.2695729],[106.8946367,21.2695104],[106.8944594,21.2693696],[106.8942857,21.2692625],[106.8941027,21.2691697],[106.8939001,21.2690905],[106.8934027,21.2689369],[106.8932647,21.268917],[106.893141,21.2689179],[106.8930123,21.2689595],[106.8928987,21.2690205],[106.8927657,21.2690975],[106.8925717,21.269258],[106.8923959,21.2694354],[106.892285,21.2696051],[106.8921677,21.2698819],[106.8920605,21.270072],[106.8918443,21.2702969],[106.8914634,21.2706119],[106.8908303,21.2711504],[106.8907369,21.271262],[106.890673,21.2713855],[106.8906349,21.271533],[106.890617,21.271667],[106.8905945,21.272133],[106.8905546,21.2724555],[106.8905629,21.2725949],[106.890603,21.272732],[106.89067,21.272848],[106.8907124,21.2729239],[106.890721,21.2729817],[106.8907103,21.2730445],[106.8906942,21.2731005],[106.8906077,21.2732463],[106.8905179,21.2733925],[106.8904862,21.2734481],[106.8904656,21.27351],[106.890467,21.273595],[106.8905881,21.2741213],[106.8906087,21.2743093],[106.8906017,21.274382],[106.8903808,21.2752288],[106.8903545,21.2753032],[106.8903261,21.2753558],[106.8901424,21.2755408],[106.8900351,21.2756333],[106.8899729,21.2757057],[106.8899187,21.2757883],[106.8898713,21.2758968],[106.8898239,21.276155],[106.889791,21.2765655],[106.8897577,21.2770124],[106.8897415,21.2771204],[106.8897213,21.2772254],[106.8896972,21.2772866],[106.889677,21.2773216],[106.8896354,21.2773768],[106.8895885,21.2774178],[106.8895429,21.2774441],[106.8894667,21.2774632],[106.8893754,21.2774588],[106.8892953,21.2774412],[106.8892145,21.2774067],[106.8891507,21.2773775],[106.8890904,21.2773518],[106.8890172,21.2773329],[106.8889341,21.2773179],[106.8888603,21.2773216],[106.8888053,21.2773491],[106.8887413,21.2774168],[106.8886929,21.2774879],[106.8886624,21.2775819],[106.888575,21.2778445],[106.8885264,21.2779677],[106.8884712,21.2780638],[106.8883909,21.2781594],[106.8881375,21.2783851],[106.8878908,21.2786404],[106.8877087,21.2789469],[106.887408,21.279505],[106.887237,21.2797419],[106.8870579,21.2799859],[106.8868937,21.2802075],[106.8866819,21.2804899],[106.8866448,21.2805808],[106.8866314,21.2806807],[106.8866393,21.2807656],[106.8866609,21.2809869],[106.8866598,21.2810968],[106.8866596,21.2811269],[106.8866401,21.2812807],[106.8866113,21.2814305],[106.8865751,21.2815455],[106.8864451,21.2820844],[106.8863954,21.2823653],[106.8863367,21.2826629],[106.8862812,21.2829113],[106.8862331,21.2830876],[106.8861848,21.2831863],[106.8861022,21.2833226],[106.8859528,21.2835237],[106.8858804,21.2836249],[106.8858428,21.2836874],[106.8858149,21.2837755],[106.885797,21.283883],[106.8857059,21.2844937],[106.8856221,21.2847799],[106.8854605,21.2852087],[106.8853399,21.2854431],[106.8852675,21.2855631],[106.8852212,21.2856505],[106.8851687,21.285775],[106.8850655,21.2862754],[106.8850435,21.2864353],[106.8850301,21.2865888],[106.8850328,21.2867277],[106.8850489,21.2868452],[106.8850851,21.2869164],[106.88513,21.2870012],[106.8851504,21.2870788],[106.8851991,21.2872938],[106.885248,21.2877269],[106.8852648,21.2878574],[106.8853236,21.2880199],[106.8854571,21.2882733],[106.8855402,21.2884307],[106.8856218,21.2885562],[106.8858538,21.2887912],[106.8861199,21.2890145],[106.8863258,21.2891716],[106.8865235,21.2892988],[106.8866571,21.28936],[106.8867213,21.2893819],[106.8868634,21.2894093],[106.8869287,21.2894312],[106.887021,21.2894863],[106.887105,21.289578],[106.8871772,21.2896605],[106.887252,21.28976],[106.8875916,21.2900616],[106.887638,21.290123],[106.8876765,21.2902055],[106.8876927,21.2902857],[106.8876869,21.2903925],[106.8876275,21.2905381],[106.8875474,21.2907002],[106.8875006,21.29086],[106.8874769,21.2910536],[106.8874477,21.2914508],[106.8874052,21.2916386],[106.8873383,21.2918066],[106.8872225,21.2920305],[106.8870836,21.292333],[106.8870441,21.2925593],[106.8870549,21.292682],[106.88708,21.292792],[106.887132,21.292897],[106.887277,21.2930749],[106.8873046,21.2931131],[106.8873069,21.2931186],[106.88732,21.2931494],[106.8873261,21.2931712],[106.8873274,21.2932012]]}},{"type":"Feature","properties":{"id":310},"geometry":{"type":"LineString","coordinates":[[106.875173,21.1493365],[106.8751225,21.1495162],[106.8751118,21.1495412],[106.8750537,21.1495957],[106.8750172,21.1496142],[106.8749588,21.1496324],[106.8748853,21.1496312],[106.8748188,21.1496142],[106.8743134,21.149348],[106.87408,21.149228],[106.8739057,21.1491485],[106.8738694,21.149136],[106.8738245,21.1491275],[106.8737742,21.1491216],[106.8737172,21.1491204],[106.8736966,21.1491205],[106.8736381,21.1491273],[106.8736026,21.149136],[106.8735713,21.1491497],[106.8735194,21.1491792],[106.8734709,21.1492145],[106.8734135,21.1492755],[106.8733614,21.1493352],[106.8732284,21.1494643],[106.8731613,21.1495506],[106.8730969,21.1496344],[106.8729789,21.149777],[106.8728864,21.1498846],[106.8728078,21.1499562],[106.8727277,21.1500041],[106.8726228,21.1500677],[106.8725061,21.1501151],[106.8706816,21.1506763],[106.8697288,21.150962],[106.8688162,21.1512279],[106.868733,21.1512379],[106.8685206,21.1512257],[106.8684504,21.1512189],[106.8683669,21.1512154],[106.8681935,21.15122],[106.8680194,21.1512431],[106.8678796,21.1513156],[106.8677827,21.15139],[106.8677179,21.151473],[106.8676784,21.1515782],[106.8676495,21.1517143],[106.8676389,21.1519776],[106.8676534,21.1524149],[106.8676774,21.1525149],[106.8677302,21.1526605],[106.8678707,21.1530165],[106.8679377,21.1531666],[106.8679909,21.1533213],[106.868017,21.1534962],[106.868045,21.1537882],[106.8680818,21.1540019],[106.8681607,21.1542],[106.8682632,21.1543367],[106.8684169,21.1544391],[106.8685668,21.1545036],[106.8687623,21.1545407],[106.8690668,21.1545773],[106.8692334,21.1546323],[106.8693892,21.1547019],[106.8695275,21.1547987],[106.8697187,21.1549264],[106.8698837,21.1550586],[106.8699002,21.1550719],[106.8699691,21.1551682],[106.8700129,21.1553075],[106.8700377,21.15542],[106.8700333,21.1558099],[106.8700052,21.156555],[106.8699966,21.1571562],[106.8699932,21.1572197],[106.8699727,21.1576021],[106.8699529,21.1579705],[106.8699186,21.1580957],[106.8698381,21.1582432],[106.8697368,21.1583788],[106.8693875,21.1587782],[106.8692976,21.1588426],[106.8691616,21.158885],[106.869002,21.1589141],[106.8688818,21.158942],[106.868757,21.1590062],[106.8686431,21.1591117],[106.8682829,21.1595031],[106.867996,21.1598254],[106.8679642,21.159928],[106.8679686,21.1599912],[106.8679735,21.1600604],[106.867996,21.160155],[106.8680996,21.1603083],[106.8681653,21.1604411],[106.8681765,21.1605683],[106.8681512,21.160702],[106.8680951,21.160802],[106.8680094,21.1609057],[106.8676051,21.1612724],[106.8671755,21.1616781],[106.8667905,21.1620542],[106.8662654,21.1625431],[106.8657221,21.1630424],[106.8654031,21.1633197],[106.8650651,21.1636186],[106.8649457,21.1637375],[106.864872,21.1638621],[106.8647672,21.1640676],[106.8647218,21.1641039],[106.8646139,21.1641257],[106.8644898,21.1641189],[106.8642787,21.1640706],[106.8641465,21.1640794],[106.8639041,21.1641299],[106.8637776,21.1641327],[106.8636878,21.1641114],[106.8634734,21.1640024],[106.8633217,21.1639463],[106.8632165,21.1639182],[106.8630898,21.1639237],[106.8630058,21.1639631],[106.8629544,21.1640412],[106.8629141,21.1641545],[106.8628345,21.1644705],[106.8627839,21.1645716],[106.8627379,21.1646393],[106.8622535,21.1650833],[106.8620472,21.165342],[106.8619642,21.1655004],[106.8619053,21.1656958],[106.861894,21.165825],[106.8619135,21.1659863],[106.8619485,21.1661055],[106.8620114,21.1662444],[106.8621045,21.1663755],[106.8622729,21.1665626],[106.8624399,21.1667808],[106.8626906,21.16725],[106.8627007,21.1673018],[106.8627007,21.1673594],[106.8626686,21.1674587],[106.862617,21.167523],[106.8625256,21.1675562],[106.8624343,21.1675407],[106.8623653,21.1674992],[106.862302,21.1674336],[106.8620132,21.1670795],[106.8618033,21.1668682],[106.8616724,21.1667612],[106.8614899,21.1666369],[106.8612818,21.1665326],[106.8611184,21.1664267],[106.8609801,21.16627],[106.8608509,21.1661431],[106.8607321,21.1660629],[106.8605938,21.1659929],[106.8603178,21.1658857],[106.8601772,21.1658669],[106.8600354,21.1658837],[106.8596545,21.1660775],[106.859519,21.1661274],[106.8594265,21.1661313],[106.8593339,21.1660955],[106.8592304,21.1659917],[106.8591282,21.1659254],[106.8590172,21.1659036],[106.8589001,21.1659099],[106.8587635,21.1659574],[106.8585485,21.1660505],[106.8584414,21.1660704],[106.8583284,21.1660445],[106.8580885,21.1659155],[106.8579564,21.1658625],[106.8578215,21.1658325],[106.8576865,21.1658325],[106.8575615,21.1658704],[106.8572184,21.1661455],[106.8570794,21.1662205],[106.8564294,21.1664324],[106.8562665,21.1665055],[106.8542615,21.1675155],[106.8541195,21.1675995],[106.8540045,21.1676924],[106.8539235,21.1678074],[106.8538834,21.1679404],[106.8538915,21.1683724],[106.8538465,21.1685144],[106.8533934,21.1691705],[106.8533394,21.1693054],[106.8533285,21.1694445],[106.8533534,21.1695695],[106.8534285,21.1696755],[106.8535364,21.1697654],[106.8547914,21.1705594],[106.8550315,21.1707454],[106.8551214,21.1708495],[106.8551914,21.1709675],[106.8552435,21.1710975],[106.8553094,21.1713595],[106.8553185,21.1714805],[106.8552814,21.1715845],[106.8552035,21.1716545],[106.8550885,21.1716954],[106.8549515,21.1717054],[106.8548085,21.1716774],[106.8546665,21.1716175],[106.8545365,21.1715305],[106.8543144,21.1713305],[106.8541844,21.1712454],[106.8540294,21.1711955],[106.8538615,21.1711675],[106.8536895,21.1711624],[106.8535335,21.1711805],[106.8533995,21.1712255],[106.8532985,21.1712904],[106.8532265,21.1713774],[106.8531865,21.1714894],[106.8531334,21.1717545],[106.8530695,21.1718725],[106.8529695,21.1719695],[106.8528445,21.1720544],[106.8525795,21.1721974],[106.8524645,21.1722875],[106.8523764,21.1724045],[106.8523215,21.1725305],[106.8522965,21.1726655],[106.8523014,21.1728095],[106.8523345,21.1729594],[106.852705,21.1738524],[106.8527299,21.173982],[106.8527158,21.174088],[106.852657,21.1741795],[106.8525748,21.174232],[106.8524387,21.1742645],[106.8520394,21.1742845],[106.8518754,21.1743455],[106.8518134,21.174438],[106.8518192,21.1745694],[106.8518513,21.174705],[106.851888,21.1748369],[106.8519765,21.1750911],[106.8520263,21.1751699],[106.8521052,21.1752375],[106.8521995,21.1752736],[106.8523245,21.175285],[106.8532317,21.1752207],[106.8533924,21.175213],[106.8535467,21.1752362],[106.8537018,21.1753062],[106.8538434,21.1754125],[106.853926,21.1755045],[106.8540296,21.1756467],[106.8540943,21.1757932],[106.8541216,21.1759286],[106.8541235,21.1760091],[106.8540841,21.1761032],[106.8540157,21.1761761],[106.8538897,21.1762954],[106.8537337,21.1763817],[106.8535987,21.176461],[106.8534806,21.1765336],[106.8534113,21.1766212],[106.8533747,21.1766911],[106.8533509,21.1767717],[106.8533347,21.1769586],[106.8533397,21.177173],[106.8534004,21.177925],[106.8534241,21.1780745],[106.8534547,21.1781716],[106.8535008,21.1782719],[106.8537322,21.1785881],[106.8538608,21.1787149],[106.854089,21.1789229],[106.8542397,21.1790721],[106.8543441,21.179202],[106.8544197,21.1793425],[106.8544918,21.1795248],[106.8545633,21.1796519],[106.8546663,21.1798007],[106.8553104,21.180355],[106.8563485,21.1811645],[106.8564283,21.1812524],[106.8564741,21.181378],[106.8565018,21.1815175],[106.8565456,21.1817979],[106.8565623,21.1819499],[106.8565429,21.1820311],[106.8564848,21.1821116],[106.8563984,21.1822243],[106.8563363,21.1823403],[106.8563117,21.1824485],[106.8563015,21.1825731],[106.8562997,21.1829374],[106.8562798,21.1830316],[106.8562487,21.1831325],[106.8561696,21.1833142],[106.8561292,21.1834344],[106.8560999,21.1835714],[106.8561125,21.1836682],[106.85614,21.183749],[106.8561948,21.183863],[106.8562943,21.1840379],[106.8563479,21.1841654],[106.8563606,21.1842556],[106.8563582,21.184407],[106.8562298,21.185072],[106.8561569,21.1853769],[106.856095,21.18551],[106.8560501,21.1855755],[106.8559836,21.1856319],[106.8558948,21.1856625],[106.8557243,21.1857035],[106.8556291,21.185716],[106.8555259,21.1857425],[106.8554405,21.1857937],[106.8553467,21.1858919],[106.8552599,21.1860825],[106.8551919,21.1862825],[106.855065,21.186637],[106.8550136,21.1867032],[106.8549211,21.1867742],[106.8548179,21.1868204],[106.8539058,21.187147],[106.8538126,21.187175],[106.8537338,21.1871749],[106.8536509,21.1871424],[106.8534956,21.1870175],[106.8533709,21.1868862],[106.853254,21.1868214],[106.8525365,21.1864657],[106.8524481,21.186425],[106.8523212,21.18639],[106.8522181,21.18639],[106.8516869,21.1865887],[106.8512117,21.1866999],[106.8509665,21.1867949],[106.8507749,21.1869067],[106.8502486,21.1872478],[106.8497482,21.1875975],[106.849581,21.187685],[106.8494328,21.1877282],[106.8492893,21.187748],[106.8491482,21.1877257],[106.8489983,21.1876681],[106.848461,21.187317],[106.8483369,21.1872286],[106.8482195,21.1871862],[106.8480891,21.1871942],[106.8479858,21.1872394],[106.8479083,21.1873299],[106.8478938,21.187417],[106.8479113,21.1875457],[106.8479562,21.1876532],[106.8480772,21.187872],[106.8482057,21.1880316],[106.8486834,21.1884837],[106.8489602,21.1887625],[106.8490241,21.1888396],[106.8492794,21.1892982],[106.8493469,21.1893762],[106.8495197,21.1895487],[106.8496184,21.1896267],[106.8497018,21.1896604],[106.8498235,21.189687],[106.8499356,21.1896912],[106.8500378,21.1896617],[106.850676,21.1893655],[106.8508105,21.1893323],[106.8509446,21.1893173],[106.8510837,21.189325],[106.8511855,21.1893532],[106.8513005,21.1894007],[106.8515045,21.1895325],[106.8518215,21.1898045],[106.8522203,21.1902149],[106.8522842,21.1903087],[106.852319,21.1904204],[106.8523436,21.1906167],[106.8523782,21.1907215],[106.8524756,21.1909923],[106.8524908,21.1910962],[106.8524778,21.1911623],[106.8524146,21.1912868],[106.8520282,21.19177],[106.8519597,21.1918657],[106.8519089,21.1919807],[106.8518047,21.1923281],[106.8517445,21.1924391],[106.8516705,21.1925287],[106.8514181,21.192803],[106.8513549,21.1928906],[106.8513322,21.192978],[106.8513582,21.1930611],[106.8514128,21.1931145],[106.8517091,21.1932349],[106.8518115,21.1932882],[106.8518884,21.1933612],[106.8519385,21.1934882],[106.8519565,21.1936275],[106.8519739,21.1938143],[106.8520088,21.1940655],[106.8520482,21.1941542],[106.8521176,21.194213],[106.8526194,21.1945655],[106.852702,21.1946662],[106.8527609,21.1948018],[106.8527999,21.1949418],[106.8528382,21.1950958],[106.8528546,21.1952993],[106.8528362,21.1954563],[106.8527746,21.1956025],[106.8526887,21.1957624],[106.8525574,21.1959754],[106.8524713,21.1961416],[106.8524386,21.1962633],[106.8523996,21.1967119],[106.8523721,21.19682],[106.8523135,21.1969256],[106.8519822,21.1972924],[106.8518504,21.1975004],[106.8518108,21.1976795],[106.851788,21.1978645],[106.8516885,21.1980669],[106.8515511,21.1982245],[106.8515024,21.1983094],[106.8514928,21.1984019],[106.8515264,21.198465],[106.8515895,21.1985055],[106.8516614,21.1985156],[106.851737,21.1984869],[106.8520944,21.1983191],[106.8522535,21.1982864],[106.8525035,21.19828],[106.8526068,21.1982467],[106.8526709,21.1981831],[106.8527001,21.1981113],[106.8527134,21.1979354],[106.8527227,21.1977542],[106.8527617,21.1976363],[106.8528237,21.1975493],[106.8531924,21.19733],[106.8534336,21.1971688],[106.8535736,21.1970941],[106.8536979,21.1970585],[106.8538883,21.1970498],[106.8540507,21.1970475],[106.8541338,21.1970325],[106.8542424,21.1969685],[106.8544363,21.1968282],[106.8545477,21.1967711],[106.854709,21.196753],[106.8548282,21.1967649],[106.8549393,21.196812],[106.8550281,21.1969007],[106.8551778,21.1971717],[106.8552403,21.1972979],[106.8553126,21.1973886],[106.8554372,21.1974836],[106.8555272,21.1975405],[106.855668,21.1975949],[106.8558045,21.1976244],[106.8559508,21.197625],[106.856132,21.1976124],[106.8562715,21.1976174],[106.8564041,21.1976437],[106.856553,21.1976995],[106.8566784,21.1977704],[106.8568138,21.1978568],[106.8570084,21.1979896],[106.8577165,21.198473],[106.857913,21.1985752],[106.8581096,21.1986867],[106.8582086,21.198773],[106.8584833,21.1990592],[106.8585674,21.1991291],[106.858787,21.1992474],[106.8588316,21.1992854],[106.8588639,21.1993267],[106.8588998,21.1994318],[106.8589314,21.199577],[106.8589684,21.1996643],[106.8590181,21.1997355],[106.8590932,21.1997895],[106.859492,21.1999304],[106.8595424,21.1999656],[106.8595853,21.2000144],[106.8596242,21.2000931],[106.8596363,21.2001844],[106.8596376,21.2003082],[106.8596497,21.2006621],[106.8597168,21.2007983],[106.859816,21.2009384],[106.8599448,21.2010997],[106.8600816,21.2012247],[106.8601459,21.2012447],[106.860221,21.201246],[106.8603109,21.2012372],[106.8604383,21.2012172],[106.8605375,21.2012109],[106.8606019,21.2012197],[106.8606515,21.2012422],[106.8607575,21.201321],[106.8611813,21.2015823],[106.8612403,21.2016223],[106.8612805,21.2016761],[106.8613341,21.2017861],[106.8613704,21.2018911],[106.861422,21.2020225],[106.8614629,21.2020812],[106.8615456,21.202147],[106.8616681,21.202228],[106.8617311,21.2022812],[106.8617767,21.2023312],[106.8618343,21.2024981],[106.8618961,21.2027526],[106.8619068,21.2028876],[106.8619135,21.2030289],[106.8619081,21.2031452],[106.8618464,21.2032877],[106.8618056,21.2034162],[106.8617894,21.2035092],[106.8617926,21.2035905],[106.8618103,21.2036411],[106.861855,21.2036836],[106.861923,21.2037081],[106.8620273,21.203728],[106.8621227,21.2037341],[106.8622568,21.2037191],[106.8623762,21.2036991],[106.8624866,21.2036486],[106.8625197,21.2035803],[106.8625505,21.2035053],[106.8626136,21.2032827],[106.8626672,21.2031477],[106.8627235,21.2030739],[106.8628013,21.2030114],[106.8629166,21.2029326],[106.8630159,21.2028814],[106.8631339,21.2028476],[106.8633109,21.2028514],[106.8635295,21.2028739],[106.8636985,21.2029151],[106.8638635,21.2030052],[106.864007,21.2031064],[106.8641277,21.2032102],[106.8642175,21.2033165],[106.8643785,21.2036053],[106.8644321,21.2037103],[106.8645059,21.2037816],[106.8646279,21.2038691],[106.8650289,21.2041417],[106.8651134,21.2042117],[106.8651737,21.2042755],[106.865214,21.2043292],[106.8653347,21.2045681],[106.8653829,21.2046718],[106.8654513,21.2047969],[106.8655412,21.2048894],[106.865792,21.2050157],[106.8659516,21.2050632],[106.8664451,21.205237],[106.8665403,21.2052345],[106.8666302,21.205217],[106.8667008,21.2051892],[106.8668079,21.2051555],[106.8669329,21.2051075],[106.8672189,21.2049894],[106.8674833,21.2048894],[106.8676163,21.2048595],[106.8677232,21.2048531],[106.8678319,21.2048727],[106.8679565,21.2049019],[106.8680606,21.2049615],[106.8681416,21.2050387],[106.868214,21.2051657],[106.8683307,21.205447],[106.8686082,21.2062522],[106.8686661,21.2064202],[106.8687239,21.2065756],[106.8688955,21.2070365],[106.8689141,21.2070865],[106.8694345,21.2080425],[106.8700859,21.2092392],[106.8701076,21.2092791],[106.8702472,21.2095407],[106.8706409,21.2102795],[106.8707383,21.2104667],[106.8708573,21.2106957],[106.8709881,21.210912],[106.871023,21.210974],[106.8710504,21.2110226],[106.8710891,21.2110755],[106.8711162,21.2111125],[106.8712002,21.2111951],[106.8713021,21.2112711],[106.8714394,21.2113383],[106.8716191,21.2113908],[106.871835,21.2114771],[106.8719973,21.2115546],[106.8722709,21.2117359],[106.8724009,21.2118271],[106.8725437,21.2118974],[106.8726611,21.2119222],[106.8727792,21.2119292],[106.8729615,21.2119234],[106.8732229,21.2118861],[106.8733156,21.2118759],[106.8734269,21.2118909],[106.8734913,21.2119047],[106.8735561,21.2119307],[106.8736415,21.2120009],[106.8737097,21.2120806],[106.8737742,21.2121822],[106.8738225,21.2122772],[106.8738519,21.212363],[106.8738614,21.2124523],[106.8738684,21.2125636],[106.8738192,21.2132541],[106.8738225,21.2133587],[106.8738359,21.2134612],[106.8738627,21.2135375],[106.8739656,21.213691],[106.873994,21.2137334],[106.8741838,21.2139635],[106.8743836,21.2141818],[106.8745736,21.2143893],[106.8748083,21.2146457],[106.8748806,21.2147652],[106.8749026,21.2148404],[106.8749237,21.2149128],[106.8750063,21.2154491],[106.8750293,21.2155386],[106.875049,21.2155868],[106.8750684,21.2156341],[106.8751197,21.2157089],[106.875173,21.2157829],[106.8752435,21.215856],[106.8753138,21.2159079],[106.8753969,21.2159555],[106.8755377,21.2160029],[106.8756571,21.2160235],[106.8757202,21.2160342],[106.8758789,21.2160534],[106.8764514,21.2161351],[106.8765691,21.2161604],[106.8766522,21.2161817],[106.8770412,21.216334],[106.8773027,21.2164505],[106.8775038,21.2165667],[106.8776475,21.216671],[106.8777412,21.2167555],[106.8778148,21.2168463],[106.8780845,21.2171831],[106.8786103,21.2180332],[106.8786934,21.2181457],[106.8789296,21.2185096],[106.8790052,21.2186225],[106.8791056,21.2187724],[106.8792956,21.2190559],[106.8795904,21.2194745],[106.8797732,21.219649],[106.8798632,21.2196924],[106.8799772,21.2197474],[106.8801445,21.2197835],[106.8801939,21.2197868],[106.88076,21.2197997],[106.8814802,21.2198031]]}},{"type":"Feature","properties":{"id":311},"geometry":{"type":"LineString","coordinates":[[106.8814802,21.2198031],[106.8818393,21.2198193]]}},{"type":"Feature","properties":{"id":312},"geometry":{"type":"LineString","coordinates":[[106.0948976,21.2120199],[106.0949647,21.2120924],[106.0950315,21.2121775],[106.0952848,21.212565],[106.0954519,21.2127905],[106.0958063,21.2134125],[106.096077,21.2137636],[106.0962582,21.2140451],[106.0965538,21.2144184],[106.0968751,21.2149002],[106.0972398,21.2154103],[106.0976797,21.2159904],[106.0981232,21.2165959],[106.0983141,21.2168731],[106.0983503,21.2169256],[106.0985943,21.2172874],[106.0987419,21.2174556],[106.0992759,21.2181998],[106.0994176,21.2183997],[106.0997384,21.2188242],[106.1000298,21.2192248],[106.100256,21.2195358],[106.1004469,21.2197844],[106.1005123,21.2199519],[106.1005711,21.220121],[106.1005854,21.2202621],[106.1005872,21.2204436],[106.1005758,21.2207049],[106.1005137,21.2210091],[106.1004345,21.221255],[106.1003547,21.2215028],[106.1003278,21.2216009],[106.1002216,21.2219877],[106.1001971,21.2220917],[106.1001608,21.2222463],[106.1001366,21.2224988],[106.1001266,21.2230165],[106.1001182,21.2231432],[106.1000735,21.2238127],[106.100069,21.2238809],[106.1000659,21.223927],[106.1000522,21.2252066],[106.1000476,21.2256392],[106.1000389,21.2264492],[106.1000371,21.2265691],[106.100016,21.2279902],[106.1000085,21.2283898],[106.0999948,21.2291257],[106.0999733,21.2300428],[106.0999718,21.2304071],[106.0999709,21.2306381],[106.0999702,21.2307816],[106.099967,21.2309887],[106.099964,21.2311797],[106.0999604,21.2314067],[106.0999954,21.2324567],[106.0999777,21.2331046],[106.099959,21.2337845],[106.0999544,21.2339528],[106.0999427,21.2343785],[106.0999402,21.2344625],[106.0999336,21.2346818],[106.0999251,21.2349674],[106.0998879,21.2362096],[106.0998595,21.2365812],[106.0998182,21.237123],[106.099785,21.2373859],[106.0997992,21.2374657],[106.0999194,21.2381865],[106.1000126,21.2394846],[106.1000284,21.2397955],[106.1000494,21.2405124],[106.1000776,21.2414724],[106.1000964,21.2422374],[106.1001044,21.2425849],[106.1001154,21.2427266],[106.1002097,21.2433334],[106.1004889,21.2451312],[106.100536,21.2454341],[106.1005453,21.2455078],[106.1006409,21.2462623],[106.1006677,21.2464223],[106.1007605,21.246922],[106.1008016,21.2471432],[106.1008447,21.2472998],[106.1009093,21.247465],[106.1011081,21.2478454]]}},{"type":"Feature","properties":{"id":313},"geometry":{"type":"LineString","coordinates":[[106.1624953,21.2478823],[106.1619751,21.2480087],[106.1615316,21.2481106],[106.157336,21.2490075],[106.1567218,21.2491388],[106.1547203,21.2495671],[106.1543636,21.2496385]]}},{"type":"Feature","properties":{"id":314},"geometry":{"type":"LineString","coordinates":[[106.1318967,21.2497647],[106.1323044,21.2498797],[106.1323667,21.2498964],[106.1330699,21.2500848],[106.133262,21.2501363],[106.1334334,21.2501823],[106.1339328,21.2503014],[106.1346738,21.2504781],[106.1359664,21.2507574],[106.1382705,21.2511449],[106.1388999,21.251214],[106.1397448,21.2513068],[106.1403211,21.2513567],[106.141415,21.2514514],[106.1414863,21.2514538],[106.1416006,21.2514576],[106.1416535,21.2514594],[106.1417183,21.2514616],[106.1433284,21.2515944],[106.1441899,21.251584],[106.1452835,21.2515709],[106.1467942,21.2514835],[106.1472553,21.2514429],[106.1476064,21.251412],[106.1484334,21.2513136],[106.148561,21.2512982],[106.1493236,21.2512061],[106.1493941,21.251196],[106.1495178,21.2511784],[106.1502618,21.2510721],[106.1510193,21.25096],[106.15231,21.2506943],[106.1541935,21.2503034],[106.1545516,21.2501935],[106.1547345,21.250153],[106.1555966,21.249962],[106.1564911,21.2497639],[106.15761,21.2495161],[106.1600801,21.2490023],[106.1616111,21.2486875],[106.1622738,21.2485506],[106.1627054,21.2484669],[106.1630774,21.2484012],[106.1640031,21.2482673],[106.1650553,21.2481486],[106.166207,21.2480636],[106.1673247,21.2479985],[106.1685169,21.248036],[106.1686846,21.2480413],[106.1691793,21.2480569],[106.1697405,21.248109],[106.1714854,21.248374]]}},{"type":"Feature","properties":{"id":315},"geometry":{"type":"LineString","coordinates":[[106.8344799,21.3300965],[106.8342639,21.329949],[106.8341451,21.3298618],[106.8338136,21.3296237],[106.8334178,21.3293542],[106.8332939,21.3292668],[106.8332554,21.3292382],[106.8331542,21.3291694],[106.8330368,21.3290896],[106.8328008,21.3289322],[106.832669,21.3288458],[106.8325071,21.3287398],[106.8323502,21.3286523],[106.8320887,21.3284849],[106.8319063,21.3283825],[106.8316501,21.3282576],[106.8314333,21.3281582],[106.8312277,21.3280639],[106.8308702,21.3279129],[106.8301897,21.3276254],[106.8292541,21.3272087],[106.8288365,21.3270345],[106.8282518,21.3268047],[106.828036,21.3267276],[106.8278336,21.3266552],[106.8276818,21.326601],[106.8274836,21.3265377],[106.8269757,21.326402],[106.8269181,21.3263868],[106.8266746,21.3263225],[106.8263012,21.3262121],[106.8261018,21.3261532],[106.8256541,21.3260208],[106.8253777,21.3259405],[106.8252296,21.3258975],[106.8244447,21.3256695],[106.824068,21.3255601],[106.8239365,21.3255252],[106.823908,21.3255169],[106.8233683,21.3253584],[106.8233332,21.3253488],[106.8231341,21.3252906],[106.8229508,21.3252387],[106.8227338,21.3251772],[106.8227081,21.3251699],[106.8225798,21.3251336],[106.8225627,21.3251288],[106.8225024,21.3251117],[106.8224858,21.325107],[106.822444,21.3250951],[106.8217085,21.3248858],[106.8214768,21.3248165],[106.8214324,21.3248057],[106.8206355,21.3245755],[106.8199061,21.3243648],[106.8196988,21.3243032],[106.8195024,21.3242449],[106.8190612,21.3241075],[106.8188895,21.32406],[106.8187031,21.3240375],[106.8186101,21.3240501],[106.8184953,21.3240975],[106.8184146,21.324152],[106.8183504,21.3242199],[106.818206,21.324409],[106.8181251,21.3244723],[106.8180514,21.3245123],[106.8179957,21.324529],[106.8179306,21.3245485],[106.8177925,21.3245422],[106.8177249,21.3245268],[106.8176724,21.3245149],[106.8175511,21.3244485],[106.8173231,21.3242224],[106.8171681,21.3240928],[106.8171394,21.3240688],[106.8169609,21.323957],[106.8168403,21.3239076],[106.8165011,21.3239157],[106.8164192,21.3239176],[106.8162771,21.3239363],[106.8161859,21.3239576],[106.8160016,21.324016],[106.8159218,21.3240402],[106.8157366,21.3240962],[106.8155985,21.32413],[106.8154688,21.324155],[106.8153813,21.3241637],[106.815294,21.3241724],[106.815083,21.3241875],[106.814653,21.3242237],[106.8143579,21.3242399],[106.8142198,21.3242374],[106.8140602,21.3242212],[106.8139181,21.3241887],[106.8136458,21.3241025],[106.813442,21.32403],[106.8132435,21.3239513],[106.8131013,21.3239063],[106.8129256,21.3238876],[106.8127686,21.3238814],[106.8126848,21.3238929],[106.8125436,21.3239124],[106.812409,21.3239309],[106.8123012,21.3239515],[106.8112636,21.32415]]}},{"type":"Feature","properties":{"id":316},"geometry":{"type":"LineString","coordinates":[[106.0290527,21.3342676],[106.0289078,21.3345869],[106.0287154,21.3349936],[106.0286343,21.3351265],[106.0285175,21.3352913],[106.0283821,21.3354163],[106.0282467,21.3355106],[106.0280992,21.335593],[106.0279302,21.3356723],[106.0278564,21.3356972],[106.0275601,21.3357973],[106.0271108,21.3359658],[106.0269498,21.3360558],[106.0268211,21.3361507],[106.0267549,21.3362135],[106.0267085,21.3362576],[106.0266119,21.3363875],[106.0264456,21.3366161],[106.026113,21.337075],[106.0258891,21.3374143],[106.0257241,21.3376479],[106.0255172,21.3379259],[106.0253137,21.3381992],[106.025126,21.3384324],[106.0249731,21.3385763],[106.0237795,21.3394819],[106.0232645,21.3398379],[106.0223069,21.3405485]]}},{"type":"Feature","properties":{"id":317},"geometry":{"type":"LineString","coordinates":[[106.0222184,21.3404475],[106.0229373,21.3398929],[106.0231828,21.3397106],[106.0236775,21.3393433],[106.0246208,21.3386469],[106.0247129,21.3385789],[106.0249006,21.338409],[106.0251649,21.3381001],[106.025417,21.3377603],[106.0259936,21.3370026],[106.0265582,21.3362206],[106.026742,21.3360365],[106.0268908,21.3359221],[106.0270116,21.3358391],[106.0271537,21.3357816],[106.0279959,21.3354862],[106.02813,21.3354212],[106.028299,21.3353019],[106.0284251,21.3351664],[106.0286289,21.3348067],[106.028763,21.3345219],[106.0287862,21.3344714],[106.0291412,21.3336998]]}},{"type":"Feature","properties":{"id":318},"geometry":{"type":"LineString","coordinates":[[106.0290527,21.3342676],[106.0302866,21.3315492],[106.030845,21.3303201]]}},{"type":"Feature","properties":{"id":319},"geometry":{"type":"LineString","coordinates":[[106.0291412,21.3336998],[106.0293751,21.3331983],[106.03033,21.3311196]]}},{"type":"Feature","properties":{"id":320},"geometry":{"type":"LineString","coordinates":[[106.03033,21.3311196],[106.0304982,21.3307935],[106.0305494,21.3306798],[106.0307103,21.3303201]]}},{"type":"Feature","properties":{"id":321},"geometry":{"type":"LineString","coordinates":[[106.0180718,21.3431133],[106.0176603,21.3431392],[106.0165472,21.3432254],[106.0154928,21.3432916],[106.0147499,21.3433353],[106.0144939,21.3433603],[106.0135066,21.3434177],[106.0133135,21.343439],[106.0131314,21.3434652],[106.0129771,21.3434977]]}},{"type":"Feature","properties":{"id":322},"geometry":{"type":"LineString","coordinates":[[106.0050577,21.3473849],[106.0050201,21.3467179],[106.0050014,21.3460759],[106.005,21.3459122],[106.0050134,21.3458223],[106.0050349,21.3457448],[106.0050671,21.3456549],[106.0050865,21.3455996],[106.0051744,21.3454675],[106.0052642,21.3453514],[106.0054158,21.3452315],[106.0055432,21.3451528],[106.0057403,21.3450666],[106.0058597,21.3450341],[106.00617,21.344961],[106.0062043,21.3449529],[106.0066442,21.3448405],[106.0070801,21.3447052],[106.0078366,21.3444845],[106.0078849,21.3444745],[106.0083248,21.344397],[106.0086842,21.344382],[106.0094149,21.3443727],[106.0096106,21.3443702],[106.0096619,21.344372],[106.0098159,21.3443608],[106.0099877,21.3443321],[106.0101324,21.3442884],[106.0103082,21.344225],[106.0105738,21.3441384],[106.0111774,21.3439461],[106.0130992,21.3433353],[106.0140038,21.3432581],[106.0141168,21.3432499],[106.0144671,21.3432246],[106.0146815,21.3432091],[106.0161462,21.3431305],[106.016853,21.343073],[106.0175142,21.3430305],[106.0180436,21.3429859]]}},{"type":"Feature","properties":{"id":323},"geometry":{"type":"LineString","coordinates":[[106.0129771,21.3434977],[106.012801,21.3435554],[106.0120945,21.3437887],[106.0112256,21.3440673],[106.0109777,21.3441461],[106.0101433,21.3444145],[106.0099728,21.3444595],[106.0098054,21.3444845],[106.0096625,21.3444963],[106.0083301,21.3445344],[106.0077347,21.3446543],[106.007555,21.3447018],[106.0074128,21.3447443],[106.0070801,21.344837],[106.0066067,21.3449754],[106.0062473,21.3450778],[106.0062042,21.3450894],[106.0058717,21.345179],[106.0056853,21.3452377],[106.0055485,21.3453102],[106.0054292,21.3454013],[106.0052843,21.3455512],[106.0052133,21.3456799],[106.0051744,21.3457861],[106.0051543,21.3458922],[106.0051435,21.3460009],[106.0051596,21.3463082],[106.0051797,21.3467691],[106.0052079,21.3473574]]}},{"type":"Feature","properties":{"id":324},"geometry":{"type":"LineString","coordinates":[[106.0314023,21.328321],[106.0313893,21.3283772],[106.0312186,21.3291094],[106.0311784,21.3292595],[106.0311273,21.3293893],[106.0309493,21.3297866],[106.0308205,21.3300742],[106.0307103,21.3303201]]}},{"type":"Feature","properties":{"id":325},"geometry":{"type":"LineString","coordinates":[[106.032844,21.32518],[106.0327817,21.325284],[106.0325244,21.3257138],[106.0323892,21.3259254],[106.0320815,21.3264844],[106.0318958,21.3268767],[106.0317671,21.3273465],[106.0317564,21.3274614],[106.0315364,21.328361],[106.0314333,21.3287326],[106.0313863,21.3289871],[106.0313407,21.3291708],[106.031291,21.3293282],[106.0312146,21.3295205],[106.0309683,21.3300533],[106.030845,21.3303201]]}},{"type":"Feature","properties":{"id":326},"geometry":{"type":"LineString","coordinates":[[106.032844,21.32518],[106.0341382,21.3229486],[106.034515,21.3224425],[106.0356939,21.3216692],[106.0360533,21.3214193],[106.0365522,21.3209345],[106.0372888,21.320081]]}},{"type":"Feature","properties":{"id":327},"geometry":{"type":"LineString","coordinates":[[106.0314023,21.328321],[106.031469,21.3280268],[106.0315847,21.3275164],[106.0316763,21.3271792],[106.0317563,21.3268846],[106.0318046,21.3267068],[106.0322661,21.3258688],[106.0323089,21.3257822],[106.0332209,21.324233],[106.0335856,21.3236482],[106.03369,21.3234665],[106.0339129,21.3230785],[106.034165,21.3226587],[106.0344064,21.3223588],[106.0361498,21.3211494],[106.0365629,21.3207246],[106.0366145,21.3206632],[106.0371039,21.320081]]}},{"type":"Feature","properties":{"id":328},"geometry":{"type":"LineString","coordinates":[[106.0371039,21.320081],[106.0372335,21.3199623],[106.0373931,21.3197649],[106.0374869,21.31963],[106.0375888,21.3194107],[106.0376733,21.3192077],[106.0377307,21.3189939],[106.0377538,21.3188604],[106.0377538,21.3186605],[106.0376572,21.3179308],[106.0376144,21.3175173],[106.0375697,21.3170841],[106.0374158,21.3155956],[106.0375446,21.3148622],[106.037963,21.3136678],[106.0380649,21.3134728],[106.0382473,21.313223],[106.0384539,21.3130321],[106.0387049,21.3128415]]}},{"type":"Feature","properties":{"id":329},"geometry":{"type":"LineString","coordinates":[[106.0376522,21.3164927],[106.0376573,21.3166315],[106.0377538,21.317681],[106.037845,21.3183407]]}},{"type":"Feature","properties":{"id":330},"geometry":{"type":"LineString","coordinates":[[106.0372888,21.320081],[106.0375187,21.3198235],[106.03763,21.3196636],[106.0377506,21.3194802],[106.0378164,21.3192388],[106.0378835,21.3189515],[106.0378781,21.3186916],[106.037845,21.3183407]]}},{"type":"Feature","properties":{"id":331},"geometry":{"type":"LineString","coordinates":[[106.0388226,21.3129295],[106.0387462,21.3129831],[106.0385504,21.3131196],[106.0383894,21.313283],[106.0382419,21.3134654],[106.0381132,21.3136478],[106.0380327,21.3138427],[106.0377269,21.3147623],[106.0375928,21.315237],[106.0375606,21.3157118],[106.0376522,21.3164927]]}},{"type":"Feature","properties":{"id":332},"geometry":{"type":"LineString","coordinates":[[106.0388226,21.3129295],[106.0400471,21.3122784]]}},{"type":"Feature","properties":{"id":333},"geometry":{"type":"LineString","coordinates":[[106.0387049,21.3128415],[106.0397386,21.3123034],[106.0400337,21.3121535]]}},{"type":"Feature","properties":{"id":334},"geometry":{"type":"LineString","coordinates":[[106.040656,21.3116139],[106.0405702,21.3117538],[106.04042,21.3119287],[106.0403314,21.3119976],[106.0402322,21.3120537],[106.0400337,21.3121535]]}},{"type":"Feature","properties":{"id":335},"geometry":{"type":"LineString","coordinates":[[106.0402875,21.3103424],[106.0405286,21.3106143],[106.0406198,21.3107307],[106.0406815,21.3108257],[106.0407405,21.3109381],[106.0407847,21.3110541],[106.0408196,21.3111905],[106.0408277,21.3113465],[106.0408115,21.3115153],[106.0407741,21.3116751],[106.0407177,21.3117663],[106.0405996,21.3119276],[106.0405085,21.3120262],[106.0404012,21.3121011],[106.0400471,21.3122784]]}},{"type":"Feature","properties":{"id":336},"geometry":{"type":"LineString","coordinates":[[106.040656,21.3116139],[106.0406882,21.3114054],[106.0406828,21.311259],[106.0406668,21.3111091],[106.0406291,21.3110081],[106.0405809,21.3109167]]}},{"type":"Feature","properties":{"id":337},"geometry":{"type":"LineString","coordinates":[[106.0401685,21.3104339],[106.0403715,21.3106522],[106.0404441,21.3107395],[106.0405261,21.3108398],[106.0405809,21.3109167]]}},{"type":"Feature","properties":{"id":338},"geometry":{"type":"LineString","coordinates":[[105.9949454,21.2928419],[105.9949656,21.2928497],[105.995224,21.2929516],[105.9960938,21.2931876],[105.9974242,21.2935624],[105.9997737,21.2941827]]}},{"type":"Feature","properties":{"id":339},"geometry":{"type":"LineString","coordinates":[[105.9706385,21.2912949],[105.9709539,21.291129],[105.9710638,21.2910779],[105.971209,21.2910329],[105.9712757,21.2910223],[105.9713496,21.2910203],[105.9714329,21.2910407],[105.9715235,21.2910747],[105.9716594,21.2911747],[105.9720744,21.2913036],[105.9723162,21.2913891],[105.9725112,21.2914504],[105.9726846,21.2914802],[105.9727859,21.2914954],[105.9728984,21.2915036],[105.9729594,21.2915081],[105.9734846,21.2915465],[105.9735455,21.2915516],[105.9737373,21.2915675],[105.9739482,21.2915849],[105.9742774,21.2916122],[105.9751939,21.2916881],[105.9752567,21.2916943],[105.9773108,21.2918955],[105.9774498,21.2919091],[105.9779105,21.2919413],[105.9781722,21.2919596],[105.9789493,21.2920139],[105.9789922,21.2920168],[105.9793867,21.292043],[105.979582,21.2920522],[105.9796938,21.2920574],[105.9798345,21.2920566],[105.9798977,21.2920519],[105.9799657,21.2920469],[105.9805545,21.2919809],[105.9812355,21.2919045],[105.9817244,21.2918496],[105.9818393,21.2918367],[105.9819269,21.2918269],[105.9822264,21.2918037],[105.982345,21.2917945],[105.982713,21.2917659],[105.9839031,21.291648],[105.9845441,21.2915845],[105.9847727,21.2915634],[105.9850241,21.2915534],[105.9851514,21.291561],[105.9852591,21.2915674],[105.9855367,21.2915954],[105.9861566,21.2916787],[105.9863483,21.2917023],[105.98673,21.2917641],[105.9870504,21.2918159],[105.9871929,21.291839],[105.9877174,21.291959],[105.9878553,21.2919905],[105.9879324,21.2920081],[105.9881668,21.292051],[105.9884972,21.2921115],[105.9885978,21.2921283],[105.9893641,21.2922559],[105.989472,21.2922715],[105.989564,21.2922758],[105.9902308,21.292288],[105.9907494,21.2922976],[105.990835,21.2922992],[105.9914696,21.2923109],[105.9915503,21.2923135],[105.9922249,21.2923361],[105.9923203,21.2923388],[105.9924176,21.2923521],[105.9925331,21.2923708],[105.9943584,21.2926207],[105.9945507,21.2926602],[105.9946179,21.2926832],[105.9947024,21.2927157],[105.9948553,21.2927956],[105.9948961,21.2928169]]}},{"type":"Feature","properties":{"id":340},"geometry":{"type":"LineString","coordinates":[[106.3947187,21.3122923],[106.3948055,21.3121525],[106.3949265,21.311991],[106.3949785,21.3119052],[106.3950334,21.3117777],[106.3951005,21.3115916],[106.3951662,21.3113892],[106.395244,21.3110768],[106.3952735,21.3110068],[106.3953474,21.3108709],[106.3954174,21.310743],[106.3956381,21.3104818],[106.3959521,21.3101085],[106.3962485,21.3097561],[106.3965408,21.3094363],[106.3968734,21.3090365],[106.3972369,21.3086317],[106.3973718,21.3084791],[106.3975507,21.3082769],[106.3975597,21.308261],[106.3975952,21.3081983],[106.3976471,21.3081531],[106.3980845,21.3076372],[106.398303,21.3073308],[106.3984542,21.3071139],[106.3987791,21.3066476],[106.3990206,21.3063398],[106.3992228,21.3060822],[106.3993377,21.3059357],[106.3998815,21.3052607],[106.4000156,21.3050533],[106.4000827,21.3049409],[106.4001336,21.3048331],[106.4002195,21.304651],[106.4003748,21.3042969],[106.4005521,21.3037889],[106.4006648,21.3034765],[106.4007291,21.3032816],[106.4008123,21.3031717],[106.4009356,21.3030792],[106.4015204,21.3028418],[106.4016438,21.3027818],[106.4017859,21.3026918],[106.4018986,21.3025619],[106.4019228,21.3025268],[106.4020135,21.3023948],[106.4021636,21.3021911],[106.4023048,21.3019996],[106.4023895,21.3018847],[106.4025732,21.3015889],[106.402626,21.3015206],[106.4029404,21.3011083],[106.4031887,21.3007826],[106.4038253,21.2999386],[106.4040596,21.2996181],[106.404461,21.2990331],[106.4044711,21.298854],[106.4045512,21.2987459],[106.4046243,21.2986474],[106.4046564,21.2986041],[106.4046979,21.2985482],[106.4047303,21.2985051],[106.4047444,21.2984861],[106.4047742,21.2984416],[106.404903,21.2982486],[106.4049791,21.2981347],[106.4053616,21.2975376],[106.4054056,21.2974689],[106.405482,21.297319],[106.4054954,21.2972278],[106.405494,21.2971229],[106.4054248,21.2968645],[106.4053953,21.2967019],[106.4053664,21.2965635],[106.4051306,21.2957296],[106.4048946,21.2949024],[106.4045564,21.29376],[106.4043754,21.2931483],[106.4042025,21.2925643]]}},{"type":"Feature","properties":{"id":341},"geometry":{"type":"LineString","coordinates":[[106.3896677,21.2996015],[106.3898438,21.2994911],[106.3899383,21.2994161],[106.3900271,21.299332],[106.3900754,21.2992682],[106.3901311,21.299185],[106.3901938,21.2990439],[106.3902423,21.2989172],[106.3902605,21.2987335],[106.3902618,21.2985823],[106.3902518,21.298442],[106.3902457,21.2983574],[106.3902256,21.2979775],[106.3902218,21.297923],[106.390176,21.2972665],[106.3901622,21.2970291],[106.3901339,21.2965436],[106.3900942,21.2958596],[106.3900421,21.2952012],[106.3900282,21.295025],[106.3900114,21.2947948],[106.3899904,21.2945063],[106.3898793,21.2931389],[106.3898687,21.2930084]]}},{"type":"Feature","properties":{"id":342},"geometry":{"type":"LineString","coordinates":[[106.9276424,21.3689089],[106.9278717,21.3689539]]}},{"type":"Feature","properties":{"id":343},"geometry":{"type":"LineString","coordinates":[[106.9278717,21.3689539],[106.9284134,21.3690644],[106.9286308,21.3691088],[106.9288287,21.369145],[106.9291042,21.3691955],[106.9293147,21.3692411],[106.9296444,21.3693099],[106.9299799,21.3693723],[106.9303505,21.3694253],[106.9306371,21.3694634],[106.9308758,21.3694822],[106.930915,21.3694847],[106.9311169,21.3694977],[106.9318253,21.3695334],[106.9319036,21.369538],[106.9322171,21.3695566],[106.9325213,21.3695746],[106.9326659,21.3695833],[106.9328311,21.3695933],[106.932885,21.3695978],[106.9331637,21.3696208],[106.9332241,21.3696296],[106.9332898,21.3696458],[106.9333689,21.369677],[106.9334506,21.3697057],[106.9335365,21.369742],[106.9336279,21.3697797],[106.9336673,21.3697882],[106.9337131,21.3697975],[106.9337585,21.3697975],[106.9338638,21.3697832],[106.9341015,21.3697151]]}},{"type":"Feature","properties":{"id":344},"geometry":{"type":"LineString","coordinates":[[106.7683272,21.2737687],[106.7684305,21.2740486]]}},{"type":"Feature","properties":{"id":345},"geometry":{"type":"LineString","coordinates":[[106.7645895,21.2223838],[106.7645802,21.2224676],[106.7645936,21.2225776],[106.7646026,21.2226371],[106.7646177,21.2226639],[106.7646288,21.222695],[106.7646924,21.2228728],[106.7647275,21.222971],[106.7647334,21.2229938],[106.7647572,21.2230852],[106.764776,21.2232252],[106.7647803,21.2233718],[106.7647732,21.2234443],[106.764721,21.223974],[106.7647424,21.224079],[106.7647671,21.2241487],[106.7650482,21.2244803],[106.7650809,21.2245313],[106.7650858,21.2246072],[106.7650616,21.2246666],[106.7649977,21.2247125],[106.7649141,21.2247341],[106.764784,21.2247328],[106.7645775,21.2247228],[106.7644313,21.2247228],[106.764387,21.2247316],[106.764346,21.2247526],[106.7641389,21.2249654],[106.7639673,21.2251729],[106.7638953,21.2253126],[106.7638426,21.2255379],[106.763809,21.2257129],[106.7637366,21.2258692],[106.7636776,21.2260155],[106.763628,21.226198],[106.7635636,21.2263405],[106.7634603,21.226473],[106.7633195,21.2266393],[106.7632256,21.226723],[106.7630661,21.2269018],[106.7628917,21.2271381],[106.7628367,21.2272143],[106.7627992,21.2272843],[106.7627455,21.2274631],[106.7627428,21.2274994],[106.7627589,21.2275619],[106.7628099,21.2276456],[106.7628582,21.2277369],[106.7628817,21.227825],[106.762883,21.2278606],[106.7628716,21.2278957],[106.7628072,21.2280132],[106.7627241,21.2281894],[106.7626356,21.2284069],[106.7625833,21.2285482],[106.7625739,21.228607],[106.7625765,21.2286757],[106.7625913,21.2287732],[106.7626382,21.2288995],[106.7626798,21.2290545],[106.7626905,21.2291295],[106.7626842,21.2291639],[106.7626718,21.2291945],[106.7626289,21.2292445],[106.7623714,21.2294133],[106.7620347,21.2297033],[106.7617968,21.2298609],[106.7617705,21.2298783],[106.7615975,21.2299733],[106.7614607,21.2300321],[106.7613079,21.2301165],[106.7612147,21.2301808],[106.7611483,21.2302452],[106.7610504,21.2303633],[106.7609417,21.2304771],[106.7607967,21.2306402],[106.7606628,21.2307909],[106.7606433,21.2308172],[106.7604348,21.2310984],[106.7602149,21.2313397],[106.759952,21.2315334],[106.7598474,21.2316297],[106.7598199,21.2316722],[106.7598058,21.2317072],[106.7598072,21.2317734],[106.7598152,21.2318322],[106.759842,21.2319609],[106.759889,21.2320822],[106.7599668,21.2322422],[106.7600298,21.232396],[106.76007,21.2325347],[106.7600888,21.2326497],[106.7600875,21.2327535],[106.7600379,21.233136],[106.7600083,21.2332848],[106.7599936,21.233331],[106.7599373,21.2334235],[106.7598581,21.2335198],[106.7597777,21.2335885],[106.7596288,21.2337423],[106.7594773,21.233911],[106.7593472,21.2341198],[106.7592593,21.2343154],[106.7592271,21.2343798],[106.7591882,21.2344486],[106.7591098,21.2345386],[106.759024,21.2345998],[106.7589489,21.234648],[106.758859,21.2346748],[106.7587517,21.2346836],[106.7586042,21.2346773],[106.7585599,21.2346823],[106.7585224,21.2346998],[106.7584852,21.2347355],[106.7584527,21.2347761],[106.7584473,21.2347998],[106.7584473,21.2348311],[106.75846,21.2348636],[106.7584835,21.2348923],[106.7585345,21.2349148],[106.7587785,21.2349698],[106.7589529,21.2350173],[106.7590146,21.2350748],[106.7590602,21.2351598],[106.7590816,21.2352261],[106.7591634,21.2353674],[106.7593633,21.2357349],[106.7594799,21.2358824],[106.7596033,21.2360249],[106.759716,21.2361186],[106.7598259,21.2362149],[106.7599694,21.2363086],[106.7601612,21.2364761],[106.7603396,21.2365836],[106.7604482,21.2366374],[106.7605501,21.2367011],[106.760644,21.2367924],[106.7607366,21.2369124],[106.7608452,21.2370849],[106.7609149,21.2372687],[106.7609565,21.2373437],[106.7612207,21.2377562],[106.7612987,21.2379234],[106.7614058,21.2381524],[106.7615831,21.2385077],[106.7617062,21.2387987],[106.7617712,21.2389699],[106.7618108,21.2392287],[106.7618242,21.2393612],[106.7618148,21.2394599],[106.7617813,21.2395224],[106.7616378,21.2397287],[106.7615761,21.2398574],[106.7613897,21.2402037],[106.7613025,21.2403274],[106.7612086,21.2404212],[106.7610973,21.2404849],[106.7608398,21.2405699],[106.7607245,21.2406124],[106.7606172,21.2406762],[106.7602336,21.2409574],[106.7601156,21.2410362],[106.7598648,21.2411637],[106.7595792,21.2412899],[106.7594169,21.2413887],[106.7592761,21.2415199],[106.7591192,21.2417174],[106.7590159,21.2418124],[106.7588617,21.2419374],[106.7587745,21.2420049],[106.7587102,21.2420587],[106.7586833,21.2421174],[106.7586645,21.2421837],[106.7586471,21.2423737],[106.7586337,21.2425899],[106.7586216,21.2426824],[106.7585666,21.2430512],[106.7585412,21.2431574],[106.7584218,21.2435024],[106.7583615,21.2436074],[106.758281,21.2437037],[106.7581952,21.2437937],[106.7580745,21.2438899],[106.7579631,21.2439649],[106.7577821,21.2440699],[106.7575514,21.2441737],[106.7573945,21.2442562],[106.7572376,21.2443649],[106.7571169,21.2444668],[106.7570304,21.2445536],[106.7569761,21.2446224],[106.7569546,21.2446661],[106.7569506,21.2447211],[106.7569573,21.2447505],[106.7570834,21.2449636],[106.7571008,21.2450105],[106.7571008,21.2450599],[106.7570861,21.2451461],[106.7570405,21.2452711],[106.7569654,21.2454586],[106.756905,21.2455974],[106.7568715,21.2456561],[106.7568058,21.2457061],[106.7566824,21.2457574],[106.7565215,21.2458174],[106.7564886,21.2458374],[106.7564611,21.2458661],[106.7564423,21.2458986],[106.756437,21.2459386],[106.7564477,21.2460423],[106.7564665,21.2461661],[106.7564718,21.2462723],[106.7564611,21.2463348],[106.7564423,21.2463861],[106.7563082,21.2465886],[106.756217,21.2467023],[106.756095,21.2468798],[106.7559247,21.2470942],[106.7558335,21.2471992],[106.7557262,21.2472998],[106.7556068,21.2473748],[106.7554566,21.2474473],[106.7552729,21.247516],[106.7550784,21.2476085],[106.7549537,21.247681],[106.754888,21.2477323],[106.7548344,21.2477923],[106.7547029,21.2479898],[106.7546453,21.2480973],[106.7545514,21.248331],[106.7545272,21.2484335],[106.7545192,21.2485135],[106.7545313,21.2485847],[106.7545567,21.2486672],[106.7546238,21.248841],[106.7546788,21.2489297],[106.7547579,21.2490085],[106.7548424,21.2490635],[106.7549658,21.2491197],[106.7550825,21.2491797],[106.7552568,21.2492984],[106.7555961,21.2495897],[106.7558468,21.2497884],[106.7565081,21.2501996],[106.7566583,21.2503296],[106.7568326,21.2505021],[106.7571678,21.2507596],[106.7573128,21.2508896],[106.7574576,21.2511271],[106.7575219,21.2511958],[106.7575809,21.2512733],[106.7576399,21.2513658],[106.7577016,21.2515133],[106.7577311,21.251742],[106.7577419,21.2518795],[106.7577955,21.2521957],[106.7578116,21.2523482],[106.7577995,21.2524857],[106.7577083,21.2529257],[106.7576922,21.2530469],[106.7576869,21.2531607],[106.7577003,21.2532581],[106.7577204,21.2533531],[106.75777,21.2535269],[106.7577875,21.2536894],[106.7578129,21.2538381],[106.7578344,21.2539256],[106.7579269,21.2541493],[106.7579685,21.2542656],[106.7580007,21.2543805],[106.7580597,21.2548155],[106.7580678,21.2549605],[106.7580798,21.255023],[106.7581026,21.255103],[106.758175,21.255283],[106.7582582,21.2555892],[106.7582917,21.2556904],[106.7583413,21.2557954],[106.7584231,21.2559091],[106.7585774,21.2560641],[106.758745,21.2562429],[106.7588925,21.2563816],[106.7589971,21.2564853],[106.7590991,21.2566066],[106.7591768,21.2567103],[106.7593244,21.2569853],[106.7594048,21.2570765],[106.759492,21.257154],[106.7596583,21.2573327],[106.7598031,21.2574702],[106.760235,21.2578164],[106.7604241,21.2579914],[106.7606091,21.2581664],[106.7607446,21.2583176],[106.7608465,21.2584351],[106.7608975,21.2585126],[106.7609189,21.2585976],[106.7609324,21.2587026],[106.7609149,21.2588776],[106.7608921,21.2589376],[106.7608492,21.2589913],[106.7607862,21.2590538],[106.7607205,21.25909],[106.7606534,21.25915],[106.7606051,21.2592388],[106.7605689,21.25929],[106.760353,21.2594362],[106.7602336,21.2595125],[106.7601887,21.2595381],[106.7601109,21.2595993],[106.7600754,21.2596375],[106.7600231,21.2597287],[106.7599466,21.2598412],[106.7598233,21.2599787],[106.759665,21.2601111],[106.7594102,21.2602924],[106.7593364,21.2603374],[106.7589422,21.2605061],[106.758521,21.2606798],[106.7584205,21.2607261],[106.7583226,21.2607798],[106.7581777,21.2608848],[106.7579645,21.261066],[106.7577364,21.2612683],[106.7576479,21.2613458],[106.7575607,21.2614222],[106.7573006,21.2616497],[106.7570293,21.2618942],[106.7569144,21.2620046],[106.756885,21.2620444],[106.7568608,21.2620771],[106.7568205,21.2621534],[106.7567883,21.2623158],[106.7567629,21.2625133],[106.7567588,21.2627645],[106.7567541,21.2628001],[106.7567401,21.262832],[106.7567025,21.262882],[106.7565979,21.2630007],[106.7564477,21.2631857]]}},{"type":"Feature","properties":{"id":346},"geometry":{"type":"LineString","coordinates":[[106.6760774,21.3853984],[106.6765061,21.3853239]]}},{"type":"Feature","properties":{"id":347},"geometry":{"type":"LineString","coordinates":[[106.617642,21.2472223],[106.6174301,21.2471635],[106.6172639,21.2471273],[106.6171002,21.2470773],[106.6167408,21.2469373],[106.6165428,21.2468306],[106.6163975,21.2467523],[106.615743,21.2462898],[106.615676,21.2462448],[106.6154984,21.2461233],[106.6153856,21.2460461],[106.614933,21.2458074]]}},{"type":"Feature","properties":{"id":348},"geometry":{"type":"LineString","coordinates":[[106.7075765,21.4087806],[106.7073686,21.4091639]]}},{"type":"Feature","properties":{"id":349},"geometry":{"type":"LineString","coordinates":[[106.7162729,21.3930785],[106.7162508,21.3931919],[106.7161931,21.3934866],[106.7161073,21.3939025],[106.7160371,21.3941823],[106.7158994,21.3947316],[106.7157317,21.3953915],[106.7154857,21.3964199],[106.7153893,21.3967023],[106.7153114,21.3969147],[106.7151725,21.3972864],[106.7151202,21.3973987],[106.7150907,21.3974787],[106.7150258,21.3975931],[106.7149399,21.3977348],[106.7146564,21.3981004],[106.714219,21.3986723],[106.7140993,21.398815],[106.7139973,21.3989365],[106.7138877,21.399067],[106.7137177,21.399291],[106.7136745,21.399348],[106.713543,21.3995212],[106.7135187,21.3995504],[106.7133902,21.3997687],[106.7133391,21.3998837],[106.7133005,21.3999705],[106.7132107,21.4002056],[106.7130871,21.4005129],[106.712961,21.4008663],[106.712839,21.4012184],[106.7127706,21.4014057],[106.7127096,21.4015711],[106.7126298,21.401794],[106.7124846,21.402285],[106.7121709,21.4029907],[106.7120791,21.4032432],[106.7120156,21.4033598],[106.7119552,21.4034409],[106.7118926,21.4035099],[106.7117349,21.40366],[106.7113579,21.4040128],[106.7113375,21.4040314],[106.7110548,21.404289],[106.711033,21.4043089],[106.7104564,21.4048029],[106.710426,21.4048289],[106.7103418,21.4049112],[106.7102359,21.4050236],[106.7101272,21.4051497],[106.7100575,21.4052356],[106.7100307,21.405287],[106.7099912,21.4053707],[106.7099596,21.4054443],[106.7099341,21.4055043],[106.7099177,21.4055516],[106.7098725,21.4056822],[106.7098255,21.405802],[106.7097854,21.4059162],[106.7097585,21.4060081],[106.7097249,21.4060936],[106.7096364,21.4062235],[106.7095546,21.4063134],[106.7094594,21.4064133],[106.7092938,21.4065724],[106.7090729,21.4067936],[106.7089699,21.4069012],[106.7088693,21.4070063],[106.7086681,21.4071961],[106.708603,21.4072616],[106.7084523,21.4074131],[106.708319,21.4075828],[106.7082707,21.4076443],[106.708179,21.4077769],[106.7079595,21.4080943],[106.7077945,21.4083949],[106.7075765,21.4087806]]}},{"type":"Feature","properties":{"id":350},"geometry":{"type":"LineString","coordinates":[[106.7295304,21.5221146],[106.7296013,21.5223013]]}},{"type":"Feature","properties":{"id":351},"geometry":{"type":"LineString","coordinates":[[106.7296013,21.5223013],[106.7296484,21.5224252],[106.7296994,21.5225263],[106.7297584,21.522618],[106.7298073,21.5226673],[106.7298603,21.5226972],[106.7299448,21.5227084],[106.7303907,21.5225753],[106.7305168,21.5225475],[106.7306321,21.5225388],[106.7308286,21.5225356],[106.731188,21.5225375],[106.731365,21.5225587],[106.7315474,21.5225762],[106.7316802,21.5225625],[106.7318599,21.522525],[106.7319712,21.5225126],[106.7321791,21.5225076],[106.7323293,21.5224876],[106.73245,21.5224602],[106.7325573,21.5224115],[106.7327195,21.5222768],[106.7328845,21.5221352],[106.7329482,21.5221015],[106.7330085,21.5220815],[106.7330682,21.522069],[106.7331125,21.5220672],[106.7332184,21.5220859],[106.733317,21.5221333],[106.7334002,21.5221926],[106.733427,21.5222175],[106.7335794,21.5223589],[106.7336744,21.5224471],[106.7338903,21.5226336],[106.7339917,21.522719],[106.7340459,21.5227646],[106.7341357,21.522827],[106.7342853,21.5229187],[106.7344422,21.5229848],[106.7344779,21.5229955],[106.7345421,21.5230147],[106.7346581,21.5230272],[106.7347406,21.5230091],[106.7348539,21.5229492],[106.7350417,21.522782],[106.7352067,21.5226367],[106.7352435,21.5226043],[106.7354205,21.5224539],[106.73548,21.5224184],[106.7355888,21.5223535],[106.7356671,21.5223231],[106.7357464,21.5222924],[106.735912,21.5222381],[106.7359329,21.5222347],[106.7360461,21.5222163],[106.7363727,21.5221932],[106.736514,21.5221756],[106.7365421,21.5221721],[106.7366027,21.5221645],[106.7367536,21.5221645],[106.7369246,21.5221782],[106.7370228,21.5222035],[106.7370553,21.5222119],[106.7370827,21.5222214],[106.7372622,21.5222837],[106.7373464,21.5223129],[106.7375819,21.5224131],[106.7377641,21.522487],[106.7379252,21.5225482],[106.7380384,21.5225912],[106.7381483,21.5226623],[106.7382543,21.5227883],[106.7383334,21.5229006],[106.7384315,21.5230757],[106.7384823,21.5231663],[106.7385896,21.5232936],[106.7387726,21.523443],[106.7387867,21.5234545]]}},{"type":"Feature","properties":{"id":352},"geometry":{"type":"LineString","coordinates":[[106.769789,21.5290386],[106.7702048,21.5288315],[106.7703912,21.5287554],[106.7706031,21.5287017],[106.7708633,21.5286431],[106.7714989,21.5285296],[106.7716668,21.5285163],[106.7717403,21.5285258],[106.7718238,21.5285534],[106.7718731,21.528592],[106.7720152,21.5287504],[106.7721726,21.528934],[106.7722338,21.5290236],[106.7722687,21.529061],[106.7723396,21.5290978],[106.7724081,21.5291184],[106.772726,21.5291708],[106.7729218,21.5291908],[106.7731431,21.529227],[106.7733228,21.5292669],[106.7735669,21.5293592],[106.7737868,21.5294303],[106.7739531,21.529469],[106.7741838,21.5294964],[106.7744172,21.5295014],[106.7746076,21.5295201],[106.7747417,21.5295451],[106.7748865,21.5295962],[106.7750435,21.5296761],[106.7751588,21.5297247],[106.775229,21.5297386],[106.7753921,21.5297709],[106.7757551,21.5298684],[106.7762024,21.5299885],[106.7766861,21.5301183],[106.7769264,21.5301826],[106.7773984,21.5302849],[106.7775728,21.530331],[106.7777283,21.5303996],[106.777904,21.5305082],[106.778198,21.530733],[106.7782333,21.5307566],[106.7784096,21.5308743],[106.7785471,21.5309448],[106.7787079,21.5310096],[106.7788488,21.5310882],[106.7788848,21.5311201],[106.7789286,21.5311843],[106.7789716,21.5312816],[106.778993,21.5313789],[106.778997,21.5315436],[106.7789407,21.5317919],[106.7789276,21.5319306],[106.7789407,21.5319778],[106.7789796,21.5320501],[106.7790547,21.5321212],[106.7791767,21.5321736],[106.7793015,21.5322011],[106.7795281,21.5322385],[106.7797789,21.5322659],[106.7802201,21.5322634],[106.7804213,21.5322559],[106.7807499,21.532216],[106.7809229,21.5322073],[106.7811187,21.5322123],[106.7813078,21.5322497],[106.7815479,21.5322597],[106.7818242,21.532257],[106.7822774,21.532236],[106.7825603,21.5322048],[106.7827548,21.5321961],[106.7828608,21.5322048],[106.7830579,21.5322871],[106.783125,21.5323408],[106.7831719,21.5323994],[106.7832148,21.5324655],[106.7832778,21.5326377],[106.7833073,21.5326851],[106.783355,21.5327325],[106.7833878,21.5327412],[106.7834314,21.5327362],[106.7834649,21.5327269],[106.7834971,21.5326969],[106.7835675,21.5326215],[106.7836735,21.5324768],[106.7837217,21.5324219],[106.7837727,21.5323707],[106.7838988,21.5323171],[106.7840624,21.5322772],[106.7841418,21.53225],[106.7842796,21.5322173],[106.7843762,21.5321873],[106.7844795,21.5321749],[106.7845747,21.5321848],[106.7846592,21.5321986],[106.7847544,21.5322485],[106.7848282,21.532337],[106.784918,21.5323894],[106.7850213,21.5324356],[106.7851473,21.5324643],[106.7853217,21.5325104],[106.7854786,21.5325865],[106.7856972,21.5327475],[106.7858192,21.5328298],[106.7859319,21.5328897],[106.7861491,21.5329832],[106.7863315,21.5330681],[106.7863885,21.5331067],[106.7865448,21.5332577],[106.7866252,21.533345],[106.7867258,21.5334174],[106.7868526,21.5335016],[106.7868981,21.533544],[106.7869071,21.5335591],[106.7869511,21.5336407],[106.7870172,21.5339235],[106.7870316,21.5339376],[106.7870551,21.5339476],[106.7870879,21.5339488],[106.7871355,21.5339401],[106.7871717,21.5339282],[106.7871962,21.5339136],[106.787224,21.5338858],[106.7872485,21.533844],[106.7872549,21.5337417],[106.7872462,21.5336719],[106.7872475,21.5335973],[106.7872596,21.5335265],[106.7873119,21.533355],[106.7874312,21.5331043],[106.7875104,21.5330119],[106.7876632,21.5329483],[106.7879435,21.532876],[106.788256,21.5328173],[106.7883068,21.5328192],[106.7883244,21.5328198],[106.7885578,21.5328647],[106.7886288,21.5328622],[106.7887723,21.5328385],[106.7889172,21.5327824],[106.7892162,21.5325578],[106.7892981,21.5325079],[106.7893544,21.532493],[106.7894201,21.532493],[106.789522,21.5325079],[106.7896146,21.5325354],[106.7897996,21.5326127],[106.7899022,21.5326445],[106.7900048,21.5326614],[106.7901456,21.5326639],[106.7902569,21.532662],[106.7903911,21.5326527],[106.7904675,21.5326233],[106.7907907,21.5324331],[106.7910308,21.5322722],[106.7911863,21.5321299],[106.7912488,21.5320662],[106.791306,21.532008],[106.7913634,21.5319441],[106.7914224,21.5318929],[106.7914867,21.531863],[106.7915464,21.531848],[106.7915927,21.5318468],[106.791639,21.5318555],[106.7917187,21.5318942],[106.7919052,21.531964],[106.7919964,21.5319765],[106.7920634,21.5319746],[106.7921318,21.5319553],[106.7922123,21.5319141],[106.7922579,21.5318536],[106.7922714,21.5318273],[106.7922927,21.5317856],[106.7923209,21.531626],[106.792341,21.5314101],[106.7923611,21.5313315],[106.7923786,21.5312717],[106.7924121,21.5312305],[106.7924502,21.5311985],[106.7925476,21.531117],[106.792856,21.5309298],[106.7929284,21.5308999],[106.7930039,21.530893],[106.7930652,21.5309061],[106.7931832,21.5309473],[106.793316,21.5310371],[106.7934206,21.5310995],[106.793599,21.5312143],[106.793666,21.5312529],[106.7938229,21.5312991],[106.794,21.5313715],[106.794287,21.5314525],[106.794541,21.5315157],[106.7945981,21.5315299],[106.7947336,21.5315785],[106.7949656,21.5317008],[106.7951211,21.5318006],[106.7952579,21.5319191],[106.7954054,21.5320626],[106.7955382,21.5322123],[106.7955831,21.5322541],[106.7956147,21.5322834],[106.7957729,21.532387]]}},{"type":"Feature","properties":{"id":353},"geometry":{"type":"LineString","coordinates":[[106.7387867,21.5234545],[106.7388913,21.5235194]]}},{"type":"Feature","properties":{"id":354},"geometry":{"type":"LineString","coordinates":[[106.8781687,21.3497212],[106.8783087,21.3497791]]}},{"type":"Feature","properties":{"id":355},"geometry":{"type":"LineString","coordinates":[[106.8831827,21.351415],[106.8832478,21.3514382]]}},{"type":"Feature","properties":{"id":356},"geometry":{"type":"LineString","coordinates":[[106.8783087,21.3497791],[106.8784464,21.3498394],[106.8786366,21.3499227],[106.8787334,21.3499651],[106.87881,21.3499995],[106.8790153,21.3500885],[106.8790971,21.3501229],[106.8791722,21.3501541],[106.8793827,21.3502253],[106.8795571,21.3502978],[106.8796469,21.3503377],[106.8800724,21.3504626],[106.8804105,21.3505582],[106.8811069,21.350754],[106.8813045,21.350811],[106.8813701,21.3508295],[106.8819615,21.3510202],[106.8821774,21.351088],[106.8825316,21.3511958],[106.8827918,21.3512933],[106.8830118,21.3513607],[106.8831827,21.351415]]}},{"type":"Feature","properties":{"id":357},"geometry":{"type":"LineString","coordinates":[[106.7928037,21.3154784],[106.7928573,21.3157133],[106.7928868,21.3157619],[106.7929362,21.3157997],[106.7934528,21.3160106],[106.7940063,21.3162594],[106.7942007,21.3163752],[106.7943911,21.3164998],[106.7944177,21.3165185],[106.7944662,21.3165601],[106.7947993,21.3168452],[106.7948784,21.3169189],[106.7949656,21.3170001],[106.7951034,21.3172914],[106.7958837,21.3174262],[106.7966981,21.3175669],[106.7972894,21.3176637],[106.7975204,21.3177222],[106.79774,21.3178049],[106.7978908,21.3178921],[106.7981212,21.3180271],[106.7981643,21.3180695],[106.7982,21.3181048],[106.7983103,21.3183769],[106.7983612,21.3186255],[106.7983595,21.3187406],[106.7977426,21.3202337],[106.7977334,21.3202559],[106.7975271,21.3207631],[106.7975156,21.320829],[106.797511,21.3208555],[106.7975307,21.320962],[106.7976126,21.3211105],[106.7979098,21.3216494],[106.7981544,21.3220543],[106.7983516,21.3223787],[106.7985185,21.322538],[106.7986821,21.3226942],[106.7988516,21.3228561],[106.7988682,21.3228719],[106.7991678,21.3231019],[106.7992475,21.3231631],[106.7993213,21.3232197],[106.7994137,21.3232906],[106.7995198,21.3233665],[106.7996755,21.3234606],[106.7998427,21.3235855],[106.799921,21.323644],[106.7999786,21.3236977],[106.8000443,21.3237664],[106.8001958,21.3239375],[106.800512,21.3243326],[106.8007404,21.3246196],[106.8007793,21.3246759],[106.8008852,21.3248521],[106.8009092,21.3248991],[106.8009228,21.3249395],[106.801099,21.3255433],[106.8011477,21.3257255],[106.8011952,21.3258889],[106.8012606,21.3261136],[106.801305,21.3262663],[106.8013707,21.3264586],[106.8014486,21.3266597],[106.8015433,21.3269061],[106.8015906,21.327042],[106.8016081,21.3271182],[106.8016201,21.3272057],[106.8016489,21.3275873]]}},{"type":"Feature","properties":{"id":358},"geometry":{"type":"LineString","coordinates":[[106.7925096,21.3142155],[106.7928037,21.3154784]]}},{"type":"Feature","properties":{"id":359},"geometry":{"type":"LineString","coordinates":[[106.7037342,21.3885218],[106.704004,21.388633]]}},{"type":"Feature","properties":{"id":360},"geometry":{"type":"LineString","coordinates":[[106.704004,21.388633],[106.7045559,21.3888631],[106.7047133,21.3889262],[106.7052476,21.3891406],[106.7054973,21.3892407],[106.7055574,21.3892687],[106.7057129,21.3893411],[106.705787,21.3893756],[106.7058304,21.3893958],[106.7064929,21.3896668],[106.7066755,21.389741],[106.7071018,21.3899141],[106.7073514,21.3900152],[106.7075363,21.3900901],[106.7078052,21.3902039],[106.7080204,21.3902949],[106.7081726,21.3903533],[106.7083128,21.3903948],[106.7084258,21.3904226],[106.7085754,21.3904593],[106.7089061,21.3905517],[106.7089811,21.3905727],[106.7091443,21.3906183],[106.7091721,21.3906257],[106.7096727,21.3907595],[106.7097163,21.39077],[106.7097756,21.3907842],[106.7103048,21.390911],[106.7105581,21.3909718],[106.7106517,21.3909942],[106.7111881,21.3911353],[106.7115448,21.3912539],[106.7117106,21.3913158],[106.7118474,21.3913668],[106.7119432,21.3914025],[106.7122208,21.3915299],[106.7125761,21.3916735],[106.7126902,21.3917191],[106.7131214,21.3918913],[106.7131984,21.391922],[106.7135625,21.3920684],[106.7137592,21.3921475],[106.7140742,21.3922741],[106.7146991,21.3924914],[106.7153555,21.3927429],[106.7153805,21.392752],[106.7160938,21.393013],[106.7162729,21.3930785]]}},{"type":"Feature","properties":{"id":361},"geometry":{"type":"LineString","coordinates":[[106.8005593,21.3278353],[106.8002495,21.327889]]}},{"type":"Feature","properties":{"id":362},"geometry":{"type":"LineString","coordinates":[[106.8112636,21.32415],[106.8105286,21.32427],[106.809644,21.3244349],[106.8094769,21.324518],[106.8093657,21.3246271],[106.8092884,21.3247877],[106.8092148,21.325318],[106.8091718,21.3259014],[106.8091424,21.3260264],[106.809093,21.3261474],[106.8090083,21.3262893],[106.8089372,21.3263837],[106.8088963,21.3264192],[106.8088519,21.3264577],[106.8085503,21.3266334],[106.8081803,21.32682],[106.8078106,21.3270122],[106.8077248,21.3270458],[106.807643,21.3270595],[106.8075152,21.3270665],[106.8074124,21.3270558],[106.8073413,21.3270433],[106.8069068,21.3269196],[106.8066291,21.3268771],[106.8064132,21.3268609],[106.8062503,21.3268508],[106.806078,21.3268546],[106.8058379,21.3268859],[106.8055744,21.3269234],[106.8041932,21.3271538],[106.803787,21.3272356],[106.8033729,21.3273069],[106.8027166,21.3274065],[106.8026128,21.3274223],[106.8021992,21.3274924],[106.8021249,21.327505],[106.802098,21.3275096],[106.8016489,21.3275873],[106.8011786,21.3276943],[106.8011195,21.3277078],[106.8008068,21.327779],[106.8005593,21.3278353]]}},{"type":"Feature","properties":{"id":363},"geometry":{"type":"LineString","coordinates":[[106.8078227,21.2105331],[106.8079193,21.2105456],[106.8079928,21.2105375],[106.8080574,21.2105156],[106.8080944,21.2104982],[106.808174,21.2104604],[106.8082344,21.2104317],[106.8083525,21.2103756],[106.8087149,21.2101838],[106.8089692,21.2100774],[106.8092876,21.2099608],[106.8094881,21.2098874],[106.8096707,21.209817],[106.8099193,21.2097212],[106.8102083,21.2096098],[106.8103467,21.2095817],[106.8104902,21.2095717],[106.8106716,21.209588],[106.8108201,21.2096367],[106.8114154,21.2098161],[106.8115161,21.2098542],[106.8116261,21.2099218],[106.8117959,21.210067],[106.8118505,21.2101117],[106.812003,21.2102368],[106.812235,21.2104381],[106.812359,21.21052],[106.8124789,21.210595],[106.8125709,21.2106307],[106.812715,21.2106545],[106.8128197,21.2106719],[106.8131909,21.2107263],[106.8133534,21.2107719],[106.8134078,21.2107926],[106.8134728,21.2108333],[106.8135304,21.2108976],[106.8135718,21.2109707],[106.8138,21.2113596],[106.813859,21.2114421],[106.8139113,21.2114996],[106.8139569,21.2115272],[106.8142788,21.2116646],[106.8144049,21.2117153],[106.8144853,21.2117596],[106.814543,21.2117997],[106.8146542,21.2119016],[106.8147227,21.211944],[106.8147951,21.2119784],[106.8148501,21.2119959],[106.8150568,21.2120354],[106.8151805,21.2120591],[106.8152162,21.2120659],[106.8152726,21.2120835],[106.8153282,21.2121135],[106.8153812,21.2121648],[106.8157701,21.2128148],[106.8161805,21.213455]]}},{"type":"Feature","properties":{"id":364},"geometry":{"type":"LineString","coordinates":[[106.807604,21.2104938],[106.8078227,21.2105331]]}},{"type":"Feature","properties":{"id":365},"geometry":{"type":"LineString","coordinates":[[106.8313578,21.213615],[106.8314141,21.2135863]]}},{"type":"Feature","properties":{"id":366},"geometry":{"type":"LineString","coordinates":[[106.8272943,21.2170406],[106.8277932,21.2167906],[106.8281674,21.2166791],[106.8285656,21.2165605],[106.8286474,21.216523],[106.8287212,21.2164655],[106.8287668,21.216413],[106.8290914,21.2154403],[106.829153,21.2153365],[106.8292362,21.2152403],[106.8293461,21.2151728],[106.8293991,21.215157],[106.8294722,21.2151353],[106.8297995,21.2151103],[106.8308455,21.2150453],[106.8309487,21.214999],[106.8310279,21.2149452],[106.8310681,21.2148552],[106.8310923,21.2147602],[106.8311318,21.2143311],[106.8311405,21.2142363],[106.8311567,21.2140601],[106.8312344,21.21377],[106.8312787,21.2136887],[106.8313578,21.213615]]}},{"type":"Feature","properties":{"id":367},"geometry":{"type":"LineString","coordinates":[[106.8235686,21.2169893],[106.8237738,21.2169981]]}},{"type":"Feature","properties":{"id":368},"geometry":{"type":"LineString","coordinates":[[106.8190679,21.2145802],[106.8193549,21.2145402],[106.8196017,21.2145302],[106.8197197,21.2145302],[106.8198431,21.2145502],[106.8200254,21.2146139],[106.8203205,21.2147127],[106.8208347,21.214958],[106.821046,21.2150852],[106.8212552,21.2152465],[106.8213036,21.215316],[106.8213484,21.2153997],[106.8213773,21.2154491],[106.8213988,21.2155003],[106.8214329,21.2156528],[106.8214745,21.2158904],[106.821494,21.2159716],[106.8215208,21.2160492],[106.8216173,21.2161879],[106.8217306,21.2163132],[106.8219861,21.216593],[106.8220773,21.2166768],[106.8221865,21.2167533],[106.822312,21.2168087],[106.8224378,21.2168497],[106.8231744,21.2169568],[106.8234161,21.2169767],[106.8235686,21.2169893]]}},{"type":"Feature","properties":{"id":369},"geometry":{"type":"LineString","coordinates":[[106.667684,21.219671],[106.6675311,21.2198072]]}},{"type":"Feature","properties":{"id":370},"geometry":{"type":"LineString","coordinates":[[106.6707086,21.2145364],[106.6705593,21.2148852],[106.6705151,21.2149608],[106.6704172,21.2150827],[106.6703696,21.2151346],[106.670261,21.215254],[106.6701208,21.2153722],[106.6699552,21.2154772],[106.6696608,21.2156403],[106.669516,21.2157504],[106.6693792,21.2158723],[106.6692954,21.215961],[106.6691995,21.2161092],[106.6691022,21.2163217],[106.6690573,21.2164692],[106.6690218,21.2166118],[106.6689374,21.2169977],[106.6688986,21.217175],[106.6688736,21.2172894],[106.6687998,21.2176119],[106.6687623,21.2177719],[106.6686268,21.2181895],[106.6685007,21.218507],[106.6682835,21.2188896],[106.6681105,21.2191347],[106.6680287,21.2192601],[106.6678154,21.2195184],[106.667684,21.219671]]}},{"type":"Feature","properties":{"id":371},"geometry":{"type":"LineString","coordinates":[[106.6708202,21.2142626],[106.6707086,21.2145364]]}},{"type":"Feature","properties":{"id":372},"geometry":{"type":"LineString","coordinates":[[106.6567621,21.2290595],[106.6562887,21.2294995],[106.6557455,21.2300308],[106.654505,21.2312284],[106.6543216,21.2314364],[106.6541831,21.2315934],[106.6540919,21.2316939],[106.6536521,21.2321756],[106.6534573,21.2323929],[106.653422,21.2324323],[106.6532255,21.2326427],[106.653066,21.2328135],[106.6530214,21.2328544],[106.6527843,21.2330723],[106.6523465,21.2334491],[106.6516337,21.2340473],[106.651061,21.2344461],[106.6509361,21.2345175],[106.6507941,21.2345986],[106.6506541,21.2346637],[106.6501754,21.2348864],[106.6501169,21.2349136],[106.6500879,21.2349271],[106.6499574,21.2349878],[106.649854,21.2350348],[106.6495992,21.2351661],[106.6493565,21.2353236],[106.649221,21.2354336],[106.6490333,21.2356074],[106.648922,21.2357336],[106.6488013,21.2358874],[106.6485679,21.2362149],[106.6482641,21.2367165],[106.6481696,21.2368624],[106.6479738,21.2371462],[106.6478552,21.2372727],[106.6477968,21.2373349],[106.6476224,21.2374887],[106.6474427,21.2376312],[106.6471745,21.2377949],[106.647071,21.2378486],[106.6464329,21.2381799],[106.646037,21.2383782],[106.6459924,21.2384005],[106.6456966,21.2385487],[106.6454896,21.2386562],[106.6451004,21.2388584],[106.6449121,21.2389562],[106.6445904,21.239109],[106.6444573,21.2391723],[106.6443099,21.2392424],[106.6438132,21.2394439],[106.6431633,21.2397099],[106.6430338,21.2397672],[106.6429936,21.239784]]}},{"type":"Feature","properties":{"id":373},"geometry":{"type":"LineString","coordinates":[[106.9004655,21.2670663],[106.9004439,21.2671701]]}},{"type":"Feature","properties":{"id":374},"geometry":{"type":"LineString","coordinates":[[106.9057503,21.2592994],[106.9057422,21.2593987]]}},{"type":"Feature","properties":{"id":375},"geometry":{"type":"LineString","coordinates":[[106.7077522,21.2006696],[106.7077036,21.2006477],[106.707492,21.2005383],[106.7072453,21.2004595],[106.7071454,21.2004314],[106.7070763,21.200412],[106.706855,21.2003632],[106.7066458,21.200327],[106.7064882,21.2003073],[106.7063856,21.2002945],[106.7063254,21.20029],[106.706156,21.2002775],[106.7060973,21.2002732],[106.7059049,21.2002515],[106.7057812,21.2002376],[106.7055756,21.2002144]]}},{"type":"Feature","properties":{"id":376},"geometry":{"type":"LineString","coordinates":[[106.7083624,21.2010209],[106.7079185,21.2007571],[106.7077522,21.2006696]]}},{"type":"Feature","properties":{"id":377},"geometry":{"type":"LineString","coordinates":[[106.7051961,21.2001694],[106.7045443,21.2000669],[106.7044395,21.2000401],[106.7041125,21.1999619],[106.7036376,21.1998192],[106.7036174,21.1998133],[106.7033359,21.199733],[106.7025983,21.1994992]]}},{"type":"Feature","properties":{"id":378},"geometry":{"type":"LineString","coordinates":[[106.7055756,21.2002144],[106.7051961,21.2001694]]}},{"type":"Feature","properties":{"id":379},"geometry":{"type":"LineString","coordinates":[[106.6924255,21.1977552],[106.6922452,21.1977007],[106.69208,21.1976512],[106.6918118,21.1975987],[106.6915664,21.1975712],[106.6909468,21.1975362],[106.690456,21.1975962],[106.6902157,21.1976552],[106.69004,21.1976984],[106.6895387,21.1979088],[106.6889479,21.1982237],[106.688624,21.1983964],[106.6871822,21.1991963],[106.6864756,21.1995693],[106.6857219,21.2000044],[106.6856281,21.2000745],[106.6850781,21.2005845],[106.6848528,21.2008046],[106.6844746,21.2010397],[106.684126,21.2011922],[106.6837504,21.2014023],[106.6835305,21.2015748],[106.6833132,21.2018449],[106.6831885,21.2020837],[106.6830933,21.202225],[106.6830075,21.202315],[106.6828814,21.202385],[106.6827714,21.2024363],[106.6825475,21.202475],[106.6824509,21.2024988],[106.6823651,21.2025576],[106.6822632,21.2026488],[106.6821814,21.2027964],[106.6821156,21.2030364],[106.6820674,21.2031502],[106.6820204,21.2032365],[106.6819265,21.2033415],[106.6818112,21.2034915],[106.6817294,21.2036178],[106.6816798,21.2037228],[106.6816248,21.2039129],[106.6815765,21.2041379],[106.6815336,21.2042292],[106.6814679,21.204303],[106.6814189,21.2043474],[106.6813311,21.2043968],[106.6812479,21.2044168],[106.6811487,21.2044143],[106.6809985,21.2043918],[106.6805854,21.2042742],[106.6803923,21.204233],[106.6802864,21.2042192],[106.6801172,21.204214]]}},{"type":"Feature","properties":{"id":380},"geometry":{"type":"LineString","coordinates":[[106.7025983,21.1994992],[106.7023408,21.1994142]]}},{"type":"Feature","properties":{"id":381},"geometry":{"type":"LineString","coordinates":[[106.6959438,21.1993654],[106.6956139,21.1993342]]}},{"type":"Feature","properties":{"id":382},"geometry":{"type":"LineString","coordinates":[[106.7023408,21.1994142],[106.7019224,21.1992958],[106.7018814,21.1992842],[106.7015804,21.1991991],[106.7013082,21.1991316],[106.7011654,21.1991035],[106.7010923,21.1990891],[106.7009287,21.1990629],[106.7007087,21.19904],[106.699381,21.1989016],[106.6990672,21.1988816],[106.6989973,21.1988847],[106.6985328,21.1989053],[106.6983443,21.1989141],[106.6982827,21.1989212],[106.6981845,21.1989326],[106.6980312,21.1989622],[106.6978059,21.1990347],[106.6968772,21.1993017],[106.6966867,21.1993442],[106.6964856,21.1993604],[106.696432,21.1993615],[106.6962254,21.1993654],[106.6959438,21.1993654]]}},{"type":"Feature","properties":{"id":383},"geometry":{"type":"LineString","coordinates":[[106.6595355,21.2250366],[106.6593035,21.2253192],[106.6591841,21.2254829],[106.6590862,21.2256492],[106.6590245,21.2257892],[106.6590135,21.225817],[106.6589695,21.225928],[106.6589483,21.2259938],[106.6589025,21.2261355],[106.6587768,21.22658],[106.6587522,21.2266755],[106.6586926,21.2268456],[106.6586263,21.2270239],[106.6586034,21.2270856],[106.6584701,21.2273829],[106.6584585,21.2274082],[106.6584291,21.2274744],[106.6582829,21.2277256],[106.6581581,21.2278881],[106.6580294,21.2280557],[106.6578215,21.2282657],[106.6576432,21.2284094]]}},{"type":"Feature","properties":{"id":384},"geometry":{"type":"LineString","coordinates":[[106.6597098,21.2248654],[106.6595355,21.2250366]]}},{"type":"Feature","properties":{"id":385},"geometry":{"type":"LineString","coordinates":[[106.6568814,21.2289582],[106.6567621,21.2290595]]}},{"type":"Feature","properties":{"id":386},"geometry":{"type":"LineString","coordinates":[[106.6575171,21.2284807],[106.6572985,21.2286207],[106.6572127,21.2286902],[106.6569724,21.2288845],[106.6568814,21.2289582]]}},{"type":"Feature","properties":{"id":387},"geometry":{"type":"LineString","coordinates":[[106.6576432,21.2284094],[106.6575171,21.2284807]]}},{"type":"Feature","properties":{"id":388},"geometry":{"type":"LineString","coordinates":[[106.6647463,21.2222038],[106.6645853,21.2223175],[106.6645338,21.2223538],[106.6643058,21.2224945],[106.6639853,21.2226764],[106.6624644,21.2233564],[106.6622744,21.2234384],[106.6619387,21.2235802],[106.6615082,21.2238015],[106.6612668,21.223919],[106.6610288,21.2240451],[106.6608183,21.2241566],[106.6607572,21.224189],[106.6603442,21.2244166],[106.6601041,21.2245733],[106.6600397,21.2246153],[106.6599219,21.2246968],[106.6598788,21.2247266],[106.6597098,21.2248654]]}},{"type":"Feature","properties":{"id":389},"geometry":{"type":"LineString","coordinates":[[106.6255572,21.2418362],[106.6253132,21.2419974],[106.6251214,21.2421524],[106.6248512,21.2424387],[106.6246122,21.2427686],[106.6245818,21.242809],[106.6240596,21.2435046],[106.6234571,21.2443874],[106.6232296,21.2447537],[106.6231137,21.2449174],[106.6224579,21.2457746],[106.6223312,21.2458924],[106.6219872,21.2462123],[106.6215361,21.2465241],[106.6213817,21.2466027],[106.6210662,21.2467842],[106.6206139,21.2470435],[106.6200936,21.2473285],[106.6199622,21.2473798],[106.619756,21.2474424],[106.619537,21.2474898],[106.6193345,21.2474986],[106.6189027,21.2474923],[106.6183207,21.2473973],[106.6180658,21.2473423],[106.6177238,21.2472423],[106.617642,21.2472223]]}},{"type":"Feature","properties":{"id":390},"geometry":{"type":"LineString","coordinates":[[106.6429936,21.239784],[106.6428032,21.2398593]]}},{"type":"Feature","properties":{"id":391},"geometry":{"type":"LineString","coordinates":[[106.6365087,21.2422062],[106.6362982,21.2423237]]}},{"type":"Feature","properties":{"id":392},"geometry":{"type":"LineString","coordinates":[[106.6428032,21.2398593],[106.6425945,21.2399429],[106.6425471,21.2399619],[106.6422594,21.240077],[106.6419445,21.2402031],[106.6416961,21.2403112],[106.6414493,21.2404074],[106.6411069,21.2405236],[106.6409424,21.2405737],[106.6406138,21.2406499],[106.6405694,21.2406567],[106.6404911,21.2406688],[106.6403737,21.2406868],[106.6402718,21.2407024],[106.6401095,21.2407227],[106.6398765,21.2407519],[106.6394618,21.2408174],[106.6390407,21.2409302],[106.638857,21.2409799],[106.6386008,21.2410762],[106.6382615,21.2412199],[106.6378284,21.2414606],[106.6376473,21.2415612],[106.6373576,21.2417162],[106.6372283,21.2417908],[106.6365087,21.2422062]]}},{"type":"Feature","properties":{"id":393},"geometry":{"type":"LineString","coordinates":[[106.6276869,21.2413599],[106.6270465,21.2413918],[106.6269837,21.2413965],[106.6267448,21.2414143],[106.6265175,21.2414518],[106.6262845,21.2415088],[106.6262057,21.2415281],[106.6261067,21.2415613],[106.6260615,21.2415774],[106.6259927,21.2416115]]}},{"type":"Feature","properties":{"id":394},"geometry":{"type":"LineString","coordinates":[[106.6281697,21.2413612],[106.6276869,21.2413599]]}},{"type":"Feature","properties":{"id":395},"geometry":{"type":"LineString","coordinates":[[106.6259927,21.2416115],[106.6255572,21.2418362]]}},{"type":"Feature","properties":{"id":396},"geometry":{"type":"LineString","coordinates":[[106.6362982,21.2423237],[106.636159,21.2423894],[106.6360139,21.2424578],[106.6359052,21.2425062],[106.6355927,21.2426337],[106.6354259,21.2426702],[106.6352173,21.2427085],[106.6351743,21.2427112],[106.6348641,21.2427367],[106.6348068,21.2427406],[106.6347009,21.2427386],[106.6343428,21.2427074],[106.633793,21.2426387],[106.6333035,21.2425837],[106.6328756,21.2425287],[106.632594,21.2424799],[106.6324297,21.2424387],[106.6322152,21.2423849],[106.6321351,21.2423587],[106.6319176,21.2422876],[106.6318886,21.2422781],[106.6316653,21.2421893],[106.6315044,21.2421163],[106.6314547,21.2420937],[106.6314018,21.2420587],[106.630744,21.2417168],[106.6306564,21.2416742],[106.630581,21.2416374],[106.6303296,21.2415362],[106.6300882,21.2414649],[106.6300477,21.2414581],[106.6296904,21.2413979],[106.6296469,21.2413906],[106.6294578,21.2413731],[106.6292084,21.2413643],[106.6286337,21.2413626],[106.6281697,21.2413612]]}},{"type":"Feature","properties":{"id":397},"geometry":{"type":"LineString","coordinates":[[106.6648496,21.2221198],[106.6647463,21.2222038]]}},{"type":"Feature","properties":{"id":398},"geometry":{"type":"LineString","coordinates":[[106.6675311,21.2198072],[106.6662292,21.220934],[106.6658253,21.2212812],[106.6655453,21.2215219],[106.6653714,21.2216713],[106.6648496,21.2221198]]}},{"type":"Feature","properties":{"id":399},"geometry":{"type":"LineString","coordinates":[[106.7573462,21.266284],[106.7574575,21.2663115]]}},{"type":"Feature","properties":{"id":400},"geometry":{"type":"LineString","coordinates":[[106.7574575,21.2663115],[106.7579744,21.2664323],[106.7580932,21.2664802],[106.7582139,21.2665777],[106.7585009,21.2669151],[106.7586155,21.2670389],[106.7587691,21.267205],[106.7590419,21.2673947],[106.7593753,21.267575],[106.7595416,21.2676325],[106.7597294,21.2676425],[106.7600153,21.267629],[106.7600459,21.2676275],[106.7602283,21.2676337],[106.7603409,21.2676375],[106.7604348,21.2676536],[106.7604937,21.2676636],[106.7605663,21.267676],[106.7606333,21.2676875],[106.760931,21.2677649],[106.7610536,21.2678196],[106.7611453,21.2678905],[106.7613387,21.2680399],[106.7614731,21.268137],[106.7617658,21.2683484],[106.7617863,21.2683632],[106.761883,21.268437],[106.7619913,21.2685198],[106.7622364,21.268707],[106.7624926,21.2688997],[106.7626018,21.2689818],[106.7626423,21.2690122],[106.762912,21.269244],[106.7629534,21.2692796],[106.7633782,21.2697232],[106.7637074,21.270067],[106.7637358,21.2700966],[106.7637817,21.2701375],[106.7638913,21.2702353],[106.7640598,21.2703857],[106.7644072,21.2706744],[106.7644808,21.2707309],[106.7646654,21.2708725],[106.7647411,21.2709306],[106.7649146,21.2710552],[106.7650161,21.2711281],[106.765102,21.2711898],[106.7652422,21.2712905],[106.7652892,21.2713242],[106.7660554,21.2718745],[106.7661815,21.2719651],[106.7663359,21.27208],[106.7666162,21.2722885],[106.7668121,21.2724358],[106.7671752,21.2727089],[106.7675145,21.2729701],[106.767636,21.2730595],[106.7679429,21.2732851],[106.7679919,21.2733211],[106.7680295,21.2733488],[106.7680622,21.2733747],[106.7681368,21.2734338],[106.7682012,21.2735038],[106.7682267,21.2735445],[106.7682856,21.2736625],[106.7683272,21.2737687]]}},{"type":"Feature","properties":{"id":401},"geometry":{"type":"LineString","coordinates":[[106.5338015,21.3612329],[106.5340161,21.3613703]]}},{"type":"Feature","properties":{"id":402},"geometry":{"type":"LineString","coordinates":[[106.5124498,21.3516742],[106.5126238,21.3516953],[106.512887,21.3517742],[106.5130547,21.3518454],[106.5131527,21.351899],[106.5132263,21.3519753],[106.5132719,21.3520602],[106.5134207,21.3524812],[106.5134695,21.3526192],[106.5136739,21.3531978],[106.5137887,21.3534121],[106.513869,21.353562],[106.5138888,21.353599],[106.5142,21.3539987],[106.514459,21.3543943],[106.5145362,21.3545122],[106.5148841,21.3550438],[106.5150718,21.3552608],[106.5151817,21.3553876],[106.5154123,21.3555525],[106.5156484,21.3556624],[106.5159005,21.3557398],[106.5160923,21.3557548],[106.5162796,21.3557499],[106.5167347,21.3557107],[106.5184913,21.3555592],[106.5185639,21.3555571],[106.520369,21.3554276],[106.5204374,21.3554261],[106.5205179,21.3554289],[106.5206587,21.3554326],[106.520825,21.3554513],[106.5211555,21.3555179],[106.5214161,21.3555934],[106.5217089,21.3556783],[106.5219357,21.3557441],[106.5222967,21.3558487],[106.5228842,21.356019],[106.5234792,21.3561765],[106.5235421,21.3561848],[106.5240744,21.356228],[106.5242917,21.3562456],[106.524444,21.3562558],[106.5248153,21.3562816],[106.5252897,21.3563169],[106.5260098,21.3563705],[106.5273831,21.3564716],[106.5280496,21.3565207],[106.5280933,21.3565265],[106.5283781,21.3565642],[106.5285578,21.3566092],[106.5286594,21.35665],[106.5287346,21.3566802],[106.5289307,21.356809],[106.5290504,21.3569122],[106.5291587,21.3570063],[106.5292914,21.3571362],[106.5294401,21.3573123],[106.5294656,21.3573537],[106.5297127,21.3576824],[106.52986,21.3578981],[106.5299793,21.3580905],[106.5300103,21.3581591],[106.530063,21.3582754],[106.5301725,21.3584727],[106.5302742,21.358777],[106.5304032,21.3590647],[106.530481,21.3592595],[106.5305158,21.359332],[106.5305427,21.3594169],[106.530607,21.3595268],[106.5306661,21.3596168],[106.530732,21.3596933],[106.5307975,21.3597791],[106.5309371,21.3599251],[106.5311318,21.3601288],[106.5311891,21.3601888],[106.5313057,21.3602867],[106.5315163,21.3604636],[106.531797,21.3606852],[106.5319757,21.3608263],[106.5320764,21.3608746],[106.5321627,21.3608982],[106.532305,21.3609087],[106.5323746,21.3609132],[106.5326816,21.3608773],[106.532944,21.3608467],[106.5329942,21.3608408],[106.5330763,21.3608458],[106.5331605,21.3608707],[106.5332437,21.3609132],[106.5333192,21.3609565],[106.5338015,21.3612329]]}},{"type":"Feature","properties":{"id":403},"geometry":{"type":"LineString","coordinates":[[106.7535402,21.2160229],[106.7534342,21.2160179],[106.753343,21.2160079],[106.7532022,21.2159891],[106.7530668,21.2159591],[106.7529394,21.2159154]]}},{"type":"Feature","properties":{"id":404},"geometry":{"type":"LineString","coordinates":[[106.7560413,21.214964],[106.755596,21.2152739],[106.7554488,21.2153764],[106.7553587,21.2154391],[106.7552385,21.2155181],[106.7551629,21.2155678],[106.7550618,21.2156213],[106.7549524,21.2156791],[106.7546774,21.2158216],[106.7545703,21.2158685],[106.7545433,21.2158804],[106.7544622,21.215903],[106.7543958,21.2159216],[106.7541866,21.2159729],[106.7539968,21.2159996],[106.7539734,21.2160029],[106.753869,21.2160118],[106.7537226,21.2160242],[106.7536327,21.2160217],[106.7535402,21.2160229]]}},{"type":"Feature","properties":{"id":405},"geometry":{"type":"LineString","coordinates":[[106.3863431,21.2497492],[106.3853091,21.2498572],[106.3843167,21.2499134],[106.3834208,21.2499167],[106.3824458,21.2499202],[106.3812818,21.2499685],[106.3807145,21.2499921],[106.3798133,21.2500334],[106.3789816,21.2500492],[106.3777936,21.2500684],[106.3775475,21.2500724],[106.3772054,21.250078],[106.3766158,21.2500875],[106.376121,21.2500955],[106.3747097,21.250005],[106.3744917,21.2500021],[106.3744166,21.2500096],[106.3741243,21.2500021],[106.373789,21.2499896],[106.3735718,21.2499421],[106.373431,21.2498865],[106.3732874,21.2498072],[106.3730997,21.2496622],[106.3730504,21.2496345],[106.3728636,21.2495297],[106.3724881,21.2493797],[106.3721307,21.24928],[106.3718471,21.2492272],[106.3716245,21.2491972],[106.3711765,21.2491322],[106.3707972,21.249016],[106.3705529,21.248917],[106.3703363,21.2487893],[106.3701405,21.2486853],[106.3697657,21.2484897],[106.3688178,21.2480837],[106.3680384,21.2477773],[106.3676065,21.2475973],[106.3673919,21.2474823],[106.3672581,21.247365],[106.3671371,21.2472348],[106.3670808,21.2471173],[106.3670033,21.2469401],[106.3669207,21.2465084],[106.3666972,21.2453399],[106.3665082,21.2443824],[106.3664277,21.2439674],[106.3663982,21.2437687],[106.3663854,21.2436043],[106.3663915,21.2434505],[106.3664659,21.2428418],[106.366531,21.2423087],[106.3666403,21.2415243],[106.3666738,21.2413043],[106.3666912,21.2411531],[106.3666825,21.2410274],[106.3666456,21.2408768],[106.3665893,21.2407206],[106.3665303,21.2405987],[106.3664626,21.2405112],[106.366358,21.2404356],[106.3661917,21.2403512],[106.3661266,21.2403212],[106.3660347,21.2402837],[106.3658456,21.2402418],[106.3656022,21.2402062],[106.365216,21.2401506],[106.363816,21.23999],[106.363476,21.2399298],[106.3627449,21.2398165],[106.36231,21.2397634],[106.3618124,21.239705],[106.3616035,21.2396767],[106.3612218,21.2395669],[106.3607148,21.2394183],[106.3601811,21.2392536],[106.3594253,21.2390165],[106.3587283,21.2388076],[106.358077,21.238604],[106.3577598,21.2384987],[106.3575205,21.2384208],[106.3572442,21.2383305],[106.3571749,21.2383075],[106.3570458,21.2382562],[106.3568666,21.2382095]]}},{"type":"Feature","properties":{"id":406},"geometry":{"type":"LineString","coordinates":[[106.386441,21.2497484],[106.3863431,21.2497492]]}},{"type":"Feature","properties":{"id":407},"geometry":{"type":"LineString","coordinates":[[106.6270052,21.4394795],[106.6273275,21.4396712],[106.6277124,21.4399096],[106.6278901,21.4400157],[106.6280356,21.4401243],[106.6281697,21.4402317],[106.6285506,21.4405737],[106.6292332,21.4412153],[106.6296583,21.4416036],[106.6298354,21.4417559],[106.6299453,21.4418395],[106.630062,21.4419206],[106.6301666,21.4419793],[106.6303396,21.4420692],[106.6306675,21.4422233],[106.6309176,21.4423276],[106.6317853,21.4426683],[106.6323714,21.4428831],[106.632653,21.4429804],[106.6332714,21.443221],[106.6346111,21.4437192],[106.6347519,21.443793],[106.6350611,21.4439713],[106.635317,21.4441452],[106.6362454,21.4448072],[106.6366364,21.4450661],[106.6370608,21.4453249],[106.637781,21.4457388],[106.6381539,21.4459577],[106.6392994,21.4466232],[106.6396277,21.4468183],[106.6406323,21.4474751],[106.6407349,21.447538],[106.6423518,21.4485296],[106.6423759,21.4485447],[106.6440202,21.4495762],[106.6442027,21.4496939],[106.6448179,21.4501018],[106.6457127,21.4506371],[106.6465249,21.4511319],[106.6469127,21.4513603],[106.6475032,21.451746],[106.6475856,21.4517928],[106.6476834,21.4518904],[106.6477552,21.4519971],[106.647841,21.45215],[106.6479725,21.4523696],[106.6480887,21.4525527],[106.648307,21.4529052],[106.6484137,21.4530899],[106.6485148,21.4532621],[106.6488842,21.4538535],[106.6492626,21.4545165],[106.6494155,21.4548061],[106.6495509,21.4550451],[106.6498473,21.4555925],[106.6500793,21.4559981],[106.6501568,21.4561166],[106.650265,21.4562353],[106.6503366,21.456304],[106.6504186,21.4563551],[106.6505115,21.4563984],[106.650589,21.4564275],[106.6506842,21.4564587],[106.6510597,21.4565635],[106.6513413,21.4566732],[106.6515291,21.4567458],[106.6521375,21.4569518],[106.6523695,21.4570179],[106.6526602,21.4570965],[106.6528814,21.4571691],[106.6530713,21.4572681],[106.6533068,21.4574092],[106.6536024,21.4576438],[106.6537709,21.4577979],[106.6538653,21.457899],[106.6539402,21.4579904],[106.654045,21.4581012],[106.6541924,21.4582841],[106.6542984,21.4584022],[106.6546472,21.4586883],[106.6552064,21.4591672],[106.6554692,21.4593818],[106.6555954,21.4595146],[106.6559923,21.4598461],[106.6561237,21.459956],[106.6562149,21.4600508],[106.6563088,21.4601282],[106.656521,21.4603411],[106.6566414,21.4604777],[106.6568774,21.4607336],[106.6569203,21.4608334],[106.656982,21.4609358],[106.6571054,21.4611604],[106.6571571,21.4612774],[106.6572019,21.4614063],[106.6572408,21.4614937],[106.6572838,21.4615648],[106.6573374,21.4616185],[106.6574037,21.4616754],[106.6574374,21.4617081],[106.6575265,21.4617658],[106.6576204,21.4618157],[106.6577263,21.4618843],[106.6579504,21.462007],[106.6581327,21.4621177],[106.6582426,21.4621951],[106.6583124,21.4622675],[106.6584036,21.4623923],[106.6584787,21.4625246],[106.65848,21.4626745],[106.6584371,21.4628541],[106.6584183,21.4629203],[106.6583855,21.4630125],[106.6583727,21.4630725],[106.6583714,21.4631661],[106.6583781,21.4633908],[106.6583754,21.4635003],[106.65837,21.4635406],[106.6583472,21.4635867],[106.6583057,21.4636321],[106.6582628,21.4636648],[106.6581978,21.4636973],[106.6580804,21.4637627],[106.6580202,21.4638123],[106.6579758,21.4639063],[106.6579704,21.4640011],[106.6579798,21.464076],[106.6580079,21.4641372],[106.6580603,21.4642071],[106.6581421,21.4643032],[106.6582064,21.4643686],[106.6582835,21.4644812],[106.6583043,21.4645553],[106.6583097,21.4646227],[106.6583043,21.4646788],[106.658282,21.4647313],[106.6581493,21.4649432],[106.6579889,21.4651763],[106.6578993,21.4653203],[106.6578081,21.4654826],[106.6576225,21.4657204],[106.6575144,21.4657946],[106.6573146,21.465837],[106.6569591,21.465904],[106.6568343,21.4659619],[106.6566973,21.4660668],[106.6563985,21.4663972],[106.6553271,21.4674695],[106.6545654,21.4682658],[106.6544726,21.4683978],[106.6541616,21.4688755],[106.6540745,21.4690806],[106.6540381,21.4691908],[106.6540253,21.4692818],[106.6540275,21.4693753],[106.6540767,21.4696363],[106.6541921,21.4700468],[106.6542319,21.4702895],[106.65422,21.4706033],[106.6542354,21.470717],[106.6543166,21.4709533],[106.6544445,21.4713804],[106.6544852,21.4716423],[106.6544825,21.4721251],[106.6545117,21.4722221],[106.6545841,21.4723094],[106.6550749,21.4728099],[106.6553286,21.4730186],[106.6554317,21.4730857],[106.6555779,21.4731618],[106.6559329,21.4733319],[106.6563114,21.4734626],[106.6566631,21.473557],[106.6572341,21.4738457],[106.658071,21.4742202],[106.658307,21.4742888],[106.6588206,21.4745097],[106.6588944,21.4745534],[106.6589937,21.4746532],[106.6590339,21.4747443],[106.6591388,21.4754566],[106.65916,21.4756267],[106.6591734,21.4759162],[106.659176,21.4761633],[106.659168,21.4763181],[106.6591898,21.4764878],[106.6592715,21.4766639],[106.6598707,21.4775436],[106.6602704,21.478185],[106.6606404,21.4786953],[106.6607934,21.4789738],[106.6609331,21.4792769],[106.6611096,21.4797272],[106.6611893,21.4800791],[106.6612333,21.4801855],[106.6613071,21.4802679],[106.6614959,21.4803785],[106.6621629,21.4806917],[106.6633059,21.4813003],[106.6636848,21.4815495],[106.6639128,21.4816793],[106.6640925,21.4818166],[106.6642186,21.4819089],[106.6643981,21.4820476],[106.6646052,21.4822194],[106.6648757,21.4825129],[106.6649857,21.4826552],[106.665101,21.482795],[106.6652056,21.4829371],[106.6653478,21.4830995],[106.6654739,21.4832343],[106.6655999,21.4833216],[106.6659039,21.48359],[106.6659734,21.4836448],[106.6660466,21.4836885],[106.6661186,21.483721],[106.6665763,21.4838607],[106.6667721,21.4839306],[106.6669491,21.483988],[106.6672174,21.4841003],[106.6674522,21.484259],[106.6676143,21.4844497],[106.6676867,21.4845571],[106.6678959,21.4849489],[106.6680917,21.4852808],[106.6682151,21.4854705],[106.6682741,21.4855903],[106.6683733,21.4857501],[106.6685182,21.4862143],[106.6686228,21.4865787],[106.6687568,21.487146],[106.6687804,21.4872326],[106.6688065,21.4873486],[106.6688119,21.487406],[106.6688105,21.4874403],[106.6687998,21.4874759],[106.668769,21.4875358],[106.6686053,21.4878013],[106.6685651,21.4878603],[106.6685235,21.4879139],[106.6684788,21.4879858],[106.6683921,21.4881498]]}},{"type":"Feature","properties":{"id":408},"geometry":{"type":"LineString","coordinates":[[106.6705652,21.4879166],[106.6702804,21.4879314],[106.6695889,21.4879907],[106.6694221,21.4879988],[106.6692343,21.4880137],[106.6688924,21.4880312],[106.6685799,21.4880724],[106.6684511,21.4881173],[106.6683921,21.4881498],[106.6683143,21.4882658],[106.6682734,21.4883408],[106.6682366,21.4884243],[106.668213,21.4885351],[106.6680729,21.4894151],[106.6678491,21.4905704],[106.6676322,21.4918472],[106.6674874,21.4924387],[106.6674399,21.4925398],[106.6673917,21.4926221],[106.6673259,21.4927132],[106.6672125,21.4928595]]}},{"type":"Feature","properties":{"id":409},"geometry":{"type":"LineString","coordinates":[[106.6672125,21.4928595],[106.6671786,21.4929037],[106.6670068,21.4931272],[106.6669337,21.4932224],[106.6664613,21.493865],[106.6663885,21.4939835],[106.6663583,21.4940331],[106.666308,21.4941158],[106.6661297,21.4944498]]}},{"type":"Feature","properties":{"id":410},"geometry":{"type":"LineString","coordinates":[[106.8389162,21.2127748],[106.8389323,21.2128111]]}},{"type":"Feature","properties":{"id":411},"geometry":{"type":"LineString","coordinates":[[106.8314141,21.2135863],[106.8315724,21.2134988],[106.8320874,21.2133738],[106.8321772,21.2133762],[106.8322591,21.2133988],[106.8327906,21.2139715],[106.8330583,21.2141263],[106.8333566,21.2142554],[106.8336001,21.2143239],[106.833847,21.2143739],[106.8340038,21.2143714],[106.8341635,21.2143489],[106.8345926,21.2141989],[106.8346515,21.2141963],[106.8347066,21.2142126],[106.8347588,21.2142426],[106.8347857,21.2142814],[106.8347911,21.2143889],[106.8347776,21.214694],[106.8348306,21.2147646],[106.8348976,21.2148318],[106.8351867,21.215014],[106.8353274,21.2150684],[106.835479,21.2150903],[106.8356252,21.2150827],[106.835762,21.2150203],[106.8358934,21.2149015],[106.8359578,21.2147515],[106.8359874,21.214524],[106.8360181,21.2144514],[106.8360625,21.2144089],[106.8361416,21.2143864],[106.8364111,21.2143789],[106.8364836,21.2143514],[106.8365976,21.2142414],[106.8366793,21.2141851],[106.836804,21.2141463],[106.8370334,21.2141289],[106.837095,21.2141076],[106.8371461,21.2140439],[106.8372533,21.2138238],[106.8373096,21.213645],[106.8373365,21.2134926],[106.837374,21.2133987],[106.8374839,21.2132362],[106.8376074,21.2131037],[106.8377106,21.2130036],[106.8378139,21.2128624],[106.8379883,21.2125736],[106.8380445,21.2125048],[106.8381277,21.212451],[106.838219,21.2124286],[106.8384965,21.2124349],[106.8386306,21.212471],[106.8387326,21.2125173],[106.8387915,21.2125673],[106.8388364,21.2126376],[106.8389162,21.2127748]]}},{"type":"Feature","properties":{"id":412},"geometry":{"type":"LineString","coordinates":[[106.7625403,21.2171643],[106.7625698,21.2174119],[106.7625859,21.2175369],[106.762604,21.2176437],[106.7626128,21.2176957],[106.7626436,21.2178857],[106.7626503,21.2179895],[106.762653,21.2180857],[106.7626503,21.218222],[106.7626543,21.2183433],[106.7626668,21.2184357],[106.7626892,21.2185158],[106.7627335,21.2186358],[106.7627926,21.2187431],[106.7628297,21.2188085],[106.762877,21.2188921],[106.7629628,21.2190646],[106.7630419,21.2192747],[106.7631157,21.2195384],[106.7631881,21.2198372],[106.7632495,21.2201504],[106.7633888,21.2204514],[106.7634197,21.220493],[106.7635011,21.2206022],[106.7635542,21.2206736],[106.763718,21.22084],[106.7641041,21.2211324],[106.7641557,21.221163],[106.7643222,21.2213829],[106.7644347,21.2215227],[106.7645252,21.2216875],[106.7645976,21.2219],[106.7646168,21.2220886],[106.7646028,21.2223062]]}},{"type":"Feature","properties":{"id":413},"geometry":{"type":"LineString","coordinates":[[106.7674475,21.2144939],[106.7674892,21.214381],[106.7675045,21.2143396],[106.7676609,21.213963],[106.767725,21.2138085],[106.7677536,21.2137397],[106.7678332,21.2135969],[106.7679343,21.21349],[106.7680598,21.2133962],[106.7696059,21.212666],[106.7700602,21.2124514]]}},{"type":"Feature","properties":{"id":414},"geometry":{"type":"LineString","coordinates":[[106.7564477,21.2631857],[106.7564128,21.2632307]]}},{"type":"Feature","properties":{"id":415},"geometry":{"type":"LineString","coordinates":[[106.7564128,21.2632307],[106.7563096,21.2633869],[106.7560856,21.2636894],[106.755954,21.2638539],[106.7559099,21.2639118],[106.7558804,21.2639606],[106.7558555,21.2640203],[106.7558468,21.2640587],[106.7558388,21.2640818],[106.7558402,21.2641506],[106.7558496,21.2642318],[106.7558737,21.264323],[106.7559145,21.2644206],[106.7559542,21.2645155],[106.7560029,21.2646179],[106.7560856,21.2647917],[106.7562599,21.2651416],[106.7562961,21.2652291],[106.7564571,21.2655516],[106.7565134,21.2656153],[106.7566435,21.2657515],[106.7567709,21.2659028],[106.7570391,21.2661602],[106.7571183,21.266214],[106.757184,21.2662452],[106.7573462,21.266284]]}},{"type":"Feature","properties":{"id":416},"geometry":{"type":"LineString","coordinates":[[106.7538332,21.5294235],[106.7537481,21.5295039],[106.7536864,21.5295613]]}},{"type":"Feature","properties":{"id":417},"geometry":{"type":"LineString","coordinates":[[106.7388913,21.5235194],[106.7389177,21.5235389],[106.7391072,21.5236791],[106.7392078,21.5237153],[106.7393124,21.5237265],[106.7394308,21.5237199],[106.7395166,21.5237009],[106.7396195,21.5236441],[106.7397422,21.5235575],[106.739777,21.5235381],[106.7399501,21.523442],[106.7402573,21.523321],[106.7404892,21.5232499],[106.7408889,21.523112],[106.740992,21.5230764],[106.7410822,21.5230452],[106.7411323,21.5230278],[106.7413516,21.5229442],[106.7414464,21.5229283],[106.7415095,21.5229243],[106.7418283,21.5229279],[106.7418595,21.5229283],[106.7419172,21.5229502],[106.7419695,21.522977],[106.7420107,21.5230219],[106.7420717,21.5232599],[106.7420992,21.5233304],[106.7421569,21.5233996],[106.7422105,21.5234396],[106.7422649,21.5234708],[106.7423815,21.5234919],[106.7424533,21.5234819],[106.7425719,21.5234265],[106.7427622,21.5233113],[106.742864,21.5232423],[106.742991,21.5231726],[106.7433745,21.5230106],[106.7433932,21.5230035],[106.7434656,21.5229757],[106.7436978,21.5228869],[106.7437463,21.5228659],[106.7440237,21.5227459],[106.7442141,21.5226985],[106.7445159,21.522535],[106.744642,21.522439],[106.7448811,21.5222436],[106.7449928,21.5221524],[106.7452025,21.5219811],[106.7452605,21.5219395],[106.7456169,21.5216791],[106.745678,21.5216472],[106.7457792,21.5216118],[106.7459415,21.5215831],[106.746034,21.5215756],[106.7461367,21.5215803],[106.7462084,21.5215993],[106.7462801,21.5216266],[106.7463693,21.5216605],[106.746486,21.5217191],[106.7467985,21.5219038],[106.7470546,21.5220934],[106.7471498,21.5221508],[106.7472464,21.5221982],[106.7473228,21.5222431],[106.7473671,21.5223092],[106.7473778,21.5223666],[106.7473684,21.5224452],[106.7473738,21.5225151],[106.7473859,21.5226049],[106.7474408,21.5227072],[106.7475615,21.5228532],[106.7477533,21.5230316],[106.7481919,21.523437],[106.74857,21.5237714],[106.7488705,21.5241557],[106.7489845,21.5242941],[106.7491025,21.5243977],[106.7493224,21.5245723],[106.749659,21.5248718],[106.7499192,21.5250502],[106.7500506,21.5251437],[106.7500828,21.5252011],[106.7501163,21.5253408],[106.7501311,21.5254843],[106.7501713,21.5255467],[106.7502974,21.525639],[106.750453,21.5257713],[106.7505012,21.5258885],[106.75052,21.5260507],[106.7504811,21.5262042],[106.7503993,21.5263502],[106.7503832,21.526415],[106.7503738,21.5264649],[106.7503952,21.5265472],[106.7504288,21.5266121],[106.7504959,21.5267531],[106.7504892,21.5268317],[106.7504704,21.5268903],[106.7504342,21.5269739],[106.7503833,21.5270575],[106.750288,21.5272272],[106.7502625,21.5272808],[106.7502679,21.5273382],[106.7502961,21.5273868],[106.7503537,21.5274293],[106.7504446,21.5274426],[106.7505683,21.5274305],[106.7507239,21.5274193],[106.7508285,21.5274243],[106.7509223,21.5274605],[106.7510042,21.5275415],[106.7514601,21.5281079],[106.7515057,21.5281429],[106.7515795,21.5281678],[106.7516653,21.5281778],[106.7517753,21.528179],[106.751947,21.5281429],[106.7521951,21.5280655],[106.7523873,21.5279813],[106.7526551,21.527831],[106.7528857,21.5277012],[106.7529944,21.5276289],[106.7531244,21.5275889],[106.7532451,21.5275577],[106.7533699,21.5275752],[106.7534584,21.5276002],[106.7536046,21.5276651],[106.7538205,21.5277574],[106.7539814,21.5278472],[106.754204,21.5279907],[106.7542838,21.5280686],[106.7543763,21.5281685],[106.7544461,21.5282514],[106.7544924,21.5283182],[106.7545035,21.5283395],[106.7545118,21.5283553],[106.7545219,21.5283917],[106.7545205,21.5284273],[106.7544971,21.5284903],[106.7544763,21.528529],[106.7544119,21.5286344],[106.7543093,21.5287872],[106.7542161,21.5289332],[106.7541175,21.5290804],[106.7540404,21.5292013],[106.7539948,21.5292513],[106.7538332,21.5294235]]}},{"type":"Feature","properties":{"id":418},"geometry":{"type":"LineString","coordinates":[[106.7697166,21.5290798],[106.769789,21.5290386]]}},{"type":"Feature","properties":{"id":419},"geometry":{"type":"LineString","coordinates":[[106.7536864,21.5295613],[106.7535737,21.5296549],[106.7534275,21.5298223],[106.75339,21.5298857],[106.7533779,21.5299767],[106.7533846,21.5300865],[106.7534141,21.5301776],[106.7534503,21.5302325],[106.7535576,21.5303198],[106.7538969,21.5305094],[106.7542644,21.5306791],[106.7544039,21.5307203],[106.7544783,21.5307314],[106.754538,21.5307263],[106.7545581,21.5307246],[106.7546305,21.5307053],[106.7548236,21.5306055],[106.7549779,21.5305581],[106.7551348,21.5305394],[106.7553373,21.5305406],[106.7554794,21.5305818],[106.7555787,21.5306317],[106.7557624,21.5308088],[106.7559569,21.5310359],[106.7560638,21.5311794],[106.7561366,21.5312604],[106.7562157,21.5313216],[106.7562975,21.5313553],[106.7563967,21.5313652],[106.7564839,21.5313603],[106.7567615,21.5312816],[106.7569439,21.5312168],[106.757074,21.5311669],[106.7571813,21.5311145],[106.7573141,21.5310197],[106.7574361,21.5309161],[106.7575058,21.5308625],[106.757593,21.5308238],[106.7577513,21.5308051],[106.7580356,21.5307964],[106.7584942,21.5307639],[106.7585827,21.5307502],[106.7586592,21.5307115],[106.7587209,21.5306541],[106.7587611,21.5305868],[106.758796,21.5305069],[106.7588563,21.5304208],[106.7589261,21.5303522],[106.7591205,21.5302973],[106.7593324,21.5302462],[106.7596596,21.530205],[106.7597575,21.5302175],[106.7599279,21.530225],[106.7600124,21.5302013],[106.7601317,21.5301165],[106.7602108,21.5300279],[106.7602725,21.5299992],[106.7603248,21.5300042],[106.7603651,21.5300279],[106.7605823,21.5302574],[106.7606273,21.5302849],[106.7606736,21.5303067],[106.7607687,21.530326],[106.7608441,21.5303232],[106.7609122,21.5302961],[106.7610946,21.5301876],[106.7611992,21.5300815],[106.761269,21.5300229],[106.7613012,21.5300104],[106.7613528,21.5300111],[106.7614353,21.5300229],[106.7614782,21.5300397],[106.7616948,21.530177],[106.7618289,21.5302892],[106.7618932,21.5303485],[106.7619389,21.5304028],[106.7619704,21.5304483],[106.7620013,21.5305113],[106.7620287,21.5306747],[106.762071,21.5308138],[106.7620978,21.5308562],[106.7621675,21.5308899],[106.762366,21.5309261],[106.7626584,21.5309573],[106.762767,21.5309985],[106.7628099,21.5310421],[106.7628247,21.5311432],[106.762822,21.531248],[106.7628273,21.531369],[106.7628421,21.53146],[106.7628971,21.5316035],[106.7629708,21.5317307],[106.7630902,21.5318829],[106.7632243,21.5320239],[106.7636763,21.5323782],[106.7638493,21.5325005],[106.7640625,21.5326165],[106.7641819,21.5326489],[106.7643267,21.5326701],[106.7644836,21.5326651],[106.7646673,21.5326065],[106.7648806,21.5325304],[106.7649905,21.532498],[106.7650361,21.532498],[106.7650911,21.532498],[106.7651944,21.5325204],[106.765248,21.5325691],[106.7652856,21.5326327],[106.7652722,21.5328597],[106.7652601,21.5329932],[106.7652668,21.5330693],[106.7652816,21.5331304],[106.7653017,21.5331666],[106.7653419,21.5331991],[106.7653808,21.5332115],[106.7656702,21.5331964],[106.7660648,21.5331741],[106.7661385,21.5331492],[106.7661828,21.533108],[106.7662123,21.5330556],[106.766219,21.5329533],[106.766219,21.5328148],[106.7661975,21.5322809],[106.7662029,21.5320089],[106.7662337,21.5318979],[106.7662619,21.5318305],[106.7663249,21.5317557],[106.7664228,21.5316983],[106.7665704,21.5316546],[106.766687,21.5316422],[106.7667916,21.5316459],[106.7669539,21.5316671],[106.7669856,21.5316818],[106.7670904,21.5317301],[106.7671457,21.5317557],[106.7673723,21.5319104],[106.7674354,21.5319279],[106.7674997,21.5319403],[106.7675816,21.5319366],[106.7676392,21.5319129],[106.7677183,21.5318206],[106.7677385,21.5317582],[106.7677277,21.5317033],[106.7676982,21.5316522],[106.7675899,21.5315021],[106.7675735,21.5314713],[106.7675507,21.5313527],[106.7675413,21.5312542],[106.7675547,21.5311519],[106.7675883,21.5310671],[106.7676473,21.5309673],[106.7677519,21.5308887],[106.7678484,21.5308637],[106.7680563,21.5308774],[106.7682092,21.5308812],[106.7683326,21.530865],[106.7684278,21.530825],[106.7684975,21.5307727],[106.7685512,21.530699],[106.7686021,21.530593],[106.7686357,21.5305107],[106.7687068,21.5302549],[106.768747,21.5301103],[106.7687926,21.529963],[106.7688448,21.5298096],[106.7689455,21.5296624],[106.7691091,21.5295164],[106.7694215,21.5292769],[106.7697166,21.5290798]]}},{"type":"Feature","properties":{"id":420},"geometry":{"type":"LineString","coordinates":[[106.8071964,21.5327051],[106.8074056,21.532725]]}},{"type":"Feature","properties":{"id":421},"geometry":{"type":"LineString","coordinates":[[106.8074056,21.532725],[106.8075639,21.5327462],[106.8077865,21.5327737],[106.8080199,21.5328261],[106.8082519,21.5328884],[106.8083605,21.5329234],[106.8084651,21.5329758],[106.8086502,21.533083],[106.8088138,21.5331591],[106.8089077,21.5331953],[106.8090069,21.5332278],[106.8091665,21.5332614],[106.8092805,21.5332677],[106.8095501,21.5332352],[106.8098733,21.5331629],[106.8099792,21.5331304],[106.8103199,21.5330119],[106.810466,21.5329583],[106.8105935,21.5328872],[106.8109623,21.532614],[106.8111192,21.5324655],[106.8112774,21.5322647],[106.8114316,21.5321112],[106.8115298,21.5320204],[106.8116824,21.5318792],[106.8117794,21.531796],[106.8118637,21.5317237],[106.8119252,21.5316709],[106.8121639,21.5315012],[106.8123449,21.5313665],[106.8125179,21.5312517],[106.8126829,21.5311556],[106.8127835,21.531122],[106.8129256,21.5311057],[106.8130115,21.5310995],[106.8131107,21.5311045],[106.813226,21.5311257],[106.8133079,21.5311519],[106.8133736,21.5311819],[106.813453,21.5312519],[106.8134785,21.5312811],[106.8135975,21.5314176],[106.8136784,21.5315301],[106.8138617,21.5317819],[106.8139368,21.5318799],[106.8141407,21.5321487],[106.8141663,21.5321734],[106.8142775,21.5322809],[106.8148515,21.5328024],[106.8149534,21.5328797],[106.8150794,21.5329508],[106.8157795,21.5332689],[106.8158814,21.5332864],[106.8160598,21.5332914],[106.8161537,21.5333039],[106.8163736,21.5333675],[106.8165124,21.5334173],[106.8165962,21.5334473],[106.8171072,21.5336669],[106.8174881,21.5337717],[106.8178357,21.5338293],[106.8181412,21.533869],[106.8181618,21.5338663],[106.8182646,21.5338528],[106.8184523,21.5338203],[106.8186736,21.5337954],[106.8188909,21.5338415],[106.8190639,21.5338889],[106.8191229,21.5339276],[106.8191698,21.5339738],[106.8192154,21.5340524],[106.8192248,21.534111],[106.8192677,21.5345276],[106.8192905,21.5346349],[106.8193428,21.5347584],[106.819438,21.5349169],[106.8195064,21.5350042],[106.8195936,21.5350778],[106.819772,21.5351963],[106.819949,21.5352649],[106.820346,21.535527],[106.8203916,21.5355581],[106.8204814,21.5355918],[106.8205165,21.5355928],[106.8205686,21.5355942],[106.8206906,21.5355631],[106.8207358,21.5355387],[106.8209173,21.5354408],[106.8211882,21.5352849],[106.8212928,21.5352319],[106.8215919,21.5350803],[106.8217555,21.5350217],[106.8219566,21.5349718],[106.8220854,21.5349718],[106.8225977,21.5350042],[106.8226808,21.5349942],[106.8228407,21.5349446],[106.8232468,21.5348071],[106.8234131,21.5347722],[106.8235552,21.5347672],[106.8236142,21.5348046],[106.8237162,21.5348869],[106.8238637,21.5350815],[106.8239012,21.5351913],[106.8239361,21.535346],[106.8239965,21.5355107],[106.8240367,21.5355618],[106.8241158,21.535603],[106.8242123,21.535613],[106.8246271,21.5355488],[106.8252369,21.5354583],[106.8253,21.5354495],[106.8253711,21.5354757],[106.8256486,21.5355988],[106.8260686,21.5357851],[106.8264735,21.5359648]]}},{"type":"Feature","properties":{"id":422},"geometry":{"type":"LineString","coordinates":[[106.7957729,21.532387],[106.7958708,21.532458]]}},{"type":"Feature","properties":{"id":423},"geometry":{"type":"LineString","coordinates":[[106.7958708,21.532458],[106.7959888,21.5325267],[106.7961189,21.5325691],[106.7962289,21.5325928],[106.7964408,21.5326077],[106.7967632,21.5325762],[106.7968699,21.5325641],[106.7969406,21.5325472],[106.7970161,21.5325292],[106.7972119,21.5324543],[106.797248,21.5324342],[106.7974024,21.5323483],[106.797751,21.5321287],[106.7979455,21.5320127],[106.7983975,21.5317108],[106.7996688,21.5308201],[106.8000403,21.5305506],[106.8001369,21.5304608],[106.8002106,21.5304046],[106.8004212,21.5302786],[106.8006062,21.5301476],[106.8007833,21.5300079],[106.8009187,21.5298707],[106.8009871,21.5297721],[106.8010367,21.5296374],[106.8011199,21.5295326],[106.8012379,21.5294178],[106.8014418,21.5292519],[106.8015826,21.5291509],[106.8017837,21.5290086],[106.8020265,21.5288814],[106.802119,21.5288215],[106.8022048,21.5287828],[106.802524,21.5286032],[106.8027145,21.5285171],[106.8028405,21.5284784],[106.8029813,21.5284697],[106.8031007,21.5284834],[106.8032241,21.5285258],[106.8033743,21.5286344],[106.8034695,21.5287242],[106.803561,21.5288168],[106.8035983,21.5288876],[106.8036184,21.528955],[106.8036184,21.5290498],[106.8035996,21.5291833],[106.8035661,21.5293442],[106.8035191,21.5295363],[106.8034802,21.529716],[106.8034641,21.529827],[106.8034615,21.5299867],[106.8034722,21.5301277],[106.8035038,21.530258],[106.8035185,21.5302973],[106.8035553,21.5303485],[106.8037029,21.5304683],[106.8040596,21.530744],[106.8044981,21.531097],[106.80471,21.5313141],[106.8048643,21.5314887],[106.8050668,21.5316709],[106.805449,21.5319678],[106.8056703,21.5321275],[106.8059814,21.5323009],[106.8060909,21.5323575],[106.8062657,21.5324481],[106.8065259,21.5325703],[106.8067338,21.5326439],[106.806896,21.5326714],[106.8071964,21.5327051]]}},{"type":"Feature","properties":{"id":424},"geometry":{"type":"LineString","coordinates":[[106.4387615,21.3265585],[106.4391209,21.3266598]]}},{"type":"Feature","properties":{"id":425},"geometry":{"type":"LineString","coordinates":[[106.8264735,21.5359648],[106.8271387,21.5362641]]}},{"type":"Feature","properties":{"id":426},"geometry":{"type":"LineString","coordinates":[[106.8271387,21.5362641],[106.8275356,21.5364213],[106.8277396,21.5365059],[106.8277824,21.5365236],[106.8278736,21.5365436],[106.828056,21.5365685],[106.8282169,21.536581],[106.8283269,21.5365816],[106.8284449,21.5365823],[106.8285307,21.536596],[106.8287626,21.5366753],[106.8289706,21.5367456],[106.8293447,21.5368904],[106.8296385,21.5369902],[106.8297806,21.53706],[106.830022,21.5371873],[106.8302312,21.5372197],[106.8309152,21.5372871],[106.8310386,21.5373245],[106.8311834,21.5373819],[106.8315268,21.5375565],[106.8318433,21.5377125],[106.8319599,21.5377461],[106.8320726,21.5377474],[106.8321671,21.537735],[106.8324323,21.5376928],[106.8325561,21.5376732],[106.8327928,21.5376314],[106.8332224,21.5375914],[106.8336242,21.537554],[106.8339139,21.5375116],[106.8340185,21.5375141],[106.8341191,21.5375316],[106.8342827,21.5375752],[106.8344987,21.5376589],[106.8348889,21.537796],[106.8349774,21.5378023],[106.835137,21.5377711],[106.8354964,21.5376414],[106.8356252,21.5376264],[106.8357646,21.5376501],[106.8358867,21.5377125],[106.836006,21.537816],[106.8360833,21.5379392],[106.8361562,21.5380555],[106.8362193,21.5381216],[106.8363011,21.5381865],[106.8364889,21.5382937],[106.8366424,21.5383919],[106.8366994,21.5384285],[106.8367758,21.5385096],[106.8368858,21.5386194],[106.8369542,21.5387142],[106.83704,21.5387952],[106.8371352,21.5388302],[106.8372345,21.5388564],[106.8373445,21.5388751],[106.837559,21.5388776],[106.8377602,21.5388738],[106.838062,21.5388165],[106.838298,21.5387641],[106.8385407,21.5387541],[106.8386279,21.5387566],[106.8388277,21.5387803],[106.8388954,21.5388071],[106.8389162,21.5388408],[106.838931,21.5388863],[106.8388975,21.539273],[106.8389089,21.539326],[106.8389457,21.5393778],[106.8390276,21.5394321],[106.8391228,21.5394626],[106.8392073,21.5394726],[106.8392944,21.5394676],[106.839576,21.5394277],[106.8398523,21.539429],[106.8401273,21.5394414],[106.8402936,21.5394626],[106.8404022,21.5395113],[106.8405135,21.5395924],[106.8407857,21.5398069],[106.8408769,21.5398918],[106.8409252,21.5399292],[106.8409842,21.5399516],[106.8410996,21.5399791],[106.8412793,21.5400115],[106.8413343,21.5400352],[106.8413892,21.5400864],[106.8415287,21.540276],[106.8415931,21.5403234],[106.8416548,21.5403583],[106.8417191,21.5403795],[106.8417835,21.5403808],[106.8421108,21.5403234],[106.8421778,21.5403309],[106.8422422,21.5403483],[106.8422878,21.540382],[106.8423361,21.5404307],[106.8424326,21.5406028],[106.842505,21.5406826],[106.842843,21.5408972],[106.8429288,21.5409346],[106.8430254,21.5409596],[106.8431407,21.5409621],[106.8432614,21.5409795],[106.8432976,21.5409957],[106.8433231,21.5410344],[106.8433271,21.5410993],[106.8434089,21.5412689],[106.8434539,21.54134],[106.8435028,21.5413912],[106.8437844,21.5416207],[106.8439507,21.5417405],[106.844109,21.5418827],[106.8443142,21.5421072],[106.8445435,21.5424153],[106.844624,21.5425301],[106.8447058,21.5426099],[106.8450826,21.5429056],[106.8451095,21.5429411],[106.8451376,21.5429904],[106.8451497,21.5430789],[106.8451363,21.5431463],[106.8450397,21.5432748],[106.8448506,21.5435617],[106.8448171,21.543649],[106.8448144,21.5437563],[106.8448788,21.544138],[106.8449351,21.5443438],[106.8449727,21.5444374],[106.845037,21.5445484],[106.8451899,21.5447368],[106.8453026,21.544864],[106.8453938,21.5449862],[106.8454689,21.5451309],[106.8455011,21.5452781],[106.8454823,21.545555],[106.8454689,21.5458195],[106.8455037,21.546286],[106.8454796,21.5468349],[106.8454179,21.5471592],[106.8453321,21.5475284],[106.845324,21.547607],[106.8453321,21.5476756],[106.8454394,21.5480249],[106.8454353,21.5480985],[106.8454099,21.5481596],[106.8451028,21.5484377],[106.845033,21.5485338],[106.8450022,21.5486236],[106.8449995,21.5487309],[106.8450142,21.5488207],[106.8450505,21.548923],[106.8451001,21.5490165],[106.8452007,21.5491562],[106.8452395,21.5492411],[106.8452516,21.5493309],[106.8452167,21.5497837],[106.8451913,21.5499994],[106.845202,21.550098],[106.8452302,21.5502127],[106.8454286,21.5506368],[106.8454742,21.5509237],[106.8455413,21.5515549],[106.845544,21.5520339],[106.8455252,21.5522384],[106.8455252,21.5523233],[106.8455373,21.5523588],[106.8455735,21.5524156],[106.8456251,21.5524842],[106.8457103,21.5525677],[106.8459222,21.5527349],[106.8459383,21.5527555],[106.8459517,21.5527873],[106.845955,21.5528091],[106.845949,21.5528446],[106.8459255,21.5528945],[106.8457639,21.5531216],[106.845721,21.5532014],[106.8456942,21.5533311],[106.8456915,21.5536279],[106.8456995,21.55386],[106.8457304,21.5541044],[106.8457612,21.5542217],[106.8458095,21.5543103],[106.8458632,21.5543664],[106.8459785,21.5544437],[106.8460777,21.5545235],[106.8461113,21.5545797],[106.8461166,21.5546483],[106.8460992,21.5547368],[106.8460509,21.5548104],[106.8459061,21.555232],[106.8459128,21.5554591],[106.8459383,21.5555177],[106.8459705,21.5555838],[106.8460536,21.5556661],[106.84624,21.5558282]]}},{"type":"Feature","properties":{"id":427},"geometry":{"type":"LineString","coordinates":[[106.4434198,21.3278634],[106.443505,21.3278872]]}},{"type":"Feature","properties":{"id":428},"geometry":{"type":"LineString","coordinates":[[106.4391209,21.3266598],[106.4393056,21.3267146],[106.439479,21.326766],[106.4399156,21.3268805],[106.4406268,21.3270671],[106.4409348,21.3271479],[106.4412359,21.3272269],[106.4419539,21.3274362],[106.4434198,21.3278634]]}},{"type":"Feature","properties":{"id":429},"geometry":{"type":"LineString","coordinates":[[106.8823949,21.3065127],[106.8822916,21.3066726]]}},{"type":"Feature","properties":{"id":430},"geometry":{"type":"LineString","coordinates":[[106.7025258,21.5100652],[106.7026288,21.510086]]}},{"type":"Feature","properties":{"id":431},"geometry":{"type":"LineString","coordinates":[[106.701119,21.5099377],[106.7011446,21.5099374],[106.7012425,21.5099325],[106.7014235,21.5099338],[106.7016153,21.50993],[106.7017722,21.509935],[106.7018351,21.5099413],[106.7019224,21.50995],[106.7021038,21.5099815],[106.7024294,21.5100384],[106.7025149,21.5100622],[106.7025258,21.5100652]]}},{"type":"Feature","properties":{"id":432},"geometry":{"type":"LineString","coordinates":[[106.7060101,21.5097764],[106.7061493,21.509713]]}},{"type":"Feature","properties":{"id":433},"geometry":{"type":"LineString","coordinates":[[106.7047062,21.5102703],[106.7047328,21.5102622],[106.705007,21.5101958],[106.7052054,21.5101409],[106.705365,21.510091],[106.7055085,21.5100311],[106.7056561,21.5099637],[106.7060101,21.5097764]]}},{"type":"Feature","properties":{"id":434},"geometry":{"type":"LineString","coordinates":[[106.7046546,21.5102863],[106.7047062,21.5102703]]}},{"type":"Feature","properties":{"id":435},"geometry":{"type":"LineString","coordinates":[[106.7026288,21.510086],[106.7026634,21.5100897],[106.7026909,21.5100947],[106.7027968,21.5101334],[106.702837,21.5101571],[106.7029095,21.510207],[106.7029309,21.510225],[106.7030255,21.5103046],[106.703112,21.5103992],[106.7032501,21.5105015],[106.7034325,21.5105751],[106.7035478,21.5105988],[106.7036028,21.5105951],[106.7036819,21.5105851],[106.7037933,21.5105452],[106.7040092,21.510474],[106.7041607,21.5104279],[106.7043947,21.5103586],[106.7044933,21.5103355],[106.7046546,21.5102863]]}},{"type":"Feature","properties":{"id":436},"geometry":{"type":"LineString","coordinates":[[106.7009675,21.5099425],[106.701119,21.5099377]]}},{"type":"Feature","properties":{"id":437},"geometry":{"type":"LineString","coordinates":[[106.6582876,21.5117131],[106.6583405,21.5117167],[106.6584572,21.5117417],[106.6595019,21.5119276],[106.6601288,21.5120538],[106.6603897,21.5121098],[106.6605757,21.5121407],[106.6607371,21.5121721],[106.6610683,21.5122438],[106.6612199,21.5122645],[106.6614251,21.5122712],[106.6614921,21.5122733],[106.661691,21.5122798],[106.6620796,21.5122836],[106.662282,21.5122882],[106.6625793,21.5123095],[106.662796,21.5123085],[106.6628627,21.5122982],[106.6629311,21.5122707],[106.6629995,21.5122333],[106.6630518,21.5121859],[106.6631806,21.5120187],[106.663253,21.5118964],[106.663308,21.5118428],[106.6633818,21.5117959],[106.6635966,21.5117308],[106.6636446,21.5117043],[106.6636902,21.5116556],[106.663716,21.5115963],[106.6637463,21.5115014],[106.6637672,21.5113757],[106.6637935,21.5112825],[106.663827,21.5112276],[106.6639101,21.5111278],[106.6641168,21.5109127],[106.6642079,21.5108271],[106.6642964,21.5107959],[106.6643992,21.5107808],[106.6644841,21.5108009],[106.6645665,21.5108561],[106.6646799,21.5109606],[106.6648721,21.5111231],[106.6649967,21.5112273],[106.6651145,21.5112963],[106.6655222,21.5114872],[106.6657931,21.5116019],[106.6660763,21.5117567],[106.6661417,21.5117916],[106.6662289,21.5118515],[106.6663402,21.5119501],[106.6665732,21.5121803],[106.6666997,21.5123033],[106.6667493,21.5123431],[106.6668096,21.512378],[106.666874,21.5123917],[106.6669571,21.5124017],[106.6670389,21.512398],[106.6671489,21.5123842],[106.6672589,21.5123531],[106.6676505,21.512216],[106.6678879,21.5121559],[106.6680434,21.512136],[106.6681326,21.5121354],[106.6684002,21.5121335],[106.6685893,21.5121249],[106.6686644,21.512126],[106.6687623,21.5121147],[106.6689286,21.5120798],[106.6690774,21.5120561],[106.6692545,21.5120563],[106.6693591,21.5120673],[106.6694718,21.5120887],[106.669583,21.512121],[106.6696487,21.512136],[106.6697386,21.5121434],[106.670039,21.512126],[106.6703394,21.5121048],[106.6706746,21.5120918],[106.6706988,21.512091],[106.6708182,21.512101],[106.6709657,21.5121286],[106.6711092,21.5121734],[106.6711789,21.5122008],[106.6713533,21.5122495],[106.6715397,21.5122707],[106.6716403,21.5122707],[106.6719165,21.5122295],[106.6721271,21.5121834],[106.6722326,21.5121543],[106.6723325,21.5121267],[106.67263,21.5120312],[106.6729023,21.5119615],[106.673141,21.5118952],[106.6732724,21.5118477],[106.6733367,21.5118157],[106.6734079,21.5117804],[106.6735607,21.5116818],[106.6736519,21.5116182],[106.6737418,21.511587],[106.6738666,21.5115897],[106.6740382,21.5116269],[106.6745827,21.5117891],[106.674761,21.511839],[106.6748656,21.5118552],[106.6751426,21.511854],[106.6754208,21.5118452],[106.6755751,21.5118477],[106.6761048,21.5118428],[106.676365,21.5118365],[106.676483,21.5118153],[106.676652,21.5117769],[106.6769242,21.511703],[106.677568,21.5115633],[106.6780152,21.5114079],[106.6785215,21.5112364],[106.6790528,21.5110832],[106.6792604,21.5110517],[106.6795635,21.5109706],[106.6796789,21.5109245],[106.6799645,21.5107885],[106.680053,21.5107348],[106.6801295,21.5106749],[106.6801912,21.5106075],[106.680281,21.5104491],[106.6803387,21.5103929],[106.6804259,21.510342],[106.6804849,21.5103318],[106.6805935,21.5103281],[106.6807987,21.5103343],[106.6808979,21.5103443],[106.6811112,21.5103455],[106.6814129,21.5103031],[106.6815443,21.5102732],[106.6816986,21.5102569],[106.6820714,21.5102619],[106.682272,21.5102299],[106.6824,21.5101821],[106.6824992,21.5101509],[106.68264,21.5101173],[106.6828962,21.5101072],[106.6831255,21.5101359],[106.6833682,21.510202],[106.6835868,21.5102657],[106.6837518,21.5103031],[106.6839355,21.510317],[106.6840978,21.5103106],[106.6842426,21.5102956],[106.684484,21.5102806],[106.6845618,21.5102781],[106.6846342,21.5102707],[106.6850956,21.5102095],[106.6852082,21.5101995],[106.6852968,21.5102085],[106.6854107,21.510237],[106.6855046,21.5102831],[106.6857219,21.5104428],[106.6858023,21.5104977],[106.6859257,21.51059],[106.6860156,21.5106138],[106.6860894,21.5106127],[106.6861832,21.5106038],[106.6870067,21.5103792],[106.6871126,21.5103281],[106.687244,21.5102482],[106.687299,21.5102083],[106.6873634,21.5101683],[106.6874721,21.5101261],[106.6879682,21.509975],[106.6882378,21.5098477],[106.6883545,21.5097778],[106.688498,21.5097067],[106.6886187,21.5096306],[106.6887702,21.5095617],[106.689135,21.509421],[106.6892423,21.509406],[106.6893711,21.5094099],[106.6894971,21.5094359],[106.6897774,21.5095158],[106.6900121,21.5095932],[106.6901971,21.5096693],[106.6909696,21.5099826],[106.6910568,21.5100074],[106.6911574,21.5100136],[106.6912725,21.5099998],[106.6917891,21.5098863],[106.692233,21.5098737],[106.6925354,21.5098427],[106.6927171,21.509814],[106.6933177,21.5096628],[106.6934761,21.5096347],[106.6936317,21.5096258],[106.6943072,21.5096178],[106.6947732,21.5097343],[106.6952131,21.5098072],[106.6960231,21.5099688],[106.6961586,21.5099773],[106.6962823,21.509954],[106.6963904,21.5099086],[106.6968573,21.5096529],[106.6970274,21.5096115],[106.6971537,21.5096006],[106.6972613,21.5096124],[106.6978746,21.5098024],[106.6979722,21.5098168],[106.6980379,21.5098177],[106.6981318,21.5098065],[106.6984007,21.5097947],[106.6984915,21.5098037],[106.698569,21.5098221],[106.6989136,21.5099325],[106.6990672,21.509955],[106.6991805,21.5099519],[106.6994568,21.5099113],[106.69955,21.5099075],[106.6998853,21.5099531],[106.6999814,21.5099759],[106.7001528,21.5100342],[106.7002487,21.5100573],[106.7003486,21.5100561],[106.7005997,21.5100018],[106.7007986,21.50996],[106.7009675,21.5099425]]}},{"type":"Feature","properties":{"id":438},"geometry":{"type":"LineString","coordinates":[[106.4747666,21.275684],[106.474647,21.2756736],[106.4744697,21.2756583],[106.4744337,21.2756553],[106.4739289,21.2756246],[106.4728418,21.2755144],[106.4725711,21.2754896],[106.4720616,21.2754428],[106.471715,21.2753665],[106.4715996,21.2753883],[106.4714112,21.2753498],[106.4711568,21.2752995],[106.4707262,21.2752143],[106.4705698,21.2751846],[106.4703594,21.2751396],[106.469619,21.2749747],[106.4694718,21.2749371],[106.4693937,21.2749172],[106.4692286,21.2748878],[106.469155,21.2748747],[106.4690559,21.2748611],[106.4686653,21.2748087],[106.4684327,21.2747881],[106.4683335,21.2747756],[106.4680365,21.274756],[106.4679074,21.2747514],[106.4674293,21.2747152],[106.4673999,21.2747135],[106.4673228,21.2747107],[106.4672481,21.274708],[106.4669421,21.2746968],[106.4668567,21.2746904],[106.4667181,21.2746829],[106.466339,21.2746589],[106.4661383,21.2746468],[106.4660309,21.274637],[106.4659256,21.2746273],[106.4655179,21.2745885],[106.4653328,21.2745682],[106.4652335,21.2745573],[106.4650378,21.2745148],[106.464913,21.2744935],[106.4645469,21.2744173],[106.4643909,21.2743678],[106.4642128,21.2743233],[106.4640588,21.2742848],[106.4636993,21.2741699],[106.4634441,21.2740952],[106.4630627,21.2739582],[106.4627967,21.2738262],[106.4625097,21.2737012],[106.46209,21.27349],[106.4616622,21.2732751],[106.4614101,21.2731314],[106.4611915,21.2730289],[106.4611123,21.2729876],[106.4609098,21.2728764],[106.4601143,21.2724022],[106.4597659,21.2721991],[106.4590095,21.2717654],[106.4588777,21.2716616],[106.4585522,21.2714968],[106.4584556,21.2714542],[106.4583095,21.2714067],[106.458056,21.2713555],[106.4578038,21.271318],[106.4568658,21.271195],[106.4551498,21.2709981],[106.454343,21.2709209],[106.4539924,21.2708806],[106.4538731,21.2708843],[106.4537723,21.2709022],[106.4537061,21.2709274],[106.4536506,21.2709592],[106.4535752,21.2710277],[106.4534426,21.2713167],[106.4533509,21.2714848],[106.4530236,21.2722023],[106.4528176,21.2726615],[106.4526433,21.2730626],[106.4522852,21.2738424],[106.4520572,21.2743423],[106.4519411,21.2746054],[106.4519052,21.2746866],[106.451437,21.2756719],[106.451418,21.2757375],[106.4511138,21.2764304],[106.4507993,21.2771104],[106.4506933,21.2773429],[106.4504801,21.277834],[106.4502883,21.2781926],[106.4499935,21.2786612],[106.4499797,21.2786921],[106.4499181,21.2787762],[106.4497525,21.2790545],[106.4496647,21.2791661],[106.449485,21.2794395],[106.4488546,21.2803983],[106.4481224,21.2814818],[106.4476606,21.2822418],[106.4475055,21.2824415],[106.4474396,21.2825279],[106.4473031,21.2827069],[106.4472158,21.2828214],[106.4470816,21.2829719],[106.4467491,21.283345],[106.4462596,21.2838573],[106.4453758,21.2847888],[106.445349,21.2848171],[106.4448673,21.2853033],[106.4447696,21.2854019],[106.444535,21.2856131],[106.4442909,21.2857868],[106.4434755,21.2861404],[106.4430347,21.2863361],[106.442489,21.2866251],[106.4424733,21.2866358],[106.4421616,21.2867956],[106.44183,21.2869626],[106.4415497,21.2870826],[106.441234,21.287196],[106.4403533,21.2874683],[106.4398364,21.2876406]]}},{"type":"Feature","properties":{"id":439},"geometry":{"type":"LineString","coordinates":[[106.484749,21.2751909],[106.4843314,21.2749526],[106.4842102,21.2748834],[106.4840466,21.274826],[106.4839487,21.2748085],[106.4838669,21.2748123],[106.4835196,21.2748973],[106.4828876,21.27504],[106.4823212,21.2751755],[106.4821892,21.2752071],[106.4818476,21.2752888],[106.4816341,21.2753387],[106.4806858,21.2755533],[106.4805262,21.2756246],[106.4803022,21.2756933],[106.4800078,21.2757345],[106.4793163,21.2758411],[106.479173,21.2758632],[106.4787087,21.2759408],[106.4783069,21.2759805],[106.4778994,21.2759451],[106.4778065,21.2759371],[106.4773258,21.2758954],[106.4768395,21.2758532],[106.4766289,21.2758333],[106.4764469,21.2758161],[106.4760572,21.2757798],[106.4758635,21.2757618],[106.475772,21.2757532],[106.4753596,21.2757109],[106.4747666,21.275684]]}},{"type":"Feature","properties":{"id":440},"geometry":{"type":"LineString","coordinates":[[106.7757583,21.3800912],[106.7757127,21.3802036],[106.7756188,21.3804222],[106.7755632,21.3805407],[106.7754431,21.3807968],[106.7753264,21.3809179]]}},{"type":"Feature","properties":{"id":441},"geometry":{"type":"LineString","coordinates":[[106.7646028,21.2223062],[106.7645895,21.2223838]]}},{"type":"Feature","properties":{"id":442},"geometry":{"type":"LineString","coordinates":[[106.5069288,21.3515087],[106.507064,21.3515843]]}},{"type":"Feature","properties":{"id":443},"geometry":{"type":"LineString","coordinates":[[106.5016754,21.3477496],[106.5018055,21.3478034],[106.50215,21.3479201],[106.502189,21.3479333],[106.5027228,21.3481256],[106.5028058,21.3481549],[106.5028842,21.3481826],[106.5030748,21.3483308],[106.503219,21.3484429],[106.5040424,21.3491174],[106.5044186,21.349454],[106.5046619,21.3496717],[106.5048003,21.3497955],[106.5049237,21.3499059],[106.505194,21.3501457],[106.5053787,21.3503096],[106.5059806,21.3508437],[106.5063733,21.3511634],[106.5067866,21.3514203],[106.5069288,21.3515087]]}},{"type":"Feature","properties":{"id":444},"geometry":{"type":"LineString","coordinates":[[106.5015963,21.3477209],[106.5016754,21.3477496]]}},{"type":"Feature","properties":{"id":445},"geometry":{"type":"LineString","coordinates":[[106.5123197,21.3516468],[106.5124498,21.3516742]]}},{"type":"Feature","properties":{"id":446},"geometry":{"type":"LineString","coordinates":[[106.507064,21.3515843],[106.5071855,21.3516548],[106.5074366,21.3518004],[106.5075481,21.3518429],[106.5076822,21.3518603],[106.508688,21.3516605],[106.5102252,21.3513672],[106.5104178,21.3513599],[106.5107265,21.3513482],[106.5112607,21.3514422],[106.5118172,21.3515525],[106.5121808,21.3516207],[106.5123197,21.3516468]]}},{"type":"Feature","properties":{"id":447},"geometry":{"type":"LineString","coordinates":[[106.4325871,21.2899223],[106.4324918,21.2899448]]}},{"type":"Feature","properties":{"id":448},"geometry":{"type":"LineString","coordinates":[[106.4398364,21.2876406],[106.4390885,21.2878841],[106.4387096,21.2880074],[106.4383966,21.288109],[106.4383712,21.2881172],[106.4362775,21.2887969],[106.4346863,21.2893135],[106.4341633,21.2894774],[106.4339071,21.2895579],[106.4336881,21.2896268],[106.4332346,21.2897523],[106.4331394,21.2897773],[106.432631,21.2899108],[106.4325871,21.2899223]]}},{"type":"Feature","properties":{"id":449},"geometry":{"type":"LineString","coordinates":[[106.5580321,21.2822158],[106.5578999,21.2823128]]}},{"type":"Feature","properties":{"id":450},"geometry":{"type":"LineString","coordinates":[[106.8068154,21.2104387],[106.8069484,21.2104606],[106.8070838,21.2104657],[106.8073386,21.2104619],[106.807604,21.2104938]]}},{"type":"Feature","properties":{"id":451},"geometry":{"type":"LineString","coordinates":[[106.0634749,21.5553306],[106.0630953,21.5558532],[106.0629946,21.5559441],[106.0629167,21.5559926],[106.0627307,21.5561085],[106.0625457,21.5562237],[106.0622458,21.5564105],[106.0620399,21.5565387],[106.0620179,21.5565524],[106.0615296,21.5568614],[106.061297,21.5570085],[106.0611218,21.5571194],[106.0610789,21.5571466],[106.060826,21.5573066],[106.060664,21.5573954],[106.0606273,21.5574183],[106.0600836,21.5576854],[106.0597874,21.5578308],[106.0596541,21.5578963],[106.0590067,21.5582017],[106.0587319,21.5583421],[106.0585116,21.5584551],[106.0583311,21.5585478],[106.0574819,21.5589837],[106.0573921,21.5590299],[106.0561162,21.5596849],[106.0559714,21.5597497],[106.0549101,21.5601408],[106.0546193,21.560248],[106.0545704,21.560266],[106.0545188,21.560285],[106.0543086,21.5603625],[106.0542387,21.5603883],[106.0537451,21.560533],[106.0528389,21.5606985],[106.0520006,21.5608643],[106.0519529,21.5608721],[106.0519164,21.560878],[106.0507332,21.5609896],[106.0500196,21.5610569],[106.0499888,21.5610583],[106.0493945,21.5611235],[106.048253,21.5612489],[106.0481372,21.561247],[106.0479183,21.5612135],[106.0478959,21.5612101],[106.0478558,21.561204],[106.0476399,21.561171],[106.047133,21.5610935],[106.0464985,21.5609966],[106.0460984,21.5609754],[106.0460339,21.5609613],[106.0457911,21.5609031],[106.0457529,21.5608988],[106.0456185,21.5608837],[106.0454488,21.5608743],[106.0452354,21.5608625],[106.0451088,21.5608452],[106.0450119,21.560832],[106.0448219,21.5608061],[106.0446513,21.5607426],[106.0443147,21.5605535],[106.0442871,21.560538],[106.0441676,21.5604939],[106.0440386,21.5604815],[106.0438893,21.5604846],[106.0435322,21.5605062],[106.0433767,21.5605274],[106.0427698,21.5607073],[106.0423393,21.5608621],[106.0422008,21.5609119],[106.0420794,21.5609719],[106.0417592,21.5612232],[106.0409038,21.5620302],[106.0408692,21.5620633],[106.040398,21.5625148],[106.0400149,21.5627606],[106.0399199,21.5627901],[106.0393452,21.5628381],[106.0387495,21.5628879],[106.0383922,21.5629178],[106.0378438,21.5629702],[106.0377675,21.5629775],[106.037551,21.5629982],[106.0369203,21.5630585],[106.0368794,21.5630624],[106.0362974,21.5631024],[106.0360857,21.5630991],[106.0357246,21.5630935],[106.0356679,21.5630926],[106.0355296,21.563102],[106.0343516,21.5631822],[106.0341033,21.5631772],[106.0340121,21.5631641],[106.0338924,21.5631412],[106.0336795,21.5631048],[106.0332477,21.5630874],[106.0331002,21.5631048],[106.0330629,21.5631155],[106.0329567,21.563146],[106.0325773,21.5633442],[106.0319392,21.5636776],[106.0318074,21.5637465],[106.0317188,21.5637858],[106.0310832,21.5640128],[106.0305228,21.5642349],[106.0304598,21.5642598],[106.0303624,21.5643099],[106.030047,21.5645439],[106.030013,21.5645691],[106.0299392,21.5646477],[106.029634,21.5650167],[106.0289499,21.565844],[106.0286453,21.5662182],[106.0285008,21.5663958],[106.0284808,21.5664204],[106.0281887,21.5667626],[106.0273979,21.5675685],[106.0273012,21.5676522],[106.0272081,21.5677169],[106.0266258,21.5680573],[106.0261309,21.5683448],[106.0260084,21.5684305],[106.025909,21.5685123],[106.0254955,21.569015],[106.0252603,21.5692567],[106.0251996,21.5693431],[106.0248889,21.5699306],[106.0248697,21.5699545],[106.0248507,21.569978],[106.0247767,21.5700257],[106.0242543,21.5701416],[106.0241925,21.5701685],[106.0241186,21.5702179],[106.0238644,21.5705178],[106.022772,21.5721545],[106.0227113,21.5722568],[106.0225596,21.572539],[106.0225299,21.5726092],[106.0224268,21.572853],[106.0223664,21.5729655],[106.0218426,21.5735724],[106.0208301,21.5746522],[106.0207841,21.5747247],[106.0206735,21.5750106],[106.0206685,21.57505],[106.0206695,21.5756366],[106.02067,21.575896],[106.02067,21.5759284],[106.0206705,21.5761935],[106.0206079,21.5773593],[106.0205681,21.5774563],[106.0203803,21.57777],[106.0200961,21.5781439],[106.0199869,21.5782331],[106.0196945,21.5783479],[106.0192955,21.5784419],[106.0191839,21.5784311],[106.0186171,21.5781488],[106.0185385,21.5781259],[106.0181764,21.5781334],[106.0180081,21.5781675],[106.0175638,21.5782575],[106.0174652,21.5782643],[106.0173679,21.578271],[106.0171694,21.5782306],[106.0169037,21.5781055],[106.0166877,21.5779466],[106.0165962,21.5778388],[106.0163747,21.577578],[106.0160506,21.5772237],[106.0158938,21.5771132],[106.0158445,21.5770941],[106.0157141,21.5770434],[106.0154921,21.577023]]}},{"type":"Feature","properties":{"id":452},"geometry":{"type":"LineString","coordinates":[[106.1031702,21.2117196],[106.1032008,21.2118501],[106.1033127,21.2123273],[106.1038166,21.2139901],[106.1043597,21.2157437],[106.1044447,21.2160164],[106.104635,21.2166266],[106.1051064,21.2181694],[106.1052275,21.2185658],[106.1055467,21.219571],[106.1058601,21.2206198],[106.1060644,21.2213371],[106.1062309,21.2219573],[106.1063782,21.2224538],[106.1065095,21.2228364],[106.1066157,21.2232136],[106.1068108,21.2237682],[106.1071141,21.224761],[106.1071685,21.2249191],[106.1076012,21.226156],[106.107652,21.2263088],[106.1077906,21.2266609],[106.1078971,21.2269474],[106.1084596,21.2282053],[106.1086784,21.2287629],[106.1087883,21.2289749],[106.1092615,21.2299871],[106.1097475,21.2309126],[106.1103809,21.2321123],[106.110503,21.2322735],[106.1120239,21.2346319],[106.1127696,21.2356133],[106.1129345,21.2358302],[106.1133093,21.2363235],[106.1134049,21.2364411],[106.1147654,21.2381274],[106.11498,21.2383974],[106.115245,21.2386851],[106.1161655,21.2396324],[106.1168021,21.2402822],[106.1169004,21.2403825],[106.1171964,21.2406677],[106.1179304,21.2412824],[106.1185863,21.241827],[106.1186922,21.2419274],[106.1188387,21.24205],[106.1198026,21.2428153],[106.1204811,21.2433299],[106.1209639,21.2436699],[106.1214753,21.2440143],[106.1215197,21.2440442],[106.1216425,21.244126],[106.1219466,21.2443523],[106.1221227,21.2444652],[106.1222594,21.2445574],[106.1223328,21.2446167],[106.122419,21.244693],[106.1224993,21.2448694]]}},{"type":"Feature","properties":{"id":453},"geometry":{"type":"LineString","coordinates":[[106.6581354,21.5110592],[106.6581703,21.5112464]]}},{"type":"Feature","properties":{"id":454},"geometry":{"type":"LineString","coordinates":[[106.6612992,21.5018815],[106.6612159,21.5020244],[106.6611649,21.5021117],[106.6611314,21.5021859],[106.6610764,21.5023277],[106.660859,21.5030047],[106.660683,21.5035529],[106.6606405,21.5036914],[106.6606191,21.5037575],[106.6604527,21.5042681],[106.6603535,21.5045723],[106.6603314,21.5046439],[106.6600355,21.5056005],[106.6599498,21.5058378],[106.6598788,21.5060222],[106.6597643,21.5062646],[106.6595401,21.5066758],[106.6594109,21.5069126],[106.6590977,21.5074234],[106.6590205,21.5075494],[106.6588233,21.5078538],[106.6586695,21.5082352],[106.6586396,21.5083355],[106.6586262,21.5084303],[106.6586266,21.5085002],[106.6586267,21.5085297],[106.6586301,21.5085951],[106.6586423,21.5088296],[106.6586395,21.5089019],[106.65863,21.5091458],[106.6586128,21.5092862],[106.6585689,21.5093991],[106.658482,21.5095611],[106.6581748,21.5100954],[106.6581355,21.5101648],[106.6580871,21.5102744],[106.6580724,21.5103987],[106.6580763,21.5106113],[106.6580952,21.5108017],[106.6581354,21.5110592]]}},{"type":"Feature","properties":{"id":455},"geometry":{"type":"LineString","coordinates":[[106.2253842,21.2664941],[106.2249957,21.266235],[106.2240707,21.2656183],[106.2240514,21.2656051],[106.2233096,21.2651004],[106.2232444,21.265056],[106.2223461,21.2644446],[106.2222501,21.2643792],[106.2218367,21.2641081],[106.2205312,21.2632093],[106.2195173,21.2625172],[106.2182506,21.261654],[106.2159897,21.260139],[106.2152718,21.259658],[106.215144,21.2595724],[106.2139225,21.2587111],[106.2137997,21.2586274],[106.2136355,21.2585167]]}},{"type":"Feature","properties":{"id":456},"geometry":{"type":"LineString","coordinates":[[106.2257392,21.2667379],[106.2253842,21.2664941]]}},{"type":"Feature","properties":{"id":457},"geometry":{"type":"LineString","coordinates":[[106.2426145,21.2763839],[106.2423646,21.2763585],[106.2409287,21.2761761],[106.240613,21.2761221],[106.2403402,21.2760542],[106.240053,21.2759615],[106.2398171,21.2758558],[106.2386419,21.275236],[106.238346,21.275072],[106.2378198,21.2746614],[106.2351378,21.2724873],[106.2351318,21.272482],[106.2335262,21.2714291],[106.233017,21.2710913],[106.233014,21.2710894],[106.2328033,21.270953],[106.2309238,21.2698492],[106.2295487,21.2690413],[106.229504,21.269015],[106.2292613,21.268872],[106.2267032,21.2673647],[106.2264658,21.2672157],[106.2262417,21.2670757],[106.2257392,21.2667379]]}},{"type":"Feature","properties":{"id":458},"geometry":{"type":"LineString","coordinates":[[106.2593544,21.2862895],[106.259145,21.2859114],[106.258987,21.2856977],[106.2586985,21.2853996],[106.2578334,21.2846528],[106.2575896,21.284443],[106.2575467,21.2844061],[106.2573458,21.2842332],[106.2565648,21.2834742],[106.2558874,21.282805],[106.2553589,21.2821208],[106.2550934,21.2817206],[106.2549047,21.2814202],[106.2543627,21.2805645],[106.2540424,21.2799949],[106.2538389,21.2797422],[106.253662,21.2795285],[106.2534348,21.2793442],[106.2531579,21.2791465],[106.2528556,21.2789759],[106.2526437,21.2788919],[106.252291,21.2787762],[106.252227,21.2787568],[106.2519584,21.2786752],[106.248672,21.2778102],[106.2453333,21.2768211],[106.2450235,21.2767519]]}},{"type":"Feature","properties":{"id":459},"geometry":{"type":"LineString","coordinates":[[106.2426145,21.2763839],[106.2437866,21.2765254],[106.2443288,21.2766128],[106.2445677,21.2766581],[106.2450235,21.2767519]]}},{"type":"Feature","properties":{"id":460},"geometry":{"type":"LineString","coordinates":[[106.2426386,21.2762739],[106.2441605,21.2764806],[106.2447421,21.2765669],[106.2450162,21.276623],[106.2450765,21.2766365],[106.2453914,21.2767066],[106.2454357,21.2767159],[106.2487927,21.2777003],[106.2505066,21.2781527],[106.2513274,21.2783651],[106.2522177,21.2786082],[106.2525707,21.2787139],[106.2528556,21.2788251],[106.2531251,21.2789538],[106.2534044,21.279137],[106.2536604,21.2793414],[106.2538473,21.2795205],[106.2540354,21.2797349],[106.2542099,21.2799775],[106.2545068,21.2804499],[106.2550558,21.2813728],[106.2552397,21.2816602],[106.2553662,21.2818362],[106.2555217,21.2820526],[106.256033,21.2827321],[106.2566464,21.283414],[106.2574093,21.2841612],[106.2575957,21.2843188],[106.2576565,21.2843701],[106.2579159,21.2845893],[106.2587832,21.2853418],[106.2590103,21.2855753],[106.2592365,21.2858664],[106.2594471,21.2862146]]}},{"type":"Feature","properties":{"id":461},"geometry":{"type":"LineString","coordinates":[[106.1650158,21.2726285],[106.1652247,21.2705123],[106.1652457,21.2704118],[106.1653089,21.2701421],[106.1655963,21.2693677],[106.1660914,21.2680027],[106.1661221,21.2679281],[106.1666192,21.2666136],[106.1670234,21.2656767],[106.1672942,21.2650516],[106.1673397,21.2648076],[106.1673833,21.2644857],[106.1673782,21.2641724],[106.16736,21.2639139],[106.1673138,21.2637276],[106.1669764,21.2627883],[106.1668708,21.262477],[106.1668034,21.2621962],[106.1667739,21.2620295],[106.1667421,21.2615289],[106.1666665,21.2607429],[106.1665005,21.2591195],[106.1663675,21.2571014],[106.1663582,21.2569597],[106.1662836,21.2563015],[106.1661916,21.2560294],[106.166068,21.2556667],[106.1660318,21.2555842],[106.165915,21.2551662],[106.1658461,21.2550251],[106.165822,21.2549],[106.1658289,21.2547909],[106.165853,21.254685],[106.1658712,21.2546344],[106.1660828,21.2541456],[106.1666792,21.2531033],[106.1668074,21.2528039],[106.1668373,21.2527362],[106.1669244,21.2525254],[106.1670451,21.2522285],[106.1671382,21.2519995],[106.1671755,21.2519187],[106.167328,21.2515883],[106.1676959,21.250856],[106.1678324,21.2506099],[106.1679573,21.2503847],[106.1681378,21.2500594],[106.1683003,21.2498628]]}},{"type":"Feature","properties":{"id":462},"geometry":{"type":"LineString","coordinates":[[106.2239727,21.2555864],[106.2223937,21.2557103],[106.221764,21.255722],[106.2178267,21.2557948],[106.2165601,21.255886],[106.2163755,21.2559249]]}},{"type":"Feature","properties":{"id":463},"geometry":{"type":"LineString","coordinates":[[106.2163809,21.255551],[106.2168151,21.2555947],[106.2178159,21.2555749],[106.2183978,21.2555674],[106.2224071,21.2555156],[106.222495,21.2555192],[106.2233888,21.2555598],[106.2239727,21.2555864]]}},{"type":"Feature","properties":{"id":464},"geometry":{"type":"LineString","coordinates":[[106.2156859,21.2562848],[106.2155316,21.2564343],[106.2138677,21.2585402]]}},{"type":"Feature","properties":{"id":465},"geometry":{"type":"LineString","coordinates":[[106.2153811,21.2552854],[106.2150459,21.2547197],[106.2140768,21.2535654],[106.2134859,21.2531964],[106.2111243,21.2518348]]}},{"type":"Feature","properties":{"id":466},"geometry":{"type":"LineString","coordinates":[[106.2112068,21.2516853],[106.2135923,21.2530959],[106.214263,21.2535207],[106.215209,21.2546519],[106.215621,21.2551649]]}},{"type":"Feature","properties":{"id":467},"geometry":{"type":"LineString","coordinates":[[106.2111243,21.2518348],[106.2080905,21.2501535]]}},{"type":"Feature","properties":{"id":468},"geometry":{"type":"LineString","coordinates":[[106.198905,21.2450776],[106.1973233,21.2442915],[106.1962599,21.2437677],[106.1957412,21.2434936],[106.1950855,21.2431173],[106.1942175,21.2425602],[106.192934,21.2417221],[106.1911152,21.2405284],[106.1901435,21.2398474],[106.1892584,21.2392949],[106.188392,21.2387224],[106.1879039,21.2383949],[106.1874667,21.2381066],[106.1870882,21.2378698]]}},{"type":"Feature","properties":{"id":469},"geometry":{"type":"LineString","coordinates":[[106.1807814,21.2362988],[106.180499,21.2362476],[106.1803082,21.236213],[106.1801525,21.2361848]]}},{"type":"Feature","properties":{"id":470},"geometry":{"type":"LineString","coordinates":[[106.1802728,21.2360925],[106.18042,21.2361232],[106.1806013,21.2361609],[106.1808663,21.2362162]]}},{"type":"Feature","properties":{"id":471},"geometry":{"type":"LineString","coordinates":[[106.2137997,21.2586274],[106.2132452,21.2593413],[106.2121443,21.2607585],[106.2117168,21.261309],[106.2107078,21.2625359],[106.2105843,21.2626944],[106.2105258,21.2627695],[106.209864,21.2636258],[106.2092507,21.2644807],[106.208558,21.265374],[106.2083145,21.2656969],[106.2081734,21.2658708],[106.2077894,21.2663226],[106.2073795,21.2667923],[106.2068557,21.267501]]}},{"type":"Feature","properties":{"id":472},"geometry":{"type":"LineString","coordinates":[[106.2137077,21.2584292],[106.2138295,21.2582681],[106.2151892,21.2564765],[106.2152801,21.2563231],[106.2153628,21.256136]]}},{"type":"Feature","properties":{"id":473},"geometry":{"type":"LineString","coordinates":[[106.230565,21.2874648],[106.2303937,21.2873247],[106.230226,21.2872322]]}},{"type":"Feature","properties":{"id":474},"geometry":{"type":"LineString","coordinates":[[106.2159806,21.2946148],[106.2160955,21.2944863]]}},{"type":"Feature","properties":{"id":475},"geometry":{"type":"LineString","coordinates":[[106.2305234,21.2865111],[106.2306696,21.2865102],[106.2307701,21.2864838],[106.2309309,21.2864205]]}},{"type":"Feature","properties":{"id":476},"geometry":{"type":"LineString","coordinates":[[106.1292507,21.2723163],[106.129085,21.2728791],[106.1288814,21.2735643],[106.1288014,21.273735],[106.1286558,21.2740948],[106.1286136,21.2741586],[106.1285627,21.2742143],[106.1284997,21.2742661],[106.1284314,21.2743061],[106.1283501,21.2743447],[106.1282479,21.2743716],[106.1281402,21.2743911],[106.1280462,21.2743931],[106.1279192,21.2743834],[106.1265398,21.274256],[106.1255649,21.2741636],[106.1249355,21.274107],[106.124645,21.2740921],[106.1243502,21.2740804],[106.1239929,21.2741045],[106.123575,21.2741583],[106.1231773,21.2742576],[106.1231087,21.2742818],[106.1227133,21.2744214],[106.1216032,21.2748424],[106.1204402,21.2752835],[106.1196469,21.2755843],[106.1195924,21.2756047],[106.1179726,21.27621],[106.1174625,21.2763684],[106.1169495,21.2765188],[106.1168086,21.2765573],[106.1137917,21.2773361],[106.1135379,21.2774066],[106.1134268,21.2774375],[106.1131281,21.2775186],[106.1128733,21.2775887],[106.1114882,21.2780119],[106.1114122,21.2780342],[106.1108571,21.2781972],[106.1102692,21.2784013],[106.1096438,21.2786199],[106.1091907,21.2788048],[106.1087967,21.2789771],[106.1068147,21.2799253],[106.1065728,21.2800176],[106.106114,21.2802037],[106.1054394,21.280427],[106.1050306,21.2805487],[106.1035082,21.2809738],[106.1029039,21.2811487],[106.1023367,21.2813678],[106.1013372,21.2817538],[106.1000735,21.2822419],[106.0971088,21.2833827],[106.0964507,21.2837356],[106.0962413,21.2838799]]}},{"type":"Feature","properties":{"id":477},"geometry":{"type":"LineString","coordinates":[[106.1886647,21.276335],[106.1895623,21.276884]]}},{"type":"Feature","properties":{"id":478},"geometry":{"type":"LineString","coordinates":[[106.0256982,21.2670834],[106.0257486,21.2670515],[106.0283558,21.2653509],[106.0328332,21.2624514],[106.033841,21.2618107],[106.0342093,21.2615766],[106.0352053,21.2609095],[106.0360296,21.2603847],[106.0380506,21.2590921],[106.0387786,21.2586772],[106.0399723,21.2581079],[106.0420081,21.2571347],[106.0443724,21.2560225],[106.0444554,21.2559834],[106.0447907,21.2558257],[106.0456968,21.2553804],[106.0463485,21.2550671],[106.046972,21.2547887],[106.0476002,21.2545647],[106.0483041,21.2543497],[106.048692,21.2542528],[106.04998,21.2539882],[106.0507203,21.2538206],[106.0520014,21.2535406],[106.0540825,21.2530822],[106.054539,21.2529357],[106.0549909,21.2527541],[106.0553931,21.2525358],[106.0557626,21.2523028],[106.0561703,21.2519591],[106.0578587,21.2504438],[106.0589071,21.2495029],[106.0589722,21.2494335],[106.059594,21.2489027],[106.0601049,21.2485124],[106.0605312,21.2482273],[106.0607411,21.2480898],[106.0610959,21.2478575],[106.0611856,21.2477988],[106.0615284,21.2475721],[106.0632875,21.2464092],[106.0650317,21.2452838],[106.0667057,21.2441943],[106.070175,21.2419364],[106.0729926,21.2401026],[106.0735346,21.2397499],[106.0742754,21.2393296],[106.0762309,21.2384674],[106.0775805,21.2378959],[106.0778183,21.2377994],[106.0780944,21.2376901],[106.0786385,21.2374747],[106.0787887,21.2374115],[106.0792564,21.23722],[106.0804127,21.2367466],[106.0810581,21.2364847],[106.0813019,21.2363858],[106.0819133,21.2361359],[106.0819651,21.2361159],[106.082971,21.2357039],[106.0834657,21.23553],[106.0844863,21.2351802],[106.0879092,21.2340242],[106.0879405,21.2340131],[106.0894706,21.2334713],[106.0918309,21.2326675],[106.0939461,21.2319449],[106.0944128,21.2317855],[106.0950707,21.2315476],[106.0958281,21.2313231],[106.096212,21.231213]]}},{"type":"Feature","properties":{"id":479},"geometry":{"type":"LineString","coordinates":[[106.0514091,21.302095],[106.0487678,21.3001926],[106.0474802,21.2993655],[106.0460698,21.2985015],[106.0454701,21.2981372],[106.0438842,21.2973463],[106.039891,21.2953022],[106.0397581,21.2952301],[106.0375338,21.2940752],[106.0370154,21.293774],[106.0364243,21.2934306],[106.0351843,21.2926036],[106.0339566,21.2917567],[106.0301273,21.2890588],[106.0297282,21.2887969],[106.0264242,21.2864966],[106.0239457,21.2847711],[106.0238511,21.284704],[106.0237043,21.2845998],[106.0236991,21.2845961],[106.0189072,21.2811952],[106.0177977,21.2802465],[106.0169623,21.2792492],[106.016375,21.2783369],[106.0158006,21.2770476],[106.0137299,21.2717049]]}},{"type":"Feature","properties":{"id":480},"geometry":{"type":"LineString","coordinates":[[106.2305675,21.2872009],[106.2305309,21.2872869],[106.2305297,21.2873611],[106.230565,21.2874648]]}},{"type":"Feature","properties":{"id":481},"geometry":{"type":"LineString","coordinates":[[106.2295851,21.2862672],[106.2288865,21.2855174],[106.227998,21.2845927],[106.2273398,21.2839483]]}},{"type":"Feature","properties":{"id":482},"geometry":{"type":"LineString","coordinates":[[106.2281636,21.2844037],[106.2290822,21.2853597],[106.2297813,21.2861151]]}},{"type":"Feature","properties":{"id":483},"geometry":{"type":"LineString","coordinates":[[106.096212,21.231213],[106.096516,21.2311364],[106.0969287,21.2310632],[106.0972606,21.2310043],[106.0979135,21.2309057],[106.0983908,21.2308441],[106.0995158,21.2307246],[106.100323,21.2307047],[106.1013651,21.2307382],[106.1023475,21.2307953],[106.1028221,21.2308238],[106.1032534,21.2308429],[106.1033652,21.2308363]]}},{"type":"Feature","properties":{"id":484},"geometry":{"type":"LineString","coordinates":[[105.9202773,21.2794137],[105.9248851,21.279384]]}},{"type":"Feature","properties":{"id":485},"geometry":{"type":"LineString","coordinates":[[105.9248851,21.279384],[105.9252323,21.2793896],[105.9262691,21.2794043],[105.9320372,21.2793549],[105.936023,21.27933],[105.9365256,21.2793262],[105.9377561,21.2793176],[105.9385332,21.2792924],[105.939224,21.2792257],[105.941987,21.2788924],[105.9422648,21.2788597],[105.9427503,21.2788027],[105.9432022,21.2787487],[105.9458877,21.2784278],[105.9468273,21.2783035],[105.9470184,21.2782814],[105.9473288,21.2782456],[105.9486095,21.2780979],[105.9507069,21.2778444],[105.9509234,21.2778185],[105.9511297,21.2777893],[105.9521684,21.2776713],[105.953499,21.2774983],[105.9539341,21.2774632],[105.9545353,21.2774332],[105.954692,21.2774321],[105.9550048,21.2774473],[105.9554045,21.2774792],[105.9554917,21.2774862],[105.9555744,21.2774928],[105.9560621,21.277541],[105.9566466,21.2776349],[105.9570263,21.2777092],[105.9595543,21.2782224],[105.9601023,21.2783337],[105.96079,21.278467],[105.9614316,21.2785734],[105.9615261,21.2785891],[105.9651265,21.2793336],[105.9663553,21.279581],[105.9671867,21.2797392],[105.9680153,21.2799163],[105.9690739,21.2801262],[105.9699518,21.2803003],[105.9709115,21.280402],[105.9712002,21.2804326],[105.9723336,21.2804577],[105.9735362,21.280347],[105.9791169,21.2797815],[105.981471,21.279564],[105.9837629,21.2793148],[105.9852162,21.2791789],[105.987287,21.2789678],[105.9883051,21.2788715],[105.9890266,21.2787768],[105.9897375,21.2786624],[105.9905044,21.278469],[105.9915244,21.2781773],[105.9930333,21.2776491],[105.9957332,21.2766662],[105.99902,21.2754696],[106.0015121,21.274603],[106.0021313,21.2743907],[106.0029164,21.2740979],[106.004372,21.2735945],[106.0051629,21.27334],[106.006072,21.2730864],[106.0076319,21.2726837],[106.0108944,21.2718169],[106.0129033,21.2712768]]}},{"type":"Feature","properties":{"id":486},"geometry":{"type":"LineString","coordinates":[[106.1069488,21.2272215],[106.1070056,21.2273754],[106.1074314,21.2284714],[106.107734,21.2292243],[106.107833,21.2294457],[106.1078876,21.2295679],[106.1079796,21.2297495],[106.1082058,21.2301962],[106.1084313,21.2306698],[106.1084423,21.230691],[106.1086875,21.2311613],[106.1089791,21.2317223],[106.1092785,21.2322552],[106.1095182,21.2326824],[106.1096983,21.2329298],[106.1104056,21.2337921],[106.1109183,21.2344699],[106.111443,21.2352364],[106.1120716,21.2360968],[106.1127617,21.2370143],[106.1128021,21.237068],[106.1139912,21.2384825],[106.1142521,21.2387557],[106.1143406,21.2388483],[106.1144543,21.2389674],[106.1153259,21.2398556],[106.1158517,21.2403874],[106.1163776,21.2408987],[106.1166291,21.2410966],[106.1171737,21.2416229],[106.1174244,21.2418386],[106.117638,21.2420224],[106.1178725,21.2422241],[106.1192786,21.2433281],[106.1193915,21.2434168],[106.1198563,21.2437666],[106.1201851,21.244014],[106.1206892,21.244402],[106.1208487,21.2445499],[106.1209819,21.2446718],[106.1211947,21.2448749],[106.1213675,21.2450531],[106.1214659,21.245155],[106.1215407,21.2452324],[106.1216197,21.245305],[106.1216845,21.2453633],[106.121805,21.2454547]]}},{"type":"Feature","properties":{"id":487},"geometry":{"type":"LineString","coordinates":[[106.9917378,21.4169728],[106.99177,21.4170427]]}},{"type":"Feature","properties":{"id":488},"geometry":{"type":"LineString","coordinates":[[106.9761218,21.406745],[106.9766666,21.4071246],[106.9771647,21.4074716],[106.9772872,21.4075658],[106.977799,21.4079596],[106.9778788,21.4080308],[106.9779573,21.4081031],[106.9781014,21.4082649],[106.9783723,21.4085712],[106.9786178,21.4088211],[106.9788217,21.4090464],[106.9789698,21.4092288],[106.979098,21.4094147],[106.9791803,21.4095569],[106.9794703,21.4100578],[106.9794915,21.410089],[106.9795816,21.4101974],[106.9797396,21.4103874],[106.9799256,21.4105913],[106.9800208,21.4106957],[106.9802459,21.410948],[106.9803344,21.411041],[106.9807038,21.4114075],[106.9808065,21.411492],[106.981048,21.411679],[106.981179,21.4117546],[106.9813301,21.4118045],[106.9814838,21.4118389],[106.9817204,21.411878],[106.981819,21.4119013],[106.9819296,21.41194],[106.9820108,21.4119793],[106.9820665,21.4120256],[106.9821147,21.4120767],[106.9821496,21.412126],[106.9821747,21.412174],[106.9822058,21.4122332],[106.9823333,21.4125112],[106.9824711,21.4127528],[106.9825777,21.4128972],[106.9826961,21.4129662],[106.9827859,21.4129875],[106.9828838,21.4130012],[106.9829871,21.4130162],[106.9830367,21.4130325],[106.9830765,21.413051],[106.9831105,21.4130986],[106.9831346,21.4131511],[106.9831507,21.4132135],[106.9831654,21.4132909],[106.9831748,21.4133633],[106.983198,21.4134403],[106.9832218,21.4135057],[106.9832553,21.4135344],[106.9833076,21.4135743],[106.9833642,21.4135925],[106.9834216,21.413603],[106.9835215,21.4136058],[106.9836228,21.4136093],[106.9837502,21.4136055],[106.9839144,21.4135939],[106.9839822,21.4135843],[106.9840801,21.4135668],[106.9841507,21.4135493],[106.9842339,21.4135539],[106.9842812,21.413565],[106.9843253,21.4135893],[106.9845084,21.4137454],[106.9845615,21.4137772],[106.9846159,21.413796],[106.984927,21.4138259],[106.9849766,21.4138453],[106.9850128,21.4138815],[106.9850325,21.413925],[106.9851154,21.4142211],[106.985151,21.4142928],[106.9852043,21.4143771],[106.9852636,21.4144343],[106.985326,21.414477],[106.985452,21.4145469],[106.9855365,21.4145856],[106.9855983,21.4146139],[106.9857797,21.4147454],[106.9858888,21.4148454],[106.9861682,21.41513],[106.9862513,21.4152149],[106.9863331,21.4152923],[106.9864556,21.4153954],[106.9869527,21.4157567],[106.9870157,21.4158029],[106.9870734,21.4158529],[106.9871646,21.415944],[106.9872289,21.4160415],[106.9872826,21.4161712],[106.9873206,21.4162893],[106.987398,21.4165782],[106.9874462,21.4167343],[106.9874932,21.4169041],[106.9875275,21.416993],[106.987571,21.4170976],[106.9876045,21.4171526],[106.9876626,21.4172094],[106.9877359,21.4172562],[106.9878123,21.4172781],[106.9879096,21.4172799],[106.9879937,21.4172554],[106.9881356,21.4172012],[106.9884722,21.4170477],[106.9887055,21.4169366],[106.9890073,21.416798],[106.9891562,21.4167293],[106.9894054,21.416615],[106.9895195,21.4165852],[106.9895786,21.4165782],[106.9896403,21.4165733],[106.9897985,21.416582],[106.9899529,21.4165908],[106.9900104,21.4165914],[106.9901258,21.4165742],[106.9902391,21.4165366],[106.9903538,21.4164884],[106.9904946,21.4164109],[106.9906837,21.4163048],[106.9908243,21.4162299],[106.9909076,21.4162012],[106.9909837,21.4161945],[106.9910464,21.4162056],[106.9912341,21.4162996],[106.9913422,21.4163673],[106.991381,21.4163972],[106.9914183,21.4164275],[106.9914763,21.4164821],[106.9915386,21.4165583],[106.9915918,21.416641],[106.9916452,21.416753],[106.9916887,21.4168459],[106.9917002,21.4168704],[106.9917378,21.4169728]]}},{"type":"Feature","properties":{"id":489},"geometry":{"type":"LineString","coordinates":[[106.0706617,21.3650797],[106.0708877,21.3650073]]}},{"type":"Feature","properties":{"id":490},"geometry":{"type":"LineString","coordinates":[[106.5907656,21.5990894],[106.5907892,21.5992274],[106.5908297,21.5993515],[106.5908521,21.5994201],[106.5909442,21.5995745],[106.5909615,21.5995984],[106.5911153,21.5998105],[106.5911794,21.5998989],[106.5913108,21.6001308],[106.5914055,21.6003164],[106.5914556,21.6004775],[106.5915039,21.6006196],[106.5915343,21.6008524],[106.591579,21.6012346],[106.5915737,21.6014027],[106.5915488,21.6015808],[106.5914798,21.6017418],[106.5914282,21.6018906],[106.5914129,21.6019346],[106.5914018,21.6019666],[106.5913886,21.6021034],[106.5913917,21.6022701],[106.5914288,21.602465],[106.5914798,21.6026222],[106.5915133,21.6027369],[106.591615,21.6029842],[106.5917292,21.6032007],[106.591925,21.6034351],[106.5921305,21.6036661],[106.592505,21.6039707],[106.5926358,21.604081],[106.5927636,21.6041569],[106.5928933,21.6042132],[106.5930033,21.6042506],[106.5933008,21.6043353],[106.5938804,21.6044351],[106.5942722,21.6045088],[106.5943444,21.6045224]]}},{"type":"Feature","properties":{"id":491},"geometry":{"type":"LineString","coordinates":[[106.2980284,21.4003221],[106.2980487,21.400458],[106.298067,21.4005155],[106.2981046,21.4005538],[106.2981734,21.4005768],[106.2983076,21.4006374],[106.2984874,21.4007703],[106.2985302,21.4007939],[106.2985767,21.400808],[106.2986671,21.4008074]]}},{"type":"Feature","properties":{"id":492},"geometry":{"type":"LineString","coordinates":[[106.2986671,21.4008074],[106.2987933,21.4008004]]}},{"type":"Feature","properties":{"id":493},"geometry":{"type":"LineString","coordinates":[[106.2987933,21.4008004],[106.298828,21.4008029],[106.2989091,21.4008147],[106.2989869,21.4008192],[106.2990959,21.4008293],[106.2991588,21.4008439],[106.2993748,21.4009283],[106.2994672,21.4009644],[106.2995345,21.4009965],[106.2995628,21.40101],[106.2997387,21.4011432],[106.2998486,21.4012309],[106.2999488,21.4013161],[106.3000424,21.4013968],[106.3001753,21.4015524],[106.3002428,21.4016267],[106.3003154,21.4017075],[106.3003956,21.4017914],[106.3005281,21.4018743],[106.3006009,21.4019089],[106.3006479,21.4019282],[106.3006787,21.4019301],[106.3006961,21.4019252],[106.300713,21.4019153],[106.3007722,21.4018658],[106.3008498,21.4017777],[106.3009447,21.4016745],[106.301026,21.4016129],[106.3011013,21.4015678],[106.3012163,21.4015117],[106.3013394,21.4014951],[106.3014881,21.4015204],[106.3015853,21.401568],[106.3017109,21.4016309],[106.3017917,21.4016863],[106.3018388,21.4017185],[106.3019223,21.4018015],[106.3020171,21.4019376],[106.3020641,21.4020138],[106.3021125,21.40211],[106.3021413,21.4021932],[106.3021472,21.4022123],[106.3021794,21.4023184],[106.3022092,21.402444],[106.3022637,21.4025536],[106.302308,21.4026127],[106.3024457,21.4027967],[106.3025133,21.4028446],[106.3026277,21.4029206],[106.3027071,21.4029735],[106.3028027,21.4030557],[106.3028687,21.4031125],[106.3029505,21.4031924],[106.3030367,21.403295],[106.3031721,21.4034511],[106.3031822,21.4034632],[106.3033047,21.4036112],[106.3033301,21.4036857],[106.3033613,21.4037683],[106.3034306,21.4039466],[106.3034642,21.4040303],[106.3035002,21.4041369],[106.3035004,21.4041913],[106.3034916,21.4042591],[106.3034723,21.4043689],[106.3034266,21.4044898],[106.3033488,21.4046446],[106.3032321,21.4049122],[106.3031963,21.4049935],[106.3033097,21.405082],[106.3033488,21.4051103],[106.3033962,21.40515],[106.3034058,21.4051609],[106.3034488,21.4052103],[106.3035017,21.4052939],[106.3035585,21.405409],[106.3035968,21.4054973],[106.3036184,21.4055361],[106.3036688,21.4056485],[106.3037186,21.4056357],[106.3037975,21.405621],[106.3038706,21.4056085],[106.3039859,21.4055885],[106.3040797,21.405571],[106.3041751,21.4055581],[106.3042888,21.405535],[106.3043951,21.405472],[106.3045236,21.4053813],[106.3045954,21.4053269],[106.3046727,21.4052751],[106.3046993,21.4052573],[106.3047287,21.4052444],[106.304755,21.4052452],[106.3047825,21.4052514],[106.3049173,21.4052932],[106.3050605,21.4053652],[106.3051144,21.4053931],[106.3051795,21.4054241],[106.3052613,21.4054599],[106.3053688,21.4054948],[106.3055582,21.4055298],[106.3056488,21.4055386],[106.3057319,21.4055442],[106.3058178,21.4055398],[106.305852,21.4055298],[106.3058928,21.4055133],[106.3059419,21.4054943],[106.3059976,21.4054591],[106.3060746,21.4054037],[106.3061273,21.4053594],[106.3062021,21.4053026],[106.306266,21.4052897],[106.3063663,21.4052826],[106.3065093,21.4052727],[106.3066547,21.4052814],[106.3067465,21.4052976],[106.3068417,21.4053327],[106.3069447,21.4053666],[106.307006,21.4053881],[106.3070696,21.4053952],[106.3071234,21.4053925],[106.3071766,21.4053803],[106.3072716,21.4053276],[106.3073333,21.4052689],[106.3074065,21.4051989],[106.3074608,21.4051603],[106.307572,21.4051003],[106.3076471,21.4050704],[106.307732,21.405037],[106.3077919,21.4050029],[106.3078538,21.4049315],[106.3079019,21.4048631],[106.3079358,21.4047844],[106.3079724,21.4046548],[106.3079797,21.4044935],[106.307973,21.4044073],[106.3079732,21.4043561],[106.3079784,21.40433],[106.307987,21.4043143],[106.3080053,21.4043036],[106.3080293,21.4042975],[106.3080564,21.404306],[106.3081877,21.4043812],[106.3082147,21.4043939],[106.3082479,21.404402],[106.3082804,21.404402],[106.3083193,21.4043937],[106.3083862,21.4043667],[106.3086572,21.4041401],[106.3087492,21.4040944],[106.3088769,21.4040128],[106.3090239,21.40392],[106.3091369,21.403844],[106.3092054,21.4038093],[106.3092637,21.4037816],[106.3093771,21.4037456],[106.3095143,21.4036758],[106.309599,21.403589],[106.3096443,21.4035199],[106.3097117,21.4034861],[106.30981,21.4034705],[106.3099456,21.4034667],[106.3100558,21.4034819],[106.3101187,21.4035121],[106.3101761,21.4035449],[106.3102341,21.4036032],[106.3102743,21.4036557],[106.3103088,21.4038154],[106.3103279,21.4040365],[106.3103266,21.4041739],[106.3103267,21.4043296],[106.3103427,21.4044585],[106.3103762,21.4045647],[106.3104114,21.4046258],[106.3105693,21.4048993],[106.3106269,21.4049873],[106.3107587,21.4051888],[106.3107814,21.4052163],[106.3108834,21.4053401],[106.3109784,21.4054237],[106.3110991,21.4054923],[106.3112064,21.4055286],[106.3113565,21.4055566],[106.311541,21.4055599],[106.3116503,21.4055348],[106.3117617,21.4054829],[106.311903,21.4053549],[106.3119691,21.4052202],[106.3119949,21.4050878],[106.3120151,21.4049817],[106.3120476,21.4048455],[106.3121332,21.404829],[106.3122199,21.4048403],[106.3123056,21.4048663],[106.3123812,21.404906],[106.3125502,21.4050054],[106.3127003,21.4050969],[106.3128473,21.4051753],[106.3129351,21.4052052],[106.3130551,21.4052287],[106.313159,21.4052364],[106.3132418,21.4052424],[106.3133831,21.4052482],[106.3134527,21.4052402],[106.3135225,21.4052177],[106.3137324,21.405172],[106.3138671,21.4051807],[106.3140367,21.4052304],[106.31415,21.4052588],[106.3142641,21.4052874],[106.3144116,21.4053263],[106.3145364,21.4053823],[106.3145693,21.405397],[106.3146787,21.4054472],[106.3147737,21.4054762],[106.3148823,21.4054961],[106.3150594,21.4055124],[106.3152585,21.4055291],[106.3152853,21.4055366],[106.3153577,21.4055569],[106.3154201,21.4055773],[106.3155455,21.4056392],[106.3156051,21.4056413],[106.3156614,21.4056373],[106.31575,21.405631],[106.3158627,21.405596],[106.3159662,21.405543],[106.3160397,21.4055212],[106.31611,21.405515],[106.3161286,21.4055224],[106.3161819,21.4055436],[106.3162538,21.4055855],[106.3163135,21.405622],[106.316378,21.405642],[106.3164568,21.4056435],[106.3165147,21.4056319],[106.3166137,21.4056122],[106.316725,21.4055785],[106.3168283,21.4055448],[106.3168806,21.4055174],[106.3169159,21.4054656],[106.3169304,21.4053752],[106.316945,21.4052751],[106.316957,21.4052077],[106.3169624,21.4051834],[106.3169822,21.4051572],[106.3170228,21.4051235],[106.3170516,21.4050866],[106.3170787,21.405056],[106.3171276,21.4050196],[106.3171881,21.4050143],[106.3172695,21.4050129],[106.3173516,21.4050293],[106.3174586,21.4050729],[106.3175897,21.4051306],[106.3176651,21.4051752],[106.3177596,21.4052441],[106.3178397,21.4052938],[106.3179307,21.405345],[106.318058,21.4054024],[106.3182244,21.4054749],[106.3184032,21.4055635],[106.3185565,21.4056534],[106.3188946,21.405813],[106.3189571,21.405845],[106.3190574,21.4059116],[106.3192925,21.4060963],[106.3193673,21.4061523],[106.3194598,21.4062165],[106.3196933,21.4063712],[106.3197591,21.4064266],[106.3198062,21.4064835],[106.3200162,21.406752],[106.3200616,21.40679],[106.320281,21.4069023],[106.3203108,21.4069344],[106.3203161,21.4069557],[106.320339,21.4070468],[106.3203704,21.4070949],[106.320401,21.4071181],[106.3204205,21.4071329],[106.3206305,21.4072292],[106.3206635,21.4072569],[106.3207167,21.4073459],[106.32077,21.4073897],[106.3208406,21.4074057],[106.3210288,21.4073922],[106.3212261,21.407378],[106.3213875,21.4073605],[106.3214455,21.407359],[106.3215836,21.4073707],[106.3216347,21.407375],[106.3218294,21.407405],[106.3218827,21.407408],[106.3220358,21.4074177],[106.3222356,21.4074439],[106.3224636,21.4075064],[106.3226676,21.4075874],[106.3227981,21.40763],[106.3231827,21.4076992],[106.3233194,21.4077074],[106.3234542,21.4076996],[106.3237806,21.4076756],[106.3238465,21.4076816],[106.3241099,21.4077421],[106.3243779,21.4077956],[106.3248655,21.4078734],[106.3249929,21.4078909],[106.3251056,21.4078772],[106.3252656,21.4078179],[106.3253564,21.4078106],[106.3254411,21.4078231],[106.3255458,21.4078846],[106.3255754,21.4079206],[106.3256231,21.4080222],[106.3256686,21.4080752],[106.3259234,21.4082806],[106.325978,21.408306],[106.3261952,21.4083704],[106.3262302,21.4083938],[106.3262569,21.4084465],[106.3262781,21.4085232],[106.3263215,21.4086153],[106.3264374,21.4088248],[106.3265039,21.40892],[106.326601,21.4090279],[106.3268823,21.4092279],[106.3269488,21.4092644],[106.32708,21.409339],[106.3271244,21.4093834],[106.3271959,21.4095691],[106.3272863,21.409747],[106.3272896,21.4097978],[106.3272749,21.4098468],[106.3272045,21.41005],[106.3271857,21.4101595],[106.3271772,21.4106689],[106.3271874,21.4107355],[106.327346,21.4110577],[106.3273886,21.4111243],[106.3275795,21.4113656],[106.3277293,21.4115806],[106.3278625,21.4117718],[106.3279051,21.4118194],[106.3279664,21.4118686],[106.3281352,21.411994],[106.3282562,21.4120511],[106.3283892,21.4120749],[106.3285204,21.4120781],[106.329008,21.4119718],[106.3290693,21.4119702],[106.3291188,21.4119829],[106.3292379,21.4120369],[106.3292941,21.412047],[106.3293467,21.4120437],[106.3295678,21.4119779],[106.3296312,21.4119728],[106.3299592,21.4120386],[106.3300988,21.4120572],[106.3302275,21.4120538],[106.330358,21.4120352],[106.3305682,21.4119829],[106.3306259,21.4119733],[106.330686,21.4119762],[106.3308279,21.4120228],[106.3308881,21.4120293],[106.3309541,21.4120307],[106.3311391,21.4120926],[106.3311934,21.4121263],[106.3312242,21.4121702],[106.331238,21.4123921],[106.3312741,21.4124777],[106.3313354,21.4125475],[106.3314198,21.4125978],[106.3316005,21.4126619],[106.3317993,21.4127129],[106.3318771,21.4127185],[106.3320701,21.412715],[106.3322272,21.4127216],[106.3322993,21.4127127],[106.3325285,21.4126238],[106.3325858,21.4126223],[106.3327567,21.4126606],[106.3328469,21.412663],[106.3329158,21.4126433],[106.3329715,21.4126038],[106.3330417,21.412526],[106.3330802,21.4125112],[106.3331228,21.4125189],[106.3332233,21.4125371],[106.333275,21.4125458],[106.3334261,21.4125606],[106.3336528,21.4126201],[106.3337063,21.4126466],[106.3337472,21.4126819],[106.3338154,21.4127827],[106.3338808,21.4128333],[106.333959,21.4128605],[106.3340504,21.4128592],[106.3341978,21.4128363],[106.3344181,21.412675],[106.3344611,21.4126616],[106.3345121,21.4126685],[106.3345537,21.4126904],[106.3345765,21.4127353],[106.3345555,21.4128617],[106.3345638,21.4129396],[106.3346055,21.4130975],[106.3346469,21.4132541],[106.3346854,21.4133047],[106.334741,21.4133282],[106.3348028,21.4133223],[106.3349935,21.4132539],[106.3350848,21.4132446],[106.3351802,21.413252],[106.3355397,21.4133334],[106.3355933,21.41335],[106.3357562,21.4134277],[106.3358197,21.4134517],[106.3359727,21.4134958],[106.3360166,21.4135132],[106.3361018,21.4135629],[106.3362944,21.4136664],[106.3364732,21.4137975],[106.3365269,21.4138247],[106.3366766,21.4139152],[106.3368301,21.4140246],[106.3368972,21.4141053],[106.336925,21.414205],[106.3369211,21.4142923],[106.3368955,21.4144055],[106.3367838,21.4145647],[106.3367744,21.4146251],[106.3367897,21.4146826],[106.3369156,21.4148102],[106.3370148,21.4148706],[106.3371358,21.4149035],[106.3372059,21.4149226],[106.3373186,21.4149131],[106.3375847,21.414825],[106.3376902,21.4147561],[106.3378063,21.4146286],[106.33783,21.4146143],[106.3378619,21.4146108],[106.3380308,21.4146499],[106.3380889,21.4147019],[106.3381699,21.4148585],[106.3382504,21.4149793],[106.3382717,21.4150113],[106.3383817,21.4151215],[106.3385118,21.4152321],[106.338589,21.4152848],[106.3387078,21.4153747],[106.3387348,21.4154211],[106.3387244,21.4155681],[106.3386829,21.4156331],[106.3386279,21.4157118],[106.338555,21.4158354],[106.338527,21.4158969],[106.3384835,21.4159401],[106.3384583,21.4159496],[106.3384164,21.4159437],[106.3382103,21.4158581],[106.3381451,21.4158529],[106.3380727,21.415861],[106.3378632,21.4159035],[106.3377729,21.415914],[106.3376489,21.4159053],[106.3375664,21.4159103],[106.3374872,21.4159368],[106.3372824,21.4161006],[106.3371895,21.4161435],[106.337028,21.4161775],[106.3369638,21.4161971],[106.3369245,21.4162348],[106.336896,21.4162956],[106.3369005,21.41638],[106.3369945,21.4166494],[106.3370146,21.4167555],[106.3370119,21.4168816],[106.3369972,21.4169303],[106.3369448,21.4170389],[106.3368858,21.4172687],[106.3368523,21.4173336],[106.3367879,21.417406],[106.3365529,21.4176659],[106.3364409,21.4177518],[106.3363859,21.4177833],[106.3363322,21.417814],[106.3361223,21.4178778],[106.3360461,21.41789],[106.3359759,21.4179085],[106.3359263,21.4179329],[106.335882,21.4179897],[106.3358333,21.418119],[106.3357071,21.4184914],[106.3356639,21.4186426],[106.3356242,21.4188805],[106.335554,21.419083],[106.3354313,21.4192352],[106.3350858,21.4195412],[106.334763,21.419808],[106.3346928,21.4198537],[106.334639,21.4198887],[106.3344118,21.4200266],[106.3343113,21.4201562],[106.3341588,21.4204335],[106.3340349,21.4206063],[106.3339622,21.4206933],[106.3339231,21.4207658],[106.3339094,21.4210213],[106.3339199,21.421141],[106.333962,21.4212164],[106.3340834,21.4213144],[106.3341634,21.4213911],[106.3342211,21.4215035],[106.3342811,21.4216872],[106.334304,21.4218733],[106.3342847,21.422069],[106.3341607,21.4224573],[106.3340709,21.4226758],[106.3339716,21.4229199],[106.3339137,21.423256],[106.333921,21.4233759],[106.3339525,21.4238944],[106.3339541,21.4239916],[106.3339555,21.4240791],[106.3339974,21.4243767],[106.3339515,21.4245305],[106.3339196,21.4246207],[106.3338626,21.4247273],[106.3336073,21.4249779],[106.3333845,21.425271],[106.3333155,21.4253666],[106.3332783,21.4253974],[106.3331887,21.4254173],[106.3329283,21.4254651],[106.332759,21.4254967],[106.3326012,21.4255762],[106.3324014,21.4258023],[106.3323689,21.4259092],[106.3323602,21.4260459],[106.3324889,21.4263305],[106.3325722,21.4265252],[106.3325916,21.4266159],[106.3325942,21.4266996],[106.3325913,21.4267651],[106.3325716,21.4269951],[106.3325739,21.4270641],[106.3325906,21.4271713],[106.3326009,21.4272353],[106.3326169,21.4273456],[106.3326441,21.427491],[106.3326667,21.4275384],[106.332755,21.4276135],[106.3327941,21.4276445],[106.3328361,21.4276576],[106.3330434,21.4276765],[106.33312,21.4276639],[106.3333839,21.4275483],[106.3335128,21.4275209],[106.3336038,21.4275156],[106.333708,21.4275234],[106.3339928,21.4276256],[106.3341143,21.4277182],[106.3341843,21.4278382],[106.3342469,21.4280198],[106.3342693,21.4282201],[106.3342716,21.428373],[106.334275,21.4285972],[106.3342848,21.4286607],[106.3343045,21.4287343],[106.3344341,21.4289456],[106.3344705,21.429054],[106.3345027,21.4292049],[106.3345342,21.4293542],[106.3345449,21.4293929],[106.334563,21.4294454],[106.3346434,21.4295884],[106.3347594,21.4298271],[106.3349826,21.4303169],[106.3350708,21.430475],[106.335189,21.4304773],[106.3353053,21.4304681],[106.3354194,21.4304637],[106.3355385,21.4304525],[106.3356261,21.4304605],[106.3356929,21.4304965],[106.3357593,21.4305633],[106.3358799,21.4306991],[106.3359524,21.4307618],[106.3360228,21.4308062],[106.3360829,21.4308199],[106.3363266,21.4308734],[106.3364486,21.4308816],[106.3365059,21.4308784],[106.336559,21.4308679],[106.3369038,21.4307889],[106.3373926,21.4307058],[106.3375381,21.4306819],[106.3379402,21.4305974],[106.3380472,21.4305939],[106.3381489,21.4305984],[106.3382404,21.4306163],[106.3383366,21.4306409],[106.3390678,21.4310614],[106.3393293,21.4312412],[106.3395399,21.4314272],[106.3397115,21.4315882],[106.3398106,21.4317041],[106.3398262,21.4317486],[106.3398356,21.4317948],[106.3398346,21.4318288],[106.3398322,21.431876],[106.3398153,21.4319418],[106.3397551,21.4321219],[106.3397323,21.432208],[106.3397241,21.4322597],[106.3397203,21.4322954],[106.3397244,21.4323613],[106.3398199,21.432652],[106.3398369,21.4327255],[106.3398383,21.4327782],[106.3398288,21.4329087],[106.3398141,21.4331093],[106.339796,21.433268],[106.3397592,21.4334716]]}},{"type":"Feature","properties":{"id":494},"geometry":{"type":"LineString","coordinates":[[106.1961429,21.2811917],[106.196118,21.2811883],[106.1960959,21.2811773],[106.1960792,21.2811598],[106.1960699,21.2811381]]}},{"type":"Feature","properties":{"id":495},"geometry":{"type":"LineString","coordinates":[[106.1973708,21.2820078],[106.1961429,21.2811917]]}},{"type":"Feature","properties":{"id":496},"geometry":{"type":"LineString","coordinates":[[106.1962114,21.2811106],[106.1974238,21.2819237]]}},{"type":"Feature","properties":{"id":497},"geometry":{"type":"LineString","coordinates":[[106.0572481,21.3592745],[106.0574868,21.359327]]}},{"type":"Feature","properties":{"id":498},"geometry":{"type":"LineString","coordinates":[[106.4752811,21.3342988],[106.4754152,21.3343951],[106.475491,21.3344554],[106.4756473,21.3345669],[106.4757533,21.3346425],[106.4762462,21.3349787],[106.4763191,21.3350284],[106.4770348,21.3354688],[106.4775664,21.3357959],[106.4784206,21.3363232],[106.4785552,21.3364063],[106.4787486,21.3365257],[106.4790373,21.3367039],[106.4793146,21.336873],[106.4794125,21.3369355],[106.4795225,21.3370055],[106.4800408,21.3373166],[106.4801306,21.3373793],[106.4803286,21.3375132],[106.4808748,21.3378926],[106.4810747,21.3380252],[106.4812155,21.3381408],[106.4815374,21.3384049],[106.4818743,21.3386767],[106.48193,21.3387216],[106.4819949,21.338774],[106.4823541,21.3390008],[106.4825805,21.3391467],[106.4831006,21.3394689],[106.4833626,21.3396216],[106.4835446,21.33974],[106.4840667,21.3400301],[106.4841665,21.3400741],[106.4842012,21.3400893],[106.484997,21.3404393],[106.4863466,21.3410244],[106.4866576,21.3411645],[106.486946,21.3412944],[106.4871231,21.3413742],[106.487815,21.3416616],[106.4880105,21.3417303],[106.4881211,21.3417726],[106.4882067,21.3418023],[106.4883395,21.3418538],[106.4884816,21.3418975],[106.4895384,21.3423173],[106.4906817,21.3427982],[106.4909318,21.3428981],[106.4913636,21.3430892],[106.4919497,21.3433222],[106.4924419,21.3435664],[106.493024,21.3438111],[106.4932211,21.3439036],[106.4936018,21.3440811],[106.4940302,21.3442925],[106.4943606,21.3444945],[106.4944321,21.344537],[106.4946606,21.344692],[106.494876,21.344838],[106.4953092,21.3450803],[106.4954596,21.3451486],[106.495797,21.3453008],[106.4961013,21.3454247],[106.4968353,21.3457647],[106.4980369,21.3462973],[106.4996684,21.3470126],[106.4999323,21.3471199],[106.5003169,21.3472725],[106.5004086,21.3473061],[106.5004872,21.3473349],[106.5008252,21.3474436],[106.5012056,21.3475772],[106.5015251,21.3476947],[106.5015963,21.3477209]]}},{"type":"Feature","properties":{"id":499},"geometry":{"type":"LineString","coordinates":[[106.475092,21.3341502],[106.4752811,21.3342988]]}},{"type":"Feature","properties":{"id":500},"geometry":{"type":"LineString","coordinates":[[106.7700602,21.2124514],[106.7706092,21.212198],[106.7707077,21.212156],[106.7708029,21.2121235],[106.7710394,21.21204],[106.7713567,21.2119286]]}},{"type":"Feature","properties":{"id":501},"geometry":{"type":"LineString","coordinates":[[106.7667526,21.2147032],[106.7673135,21.2145302],[106.7674475,21.2144939]]}},{"type":"Feature","properties":{"id":502},"geometry":{"type":"LineString","coordinates":[[106.7617759,21.2146064],[106.7616487,21.2145808],[106.7614648,21.2145439],[106.7611228,21.2144514],[106.7604952,21.2142689],[106.7593351,21.21393]]}},{"type":"Feature","properties":{"id":503},"geometry":{"type":"LineString","coordinates":[[106.7644858,21.2151312],[106.7637179,21.2149535],[106.7632565,21.214879],[106.7630886,21.2148477],[106.7621689,21.2146764],[106.7620723,21.2146552],[106.7617759,21.2146064]]}},{"type":"Feature","properties":{"id":504},"geometry":{"type":"LineString","coordinates":[[106.0365406,21.4298466],[106.0366461,21.4296719],[106.0366903,21.4295995],[106.0367373,21.4295434],[106.036815,21.4294672],[106.0368754,21.4293998],[106.0372777,21.4289582],[106.0378343,21.4283499],[106.0380252,21.4281269],[106.0381462,21.4280065],[106.0383679,21.4278185],[106.0388198,21.4274972],[106.0391083,21.42732],[106.0392438,21.4272525],[106.0392898,21.4272289],[106.0394133,21.4271652],[106.0397084,21.4270402],[106.0407518,21.4266035],[106.0409864,21.4265053],[106.0414994,21.4262878],[106.0417262,21.4261951],[106.0419783,21.4260789],[106.0421,21.4260078],[106.0421824,21.4259596],[106.042292,21.4258779],[106.0424465,21.4257629],[106.0426143,21.4256109],[106.0427331,21.4255033],[106.0428928,21.4253334],[106.0430489,21.4251395],[106.0431414,21.4249971],[106.0432063,21.4248674],[106.043265,21.4247077],[106.0433503,21.4243942],[106.0434539,21.4238731],[106.0434884,21.423711],[106.0434999,21.4236635],[106.043506,21.423638],[106.0437065,21.4226871],[106.0437119,21.4224086],[106.0436932,21.4222452],[106.0436249,21.4221016],[106.0433113,21.4218012],[106.0432452,21.4217232],[106.0431481,21.4216025],[106.043043,21.4214718],[106.0429412,21.4213452],[106.0428608,21.4212203],[106.0428213,21.4211304],[106.0427629,21.4209664],[106.0427547,21.4209094],[106.0426821,21.420593],[106.0426277,21.4203556],[106.0425556,21.4200342],[106.0425121,21.4198406],[106.0424988,21.4197037],[106.0424964,21.4196789],[106.0424909,21.4196229],[106.0424951,21.419399],[106.0425186,21.4192801],[106.0426095,21.4189472],[106.0426553,21.4187796],[106.042749,21.4184362],[106.0427697,21.4183033],[106.0427716,21.4182025],[106.0427724,21.4181621],[106.0427528,21.4179933],[106.0427405,21.4178875],[106.0427031,21.4176845],[106.0426659,21.4174821],[106.0426354,21.4173873],[106.0425337,21.4170714],[106.0425022,21.4169778],[106.0424735,21.416929],[106.0420236,21.41623],[106.0419293,21.4160634],[106.0418288,21.4158364],[106.0416702,21.4154782],[106.0415357,21.4152147],[106.0413953,21.4149936],[106.0413533,21.4149432],[106.0406706,21.4141242],[106.039972,21.4133151],[106.0399042,21.4132267],[106.0398887,21.4132048],[106.0391351,21.4121439],[106.0390413,21.4120108],[106.0389241,21.4118601],[106.0387998,21.4117248],[106.0381034,21.4110677],[106.0380237,21.4109782],[106.0379604,21.4108909],[106.0379088,21.4108035],[106.0374562,21.4097797],[106.037421,21.409664],[106.0373932,21.4095284],[106.0373815,21.4094139],[106.0373804,21.4093858],[106.0373812,21.4092296],[106.0373976,21.4091008],[106.0374281,21.4089589],[106.0377165,21.407983],[106.0377352,21.4078761],[106.0377446,21.407756],[106.0376954,21.4065858],[106.0376839,21.4064795],[106.0376687,21.4063994],[106.0376485,21.4063217],[106.037421,21.4056799],[106.0373812,21.4056013],[106.0373319,21.4055336],[106.0372689,21.4054676],[106.0369115,21.4051737],[106.0368636,21.4051254],[106.0368264,21.4050721],[106.036796,21.405007],[106.0367635,21.4049016],[106.0366705,21.4043716],[106.0366589,21.4042701],[106.0366545,21.4041754],[106.0366574,21.4040579],[106.0367527,21.4024887],[106.0367643,21.4023919],[106.0367845,21.4023167],[106.0368191,21.4022414],[106.0368769,21.4021662],[106.0372666,21.4017818],[106.0374196,21.4016152],[106.0375293,21.4014795],[106.037587,21.4013988],[106.0377398,21.4011779]]}},{"type":"Feature","properties":{"id":505},"geometry":{"type":"LineString","coordinates":[[106.2867398,21.3498047],[106.2874353,21.3511659],[106.2877103,21.3518537]]}},{"type":"Feature","properties":{"id":506},"geometry":{"type":"LineString","coordinates":[[106.2875824,21.3518621],[106.2873263,21.3512105],[106.2866202,21.3498903]]}},{"type":"Feature","properties":{"id":507},"geometry":{"type":"LineString","coordinates":[[106.2838261,21.3468675],[106.2845124,21.3473539],[106.2850748,21.3478418],[106.2858387,21.3486144]]}},{"type":"Feature","properties":{"id":508},"geometry":{"type":"LineString","coordinates":[[106.2857068,21.348701],[106.2849476,21.3479359],[106.2843935,21.3474623],[106.2837385,21.3469906]]}},{"type":"Feature","properties":{"id":509},"geometry":{"type":"LineString","coordinates":[[106.2865417,21.3518338],[106.2873837,21.3518095]]}},{"type":"Feature","properties":{"id":510},"geometry":{"type":"LineString","coordinates":[[106.2863471,21.3518372],[106.2865417,21.3518338]]}},{"type":"Feature","properties":{"id":511},"geometry":{"type":"LineString","coordinates":[[106.2873837,21.3518095],[106.2878773,21.3517971]]}},{"type":"Feature","properties":{"id":512},"geometry":{"type":"LineString","coordinates":[[106.286022,21.3488306],[106.2864102,21.3493122],[106.2867398,21.3498047]]}},{"type":"Feature","properties":{"id":513},"geometry":{"type":"LineString","coordinates":[[106.2858387,21.3486144],[106.286022,21.3488306]]}},{"type":"Feature","properties":{"id":514},"geometry":{"type":"LineString","coordinates":[[106.2859218,21.3489581],[106.2857068,21.348701]]}},{"type":"Feature","properties":{"id":515},"geometry":{"type":"LineString","coordinates":[[106.2866202,21.3498903],[106.2862666,21.3493874],[106.2859218,21.3489581]]}},{"type":"Feature","properties":{"id":516},"geometry":{"type":"LineString","coordinates":[[106.7764073,21.3784166],[106.7763752,21.3785927],[106.7762317,21.3789098],[106.7760453,21.3793494]]}},{"type":"Feature","properties":{"id":517},"geometry":{"type":"LineString","coordinates":[[106.7760453,21.3793494],[106.7759245,21.3796516],[106.7757583,21.3800912]]}},{"type":"Feature","properties":{"id":518},"geometry":{"type":"LineString","coordinates":[[106.7759464,21.3793175],[106.7761525,21.3788424],[106.7762488,21.3786406],[106.776284,21.3785614],[106.7764073,21.3784166]]}},{"type":"Feature","properties":{"id":519},"geometry":{"type":"LineString","coordinates":[[106.7753264,21.3809179],[106.7753452,21.3807581],[106.7754231,21.3805981],[106.7754565,21.3805296],[106.7756131,21.3801698],[106.7756631,21.3800551]]}},{"type":"Feature","properties":{"id":520},"geometry":{"type":"LineString","coordinates":[[106.2805616,21.3520446],[106.2806173,21.3520454],[106.2824902,21.3519396],[106.2828007,21.3519374],[106.283854,21.351882],[106.2846591,21.3518396],[106.284821,21.3518219],[106.2863471,21.3518372]]}},{"type":"Feature","properties":{"id":521},"geometry":{"type":"LineString","coordinates":[[106.2804696,21.3520527],[106.2805616,21.3520446]]}},{"type":"Feature","properties":{"id":522},"geometry":{"type":"LineString","coordinates":[[105.9714416,21.3485053],[105.9717447,21.3486153],[105.973067,21.3490875],[105.9731748,21.3491354]]}},{"type":"Feature","properties":{"id":523},"geometry":{"type":"LineString","coordinates":[[105.9713075,21.3484529],[105.9714416,21.3485053]]}},{"type":"Feature","properties":{"id":524},"geometry":{"type":"LineString","coordinates":[[105.9713772,21.3486053],[105.9712484,21.3485578]]}},{"type":"Feature","properties":{"id":525},"geometry":{"type":"LineString","coordinates":[[105.9712484,21.3485578],[105.9710848,21.3484916],[105.9707174,21.348343],[105.9692916,21.3478096],[105.9691175,21.3477232],[105.9690303,21.3476504],[105.9690226,21.347644],[105.968972,21.3475889],[105.9689314,21.34752],[105.9689017,21.3474319],[105.9687878,21.3470445],[105.9687171,21.3467691],[105.9686572,21.3465292],[105.9686022,21.346367],[105.9685356,21.3462148],[105.9684861,21.3461069],[105.968426,21.3459788],[105.9683118,21.3457725],[105.9680913,21.3453818],[105.9679191,21.3450893],[105.9676573,21.3446065],[105.9674285,21.3442135],[105.9673639,21.3440976],[105.9669044,21.3432856],[105.9665993,21.3427639],[105.9664255,21.3424532],[105.9662489,21.3421531],[105.9661156,21.3419088],[105.965889,21.3415018],[105.9657536,21.3412555],[105.9655259,21.3408501],[105.9653757,21.3405845],[105.9651818,21.3402538],[105.9646186,21.3392443],[105.9645122,21.3390478],[105.9644138,21.3388583],[105.9643081,21.338631],[105.9642476,21.3384967],[105.9641887,21.3383523],[105.9641225,21.3381903],[105.9640458,21.337992],[105.9639763,21.3377777],[105.9639149,21.3376003],[105.9638394,21.3373779],[105.9637791,21.3371874],[105.963621,21.3366974],[105.9636007,21.3366348],[105.9635422,21.3364456],[105.9634789,21.33626],[105.9633527,21.3358874],[105.9632872,21.335672],[105.9631968,21.3353778],[105.9631145,21.3351367],[105.9629884,21.334757],[105.962831,21.3343206],[105.9626914,21.3338551],[105.9626077,21.3336177],[105.9625034,21.3332874],[105.9624427,21.3330845],[105.9623759,21.3328836],[105.9623021,21.3326508],[105.9622479,21.3324937],[105.9622138,21.3323519],[105.9621935,21.3322462],[105.9621732,21.3321389],[105.962147,21.3319918],[105.9621332,21.3318576],[105.9621267,21.331705],[105.9621207,21.3316138],[105.9621108,21.3313263],[105.9621123,21.3311024],[105.9621159,21.3306149],[105.9621137,21.330181],[105.9621191,21.3297275],[105.9621294,21.3289238],[105.9621307,21.3285101],[105.9621316,21.32813],[105.962142,21.3271519],[105.9621429,21.32683],[105.9621482,21.326326],[105.9621419,21.3255963],[105.9621231,21.3249944],[105.9621122,21.3247307],[105.9620465,21.324195],[105.9620166,21.3240281],[105.962,21.3239388],[105.9619877,21.3238705],[105.9619217,21.3235847],[105.9617956,21.3230779],[105.9614937,21.3219284],[105.9613364,21.321366],[105.9612531,21.3210599],[105.9611784,21.3207743],[105.9610421,21.3202747],[105.9608665,21.3195577],[105.9607309,21.3190532],[105.9605195,21.3182438],[105.9603171,21.3174975],[105.9601009,21.3166465],[105.9599188,21.3160106],[105.9597432,21.3153338],[105.9596711,21.3150735],[105.9596241,21.3149026],[105.9594642,21.3142358],[105.9592954,21.3136294],[105.9591694,21.3131728],[105.9591418,21.3130569],[105.9590131,21.3126768],[105.9589245,21.3124935],[105.9588662,21.3123596],[105.9588112,21.3122281],[105.9587302,21.3120664],[105.9583966,21.3114422],[105.9579587,21.3106132],[105.957561,21.3098597],[105.9571481,21.3090641],[105.956851,21.3085083],[105.9565964,21.3080154],[105.9563582,21.3075719],[105.9562907,21.3074333],[105.9562424,21.3073368],[105.9560893,21.3070705],[105.955919,21.3068409],[105.9555473,21.3063684],[105.9551968,21.3059826],[105.9550391,21.3057992],[105.9547364,21.3054827],[105.9545676,21.3052652],[105.9544445,21.3051026],[105.9543665,21.3049845],[105.9542929,21.3048631],[105.9541989,21.3046556],[105.9541561,21.3045538],[105.9538398,21.3037879],[105.9535323,21.3030391],[105.9532518,21.3023572],[105.952901,21.3014821],[105.9526937,21.3009734],[105.952485,21.30047],[105.9523912,21.3002376],[105.9523241,21.3000451],[105.9522864,21.299915],[105.9522428,21.2997525],[105.9522057,21.2995236],[105.9521702,21.2993338],[105.9520459,21.298573],[105.9519754,21.2980784],[105.9518869,21.2975711],[105.9518147,21.2970638],[105.9517121,21.2964762],[105.9516054,21.2958421],[105.9515138,21.2953181],[105.951457,21.2949543],[105.9514114,21.294687],[105.9513482,21.294301],[105.9512335,21.2937164],[105.9511068,21.2929572],[105.9509966,21.2922746],[105.9508648,21.2915358],[105.9495919,21.288903],[105.9493531,21.2884673],[105.9490452,21.2880717],[105.948744,21.2877844],[105.9484966,21.2875741],[105.9462358,21.2860883],[105.9454219,21.2855298],[105.944279,21.2846537],[105.9432798,21.2838685],[105.9430842,21.2836918],[105.9429174,21.2835278],[105.942814,21.2834004],[105.9427024,21.2832282],[105.9426017,21.2830492],[105.9425333,21.2828525],[105.9424719,21.282636],[105.942156,21.2809959],[105.9421196,21.2807699],[105.9421154,21.2805867],[105.9421306,21.280401],[105.9421552,21.2802124],[105.9422671,21.2797899],[105.9423258,21.2795601],[105.9423844,21.2793263],[105.9424122,21.27921]]}},{"type":"Feature","properties":{"id":526},"geometry":{"type":"LineString","coordinates":[[105.9425681,21.2791413],[105.9422819,21.2802028],[105.9422422,21.2804107],[105.9422287,21.2805721],[105.9422406,21.2807637],[105.9422795,21.2810137],[105.9425899,21.2825756],[105.9426304,21.2827633],[105.9427012,21.2829632],[105.9428128,21.2831762],[105.9429194,21.2833371],[105.9430257,21.2834617],[105.9431877,21.2836275],[105.9444465,21.2846327],[105.9454922,21.2854114],[105.9485693,21.2874959],[105.9488023,21.287681],[105.9491307,21.2880184],[105.949461,21.2884273],[105.9497166,21.2888515],[105.9505779,21.2906505],[105.950976,21.2914991],[105.95113,21.2922974],[105.951248,21.2929137],[105.9514664,21.2942534],[105.9516582,21.2952893],[105.9518298,21.2963482],[105.9519874,21.2973683],[105.9522719,21.2991127],[105.9523169,21.2994188],[105.9523711,21.2996687],[105.9524499,21.2999774],[105.9525742,21.300315],[105.9527975,21.3009297],[105.9530041,21.3013897],[105.9533689,21.3022652],[105.9543116,21.3046129],[105.954431,21.3048463],[105.9545185,21.3049735],[105.954649,21.3051505],[105.9548367,21.3053859],[105.955693,21.3063235],[105.9560694,21.3068121],[105.9562959,21.3071737],[105.9564386,21.3074314],[105.9571845,21.308865],[105.9580922,21.310542],[105.9589668,21.3122551],[105.9591177,21.3126],[105.9592843,21.3131262],[105.9595753,21.3141855],[105.9600249,21.3159353],[105.9604661,21.3175421],[105.960691,21.3184161],[105.9609767,21.3194699],[105.9611359,21.3200541],[105.96125,21.3205356],[105.9616062,21.3218815],[105.9619814,21.3232595],[105.9621442,21.3239836],[105.9622275,21.3245582],[105.9622635,21.3250011],[105.9622779,21.3255718],[105.9622626,21.3277237],[105.9622633,21.3289067],[105.962231,21.3312286],[105.9622308,21.3314392],[105.9622413,21.3316618],[105.962263,21.3318398],[105.9622871,21.3320255],[105.9623353,21.3322661],[105.9623707,21.3324266],[105.9624953,21.3328133],[105.9626042,21.3331724],[105.9627535,21.3336327],[105.9629715,21.3342677],[105.9632752,21.3352375],[105.9634774,21.3358229],[105.963773,21.336766],[105.9641452,21.3378883],[105.9642135,21.3380814],[105.9642939,21.3382883],[105.9644025,21.3385437],[105.9644882,21.3387279],[105.9646287,21.3389973],[105.9648096,21.3393373],[105.965284,21.3401597],[105.9655767,21.3406839],[105.965936,21.3413174],[105.9664454,21.3422145],[105.966552,21.3423966],[105.9670109,21.3431959],[105.9680633,21.3450695],[105.9683063,21.3455161],[105.9685084,21.3458817],[105.9686283,21.3461119],[105.968708,21.3463207],[105.9688096,21.3466334],[105.9690184,21.3474186],[105.969046,21.3475051],[105.9690965,21.347582],[105.9691742,21.3476405],[105.9692777,21.3476853],[105.970079,21.3480057],[105.9709534,21.348323],[105.9713075,21.3484529]]}},{"type":"Feature","properties":{"id":527},"geometry":{"type":"LineString","coordinates":[[105.9731238,21.3492313],[105.9730176,21.3491884],[105.9716896,21.3487196],[105.9713772,21.3486053]]}},{"type":"Feature","properties":{"id":528},"geometry":{"type":"LineString","coordinates":[[105.9731748,21.3491354],[105.9731238,21.3492313],[105.9729991,21.3495356],[105.9728873,21.3497919],[105.9723079,21.3511834],[105.9717929,21.3523425],[105.9715774,21.3528295]]}},{"type":"Feature","properties":{"id":529},"geometry":{"type":"LineString","coordinates":[[105.9714583,21.3527866],[105.9716937,21.3522975],[105.9722167,21.3511459],[105.9727854,21.3497569],[105.9730176,21.3491884],[105.973067,21.3490875]]}},{"type":"Feature","properties":{"id":530},"geometry":{"type":"LineString","coordinates":[[106.2433156,21.187873],[106.2434524,21.187858]]}},{"type":"Feature","properties":{"id":531},"geometry":{"type":"LineString","coordinates":[[106.2187317,21.1905207],[106.2196518,21.1904353],[106.2273461,21.1896355],[106.2360717,21.1886661],[106.2420981,21.1879965],[106.2433156,21.187873]]}},{"type":"Feature","properties":{"id":532},"geometry":{"type":"LineString","coordinates":[[106.2434524,21.187858],[106.2443649,21.1877399],[106.2458289,21.1875479],[106.2469802,21.1874637],[106.2471,21.1874505],[106.2495732,21.1871686],[106.2516713,21.1869453],[106.2554782,21.1865979],[106.2575268,21.1864582],[106.2588993,21.1863848],[106.259656,21.1864288],[106.2603287,21.1865118],[106.2611193,21.186732],[106.2617298,21.1869664],[106.2618848,21.1870269],[106.2637438,21.1879918],[106.26831,21.1900428]]}},{"type":"Feature","properties":{"id":533},"geometry":{"type":"LineString","coordinates":[[106.173973,21.2921467],[106.1737713,21.2920234],[106.1724007,21.2912262],[106.1718227,21.2908913],[106.1714244,21.2906539],[106.171073,21.2904665],[106.1706754,21.2902271],[106.170381,21.2900479],[106.1696595,21.2896193],[106.1689474,21.2892219],[106.1680582,21.2886833],[106.1673823,21.2883085],[106.166807,21.2879523],[106.1656818,21.2873],[106.164192,21.286425],[106.1629942,21.2857493],[106.1628658,21.285677]]}},{"type":"Feature","properties":{"id":534},"geometry":{"type":"LineString","coordinates":[[106.1624385,21.2851576],[106.1625199,21.2851215],[106.1626085,21.2851059],[106.1626773,21.2851084],[106.1627442,21.2851232],[106.1628067,21.2851499],[106.1628625,21.2851874],[106.162955,21.2853083],[106.1629809,21.2854548],[106.1629676,21.2855254],[106.1629439,21.2855815],[106.1629096,21.2856326],[106.1628658,21.285677],[106.1627765,21.2857319],[106.1626736,21.2857593],[106.1625667,21.2857567],[106.1624655,21.2857243],[106.1623794,21.2856651],[106.1623164,21.2855845],[106.1622822,21.28549],[106.1622801,21.2853904],[106.1623101,21.2852947],[106.1623696,21.2852118],[106.1624385,21.2851576]]}},{"type":"Feature","properties":{"id":535},"geometry":{"type":"LineString","coordinates":[[106.1651048,21.2730102],[106.1650407,21.2732163],[106.1650179,21.2733026],[106.1649968,21.2734694]]}},{"type":"Feature","properties":{"id":536},"geometry":{"type":"LineString","coordinates":[[106.1651048,21.2730102],[106.1650562,21.2730168],[106.1650072,21.2730128],[106.1649607,21.2729982],[106.1648895,21.2729471],[106.1648478,21.272873],[106.1648432,21.2727894],[106.1648765,21.2727116],[106.1649417,21.272654],[106.1649774,21.2726379],[106.1650158,21.2726285],[106.1650848,21.2726285],[106.1651501,21.2726494],[106.1652,21.2726845],[106.1652365,21.2727314],[106.1652566,21.2727863],[106.1652586,21.2728442],[106.1652422,21.2729002],[106.165209,21.2729492],[106.1651618,21.2729869],[106.1651048,21.2730102]]}},{"type":"Feature","properties":{"id":537},"geometry":{"type":"LineString","coordinates":[[106.1646145,21.2754546],[106.1645767,21.275448],[106.1645371,21.2754429],[106.1644765,21.2754393],[106.1642941,21.2754384]]}},{"type":"Feature","properties":{"id":538},"geometry":{"type":"LineString","coordinates":[[106.1642941,21.2754384],[106.1644674,21.2753365],[106.1645076,21.2753071],[106.1645715,21.2752525]]}},{"type":"Feature","properties":{"id":539},"geometry":{"type":"LineString","coordinates":[[106.1646646,21.2764204],[106.1642763,21.2782564],[106.1642481,21.2783164],[106.1641989,21.2783872]]}},{"type":"Feature","properties":{"id":540},"geometry":{"type":"LineString","coordinates":[[106.1641015,21.2783618],[106.1640832,21.2782564],[106.1640899,21.2781814],[106.1641543,21.2778277],[106.1644319,21.2764343],[106.1644471,21.2763785]]}},{"type":"Feature","properties":{"id":541},"geometry":{"type":"LineString","coordinates":[[106.1633509,21.2818623],[106.1636091,21.2806713],[106.1638217,21.2796073],[106.1639491,21.2790637],[106.164055,21.2785388],[106.1641015,21.2783618],[106.1641223,21.2782644]]}},{"type":"Feature","properties":{"id":542},"geometry":{"type":"LineString","coordinates":[[106.1634032,21.2821816],[106.1632641,21.2828345],[106.1629567,21.2841985],[106.1628534,21.2847358],[106.1628306,21.2848645],[106.1628266,21.2849907],[106.1628319,21.2850645],[106.1628625,21.2851874]]}},{"type":"Feature","properties":{"id":543},"geometry":{"type":"LineString","coordinates":[[106.1649968,21.2734694],[106.1649683,21.2737412],[106.1648288,21.2749234],[106.1647363,21.2754871],[106.1646169,21.2761806],[106.1644641,21.2769779],[106.1642192,21.278279]]}},{"type":"Feature","properties":{"id":544},"geometry":{"type":"LineString","coordinates":[[106.1641223,21.2782644],[106.1642951,21.2774578],[106.164566,21.2760532],[106.1646742,21.2754236],[106.1649227,21.2734641]]}},{"type":"Feature","properties":{"id":545},"geometry":{"type":"LineString","coordinates":[[106.1787666,21.2735755],[106.1786938,21.2736434],[106.1778327,21.2737431],[106.1762712,21.2739369],[106.1745368,21.2741559],[106.173222,21.2743137],[106.1725757,21.2744039],[106.1719321,21.2744817],[106.1710994,21.2745793],[106.1671671,21.2750629],[106.165394,21.2752973],[106.1651803,21.2752596]]}},{"type":"Feature","properties":{"id":546},"geometry":{"type":"LineString","coordinates":[[106.1645715,21.2752525],[106.1646212,21.2751954],[106.1646456,21.2751754],[106.1647109,21.2751554],[106.1647795,21.2751596],[106.1648415,21.2751873],[106.1648949,21.2752495],[106.1649163,21.275311]]}},{"type":"Feature","properties":{"id":547},"geometry":{"type":"LineString","coordinates":[[106.1629676,21.2855254],[106.1632074,21.285683],[106.1638257,21.2860629],[106.1643768,21.286373],[106.16595,21.2873],[106.1668807,21.2878449],[106.16771,21.2883341],[106.168482,21.2887896],[106.1700189,21.2896843],[106.1708115,21.2901495],[106.1715424,21.290579],[106.1720279,21.2908589],[106.1724609,21.2910968],[106.1738382,21.2918953],[106.1740595,21.292018]]}},{"type":"Feature","properties":{"id":548},"geometry":{"type":"LineString","coordinates":[[106.1881447,21.2303276],[106.1884907,21.2300574],[106.1887332,21.2298255],[106.1890839,21.2294313],[106.1892842,21.2291859],[106.1894099,21.2288029],[106.1894903,21.2284835],[106.189716,21.2273509],[106.1898532,21.2266033],[106.1899958,21.2257889],[106.1900222,21.2255131],[106.1901232,21.2249563],[106.1901489,21.2248716],[106.1903045,21.2242966],[106.1903474,21.224194],[106.1903578,21.2241708],[106.1904091,21.2240565],[106.1905405,21.223869],[106.1906746,21.2237115],[106.1908463,21.223539],[106.1908913,21.2235014],[106.1910505,21.2233685],[106.1911789,21.2232614],[106.1913706,21.2230714],[106.1921234,21.222287],[106.192296,21.2220338],[106.1924757,21.2217087],[106.1926125,21.22141],[106.1927332,21.2211587],[106.1932647,21.2202116],[106.1933055,21.2201245],[106.1934103,21.2199005],[106.1935335,21.2195775],[106.1935674,21.2194172],[106.1935727,21.2192222],[106.1935244,21.2187796],[106.1935177,21.2184545],[106.193534,21.2181758],[106.1935459,21.2180157],[106.1935808,21.2178269],[106.1936575,21.2175783],[106.1936948,21.2174619],[106.1937913,21.2172206],[106.1939284,21.2169641],[106.1940469,21.2168435],[106.1944941,21.2164605],[106.1946483,21.2163292],[106.1947972,21.2161829],[106.1949132,21.2159994],[106.1950305,21.2157541],[106.1951499,21.2154903],[106.1951685,21.2154437],[106.195365,21.2149514],[106.1954492,21.2147397],[106.195571,21.2144339],[106.1957145,21.2140513],[106.1957695,21.21394],[106.195921,21.2137688],[106.1960086,21.2136935],[106.1970161,21.212807],[106.1973427,21.2125196],[106.1974056,21.2124585],[106.1976081,21.212286],[106.1977918,21.2121122],[106.1979662,21.2119559],[106.1980105,21.211916],[106.1983111,21.2116449],[106.1984101,21.2115546],[106.1988643,21.211114],[106.1992078,21.2107807],[106.1995339,21.2104844],[106.1999787,21.2100877],[106.2004343,21.2096813],[106.2007803,21.2093804],[106.2009229,21.2092565],[106.2010223,21.2091592]]}},{"type":"Feature","properties":{"id":549},"geometry":{"type":"LineString","coordinates":[[106.1870882,21.2378698],[106.1866812,21.237666],[106.1862712,21.2374933],[106.1859979,21.2374027],[106.1856364,21.2372923],[106.1852052,21.2371904],[106.1833441,21.2368099],[106.1825099,21.2366431],[106.1807814,21.2362988]]}},{"type":"Feature","properties":{"id":550},"geometry":{"type":"LineString","coordinates":[[106.508342,21.280537],[106.5081865,21.2801771]]}},{"type":"Feature","properties":{"id":551},"geometry":{"type":"LineString","coordinates":[[106.5081865,21.2801771],[106.5080721,21.2798936],[106.5078769,21.2795215],[106.5077177,21.27926]]}},{"type":"Feature","properties":{"id":552},"geometry":{"type":"LineString","coordinates":[[106.0401752,21.3104287],[106.0402637,21.3103606]]}},{"type":"Feature","properties":{"id":553},"geometry":{"type":"LineString","coordinates":[[106.2062499,21.3979931],[106.2063211,21.3977394],[106.2067314,21.396109],[106.2067997,21.3957607],[106.2068225,21.3954942],[106.2068114,21.3951458],[106.2067769,21.3948764],[106.2067124,21.3945992],[106.2066403,21.3943736],[106.2065135,21.3940738],[106.2058577,21.3929651],[106.2056948,21.3926897],[106.2055394,21.3924066],[106.20533,21.3919411],[106.2052387,21.3916359],[106.2051577,21.3910383],[106.2050732,21.3900663],[106.2050225,21.3897392],[106.2048942,21.3893366],[106.2047519,21.389036],[106.2041347,21.3877323],[106.2040416,21.3874929],[106.2039578,21.3872149],[106.2039077,21.3869397],[106.20383,21.3862004],[106.2037557,21.3856625],[106.2036814,21.38536],[106.2035564,21.385024],[106.2033142,21.3845829],[106.2029367,21.3838992],[106.202922,21.3838713],[106.2027799,21.3836009],[106.2026781,21.3833096],[106.2026261,21.3830823],[106.202595,21.3828107],[106.2025868,21.38252],[106.2026308,21.3814883],[106.2026206,21.3811517],[106.2025835,21.3808717],[106.2022485,21.3795079],[106.2022051,21.3792548],[106.2021882,21.3789786],[106.2021957,21.3787944],[106.2022183,21.3785234],[106.2022297,21.3784336],[106.2022389,21.3783614],[106.2023031,21.3779996],[106.2024011,21.3776172],[106.20256,21.3769976],[106.202831,21.3759405],[106.2028909,21.3757032],[106.202928,21.3754389],[106.2029598,21.3749283],[106.2029787,21.3744543],[106.2029994,21.3742017],[106.20302,21.3739654],[106.2030771,21.3737221],[106.2031307,21.37352],[106.2032837,21.3730652],[106.2033998,21.3727095],[106.2035422,21.3724241],[106.203611,21.3721304],[106.20364,21.3718499],[106.2036377,21.3716166],[106.2036065,21.3713767],[106.2035539,21.3710909],[106.2034027,21.3705334],[106.2029386,21.370038],[106.2016931,21.3693236],[106.200892,21.368804],[106.1994444,21.3678606],[106.1989877,21.3675501],[106.1982967,21.3668926],[106.1980032,21.366602],[106.1979832,21.3665822],[106.1978169,21.3664176],[106.1963435,21.3646228],[106.1960504,21.3642658],[106.1939069,21.3616432],[106.1928001,21.3603472],[106.1924697,21.3600943],[106.1918474,21.3597687],[106.1912123,21.3595904],[106.1899654,21.359212],[106.1890498,21.3589425]]}},{"type":"Feature","properties":{"id":554},"geometry":{"type":"LineString","coordinates":[[106.7529394,21.2159154],[106.752757,21.2158491],[106.7525934,21.2157654],[106.7523627,21.2156341],[106.7521736,21.2154978],[106.7520626,21.2154157],[106.7518035,21.215224],[106.7515286,21.215016],[106.7513499,21.2148808],[106.7512764,21.2148252],[106.7508352,21.2144739],[106.7507747,21.2144299],[106.7504061,21.2141618],[106.7501539,21.2139688],[106.7499447,21.2138],[106.7495276,21.2134881],[106.7493479,21.2133537],[106.7492985,21.2133198],[106.7490368,21.2131399],[106.7488854,21.2130531],[106.7487644,21.2129838],[106.7486197,21.2129024],[106.7483421,21.2127923],[106.7482801,21.2127687],[106.747834,21.212622],[106.7471364,21.212391],[106.7469524,21.2123104],[106.7467422,21.212216],[106.7465691,21.212121],[106.7444488,21.2106869],[106.7442868,21.2105901],[106.7441162,21.2104881],[106.7440302,21.2104484],[106.7438319,21.2103569],[106.7436765,21.2102949]]}},{"type":"Feature","properties":{"id":555},"geometry":{"type":"LineString","coordinates":[[106.2487976,21.2010564],[106.2491284,21.2008886]]}},{"type":"Feature","properties":{"id":556},"geometry":{"type":"LineString","coordinates":[[106.2492372,21.2008883],[106.2492508,21.2009143],[106.2492509,21.2009431],[106.2492375,21.2009692],[106.2492134,21.2009873],[106.2491832,21.2009938],[106.249153,21.2009875],[106.2491287,21.2009695],[106.2491152,21.2009436],[106.2491151,21.2009147],[106.2491284,21.2008886],[106.2491526,21.2008706],[106.2491827,21.200864],[106.249213,21.2008704],[106.2492372,21.2008883]]}},{"type":"Feature","properties":{"id":557},"geometry":{"type":"LineString","coordinates":[[106.2488439,21.2010818],[106.2488564,21.2011045],[106.2488592,21.2011299],[106.2488517,21.2011544],[106.2488307,21.2011781],[106.2488007,21.2011908],[106.24877,21.2011905],[106.2487421,21.2011784],[106.248722,21.2011568],[106.2487132,21.2011294],[106.2487179,21.2010991],[106.2487364,21.2010738],[106.2487648,21.2010585],[106.2487976,21.2010564],[106.2488233,21.201065],[106.2488439,21.2010818]]}},{"type":"Feature","properties":{"id":558},"geometry":{"type":"LineString","coordinates":[[106.2491832,21.2009938],[106.2490251,21.2010711],[106.2490105,21.2010782],[106.2488517,21.2011544]]}},{"type":"Feature","properties":{"id":559},"geometry":{"type":"LineString","coordinates":[[106.2510389,21.195238],[106.2506408,21.1957319],[106.2501585,21.1964462],[106.2500482,21.1966483],[106.2498229,21.1971011],[106.2497364,21.1973133],[106.2495364,21.1981545],[106.2493713,21.1988288],[106.2493891,21.199091],[106.2494097,21.1993943],[106.2494253,21.1996248],[106.2494384,21.1998172],[106.249452,21.200017],[106.2494088,21.2002645],[106.2493617,21.2005424],[106.2493505,21.2005737],[106.2492372,21.2008883]]}},{"type":"Feature","properties":{"id":560},"geometry":{"type":"LineString","coordinates":[[106.3578782,21.2356274],[106.3570664,21.2378129]]}},{"type":"Feature","properties":{"id":561},"geometry":{"type":"LineString","coordinates":[[106.3805234,21.2711235],[106.3798231,21.2701595],[106.3795773,21.2697347],[106.3791873,21.2689369],[106.3788141,21.2681733],[106.3786156,21.267752],[106.3782804,21.2670108],[106.3765882,21.2632685],[106.376444,21.2629496],[106.3763663,21.2627778],[106.3763484,21.2627382],[106.3761764,21.2624405],[106.3761302,21.2623861],[106.3760985,21.2623487],[106.3759927,21.2622574],[106.3759408,21.2622191],[106.3755822,21.2619665],[106.3752407,21.2617207],[106.3750649,21.2615827],[106.3748495,21.2614063],[106.3747979,21.2613392],[106.3743182,21.260432],[106.374295,21.2603908],[106.3737731,21.2594297],[106.3734781,21.258881],[106.3730167,21.2580374],[106.3727311,21.2575037],[106.3724199,21.2569337],[106.3723207,21.2567463],[106.3722188,21.2566063],[106.3721233,21.256491],[106.3715415,21.2557889],[106.3714781,21.2557135],[106.3705733,21.2546377],[106.3700598,21.2540019],[106.3699989,21.2539303],[106.3699484,21.2538711],[106.3699044,21.2538194],[106.3694326,21.2532656],[106.3694114,21.2532407],[106.3691517,21.2529966],[106.3689905,21.2528714],[106.368929,21.2528285],[106.3686052,21.2525957],[106.3684348,21.252482],[106.3682638,21.2523642],[106.3681625,21.2522934],[106.3678652,21.252081],[106.3677772,21.2520201],[106.3677049,21.2519672],[106.3676694,21.2519396],[106.3675236,21.2518322],[106.3671447,21.2515458],[106.3670485,21.2514796],[106.3669005,21.2513778],[106.3667662,21.2514012],[106.3667556,21.2512675],[106.3666443,21.2511876],[106.3664543,21.2510512],[106.3661778,21.2508527],[106.3661259,21.2508126],[106.365815,21.2505718],[106.3657104,21.2504768],[106.3656734,21.2504082],[106.3656058,21.2503068],[106.3655522,21.2501718],[106.3654678,21.2499319],[106.3652463,21.2493663],[106.3651573,21.2490868],[106.365105,21.2489532],[106.3649912,21.2486423],[106.3648316,21.2482109],[106.3646443,21.2477371],[106.3644591,21.247243],[106.364439,21.2471895],[106.3642842,21.2468099],[106.3642427,21.2467082],[106.3640647,21.2463761],[106.3639194,21.2461834],[106.3636889,21.2459384],[106.3634386,21.2456909],[106.3633722,21.2456438],[106.3630899,21.2454521],[106.3629379,21.245379],[106.3624779,21.245204],[106.3617232,21.2449585],[106.3612644,21.2447886],[106.3605248,21.2444512],[106.3578713,21.2429962],[106.3572331,21.2426462],[106.3568098,21.2422152],[106.3564576,21.2416732],[106.356274,21.2410982],[106.35623,21.2407602],[106.3562368,21.2404846],[106.3562672,21.2403302],[106.3563012,21.2401571],[106.3564337,21.2395693],[106.3564943,21.2393546],[106.3567238,21.238641],[106.3567923,21.2384345],[106.3568666,21.2382095]]}},{"type":"Feature","properties":{"id":562},"geometry":{"type":"LineString","coordinates":[[106.2660098,21.3522775],[106.2661346,21.3523023],[106.2670162,21.3524463],[106.2672678,21.3524874],[106.2676296,21.3525412],[106.268723,21.3527038],[106.269073,21.352765],[106.2708963,21.3530836],[106.2721481,21.3532646],[106.2722346,21.3532676],[106.2724659,21.3532568],[106.2732895,21.3530845],[106.2737051,21.3529945],[106.2743277,21.3528689],[106.2755742,21.3526174],[106.2760983,21.3525303],[106.2761653,21.3525192],[106.2768917,21.3523466],[106.2779753,21.3521634],[106.2781234,21.3521384],[106.2782323,21.3521335],[106.2789785,21.3521001],[106.279657,21.3520697],[106.2804696,21.3520527]]}},{"type":"Feature","properties":{"id":563},"geometry":{"type":"LineString","coordinates":[[106.2659138,21.3522655],[106.2660098,21.3522775]]}},{"type":"Feature","properties":{"id":564},"geometry":{"type":"LineString","coordinates":[[105.9948961,21.2928169],[105.9949454,21.2928419]]}},{"type":"Feature","properties":{"id":565},"geometry":{"type":"LineString","coordinates":[[106.6517597,21.5194023],[106.6516432,21.5197509]]}},{"type":"Feature","properties":{"id":566},"geometry":{"type":"LineString","coordinates":[[106.6581703,21.5112464],[106.6582688,21.5115985],[106.6582876,21.5117131],[106.6582896,21.5117754],[106.6582748,21.5118165],[106.6582695,21.5118465],[106.65824,21.5119176],[106.6582153,21.5119668],[106.6581622,21.5120536],[106.6581021,21.5121405],[106.6578363,21.5124566],[106.6576767,21.5126201],[106.6570041,21.5133669],[106.6566548,21.5137854],[106.6565896,21.5138514],[106.6563603,21.5140836],[106.6536986,21.5164653],[106.6528711,21.5172058],[106.652587,21.5174655],[106.6525378,21.517528],[106.6524705,21.5176132],[106.6523713,21.5177804],[106.6522453,21.5180979],[106.6519841,21.5187997],[106.6517597,21.5194023]]}},{"type":"Feature","properties":{"id":567},"geometry":{"type":"LineString","coordinates":[[106.0868654,21.4407491],[106.0870431,21.4407881]]}},{"type":"Feature","properties":{"id":568},"geometry":{"type":"LineString","coordinates":[[106.2747376,21.2629471],[106.2748383,21.2630082]]}},{"type":"Feature","properties":{"id":569},"geometry":{"type":"LineString","coordinates":[[106.2329114,21.2554628],[106.2347916,21.2554423],[106.2362988,21.2554258],[106.236838,21.2554199],[106.2382369,21.2554046],[106.2421703,21.2553519],[106.2428113,21.2553433],[106.2441754,21.2553251],[106.2447715,21.2553171],[106.2491654,21.2552582],[106.2501835,21.2552446],[106.2517247,21.2552239],[106.2529539,21.2552075],[106.2554126,21.2551751],[106.2621257,21.2551488],[106.2633106,21.255377],[106.2643791,21.2558067],[106.2652598,21.2563482],[106.2656162,21.2565673],[106.2658463,21.2567083],[106.2658702,21.2567253],[106.2669085,21.2574625],[106.2670493,21.2575636],[106.2675732,21.2579398],[106.2685752,21.2586594],[106.2706667,21.2601612],[106.2712265,21.2605338],[106.2712592,21.2605618],[106.2714447,21.2606914],[106.2718195,21.2609535],[106.2721291,21.2611741],[106.2724238,21.261384],[106.2733521,21.2620583],[106.273936,21.2624374],[106.2747376,21.2629471]]}},{"type":"Feature","properties":{"id":570},"geometry":{"type":"LineString","coordinates":[[106.0008182,21.2924429],[106.0013455,21.2916236],[106.0018122,21.2908489],[106.001884,21.2907161],[106.0021394,21.2902441],[106.0025632,21.2893969],[106.0028234,21.2887846],[106.003156,21.2878224],[106.003333,21.2871301],[106.0035047,21.2863053],[106.0035903,21.2858529],[106.003633,21.2854104],[106.0037487,21.284236],[106.0039172,21.2825762],[106.0038989,21.2819316],[106.0038453,21.2814968],[106.003701,21.2800783],[106.0035406,21.2789297],[106.0033142,21.2780212],[106.0030246,21.2772514],[106.0021663,21.275297],[106.0020352,21.2750049],[106.0019463,21.274807]]}},{"type":"Feature","properties":{"id":571},"geometry":{"type":"LineString","coordinates":[[106.0367929,21.4299383],[106.036284,21.4308428],[106.0356986,21.4318956],[106.0356019,21.4320616],[106.0346103,21.4337644],[106.0342285,21.43442],[106.0340438,21.4348643],[106.034002,21.4349932],[106.033873,21.4355206],[106.0338507,21.4356117],[106.033666,21.436756],[106.0336524,21.4368765],[106.0336111,21.4372031],[106.0335843,21.4374155],[106.033565,21.4375373],[106.0334738,21.4381144],[106.033344,21.438912],[106.0333349,21.4389616],[106.0332779,21.4392717],[106.0332051,21.4396353],[106.0331047,21.4399515],[106.0329333,21.4403915],[106.0328995,21.4404577],[106.0328152,21.440617],[106.0326408,21.4409003],[106.03205,21.4416538],[106.0319981,21.4417134],[106.0318609,21.441871],[106.0309344,21.442835],[106.0308898,21.4428823],[106.0304125,21.4431376],[106.0298346,21.4432523],[106.0296788,21.4434133],[106.0296172,21.4441846],[106.029388,21.4444367],[106.0289104,21.4448832],[106.028226,21.4454264],[106.0282134,21.4454369]]}},{"type":"Feature","properties":{"id":572},"geometry":{"type":"LineString","coordinates":[[106.6788011,21.6167782],[106.6788393,21.6166329],[106.6788574,21.6165825],[106.6788923,21.6165432],[106.6790747,21.6163842],[106.6797694,21.6158144],[106.6798525,21.6157346],[106.6799276,21.6156237],[106.6799907,21.6155152],[106.6800161,21.6153918],[106.6800322,21.6152571],[106.6800456,21.6149965],[106.6800684,21.614908],[106.6801207,21.6148357],[106.6801824,21.6147896],[106.6803058,21.6147409],[106.6807833,21.6145701],[106.6811413,21.6144143],[106.6816228,21.6142285],[106.6825877,21.6138788],[106.6828807,21.6137709],[106.6830256,21.6137123],[106.6831503,21.6136438],[106.683385,21.6134867],[106.6836224,21.6132984],[106.6837498,21.6132173],[106.6848508,21.6126787],[106.6849353,21.6126301],[106.6850641,21.6125216],[106.6851392,21.612478],[106.6853202,21.6124019],[106.6854087,21.6123483],[106.6856971,21.6121364],[106.6858137,21.612089],[106.6859371,21.6120566],[106.6862684,21.6120142],[106.6863904,21.6119917],[106.6865473,21.6119431],[106.6871615,21.6117012],[106.6872487,21.6116526],[106.687401,21.6115156],[106.6874673,21.6114718],[106.6877811,21.6113072],[106.6878603,21.6112461],[106.6879273,21.6111514],[106.6880762,21.6107948],[106.6881573,21.6105731],[106.6881842,21.6105382],[106.6882311,21.6105111],[106.6883089,21.6105024],[106.6885778,21.6105304],[106.6888312,21.610513],[106.6897217,21.6103347],[106.6899685,21.6102586],[106.690399,21.6100822],[106.6908556,21.6098505],[106.6913008,21.609656],[106.691374,21.6096127],[106.6914222,21.6095566],[106.6914444,21.6094843],[106.6914082,21.60899],[106.6914082,21.6089638],[106.6914169,21.6089289],[106.6914337,21.608904],[106.6914732,21.6088902],[106.6915014,21.6088927],[106.6915389,21.6089133],[106.6915731,21.6089512],[106.6917475,21.6091745],[106.6918132,21.6092349],[106.6918876,21.6092661],[106.691958,21.6092755],[106.6920371,21.6092649],[106.692125,21.6092362],[106.6922423,21.609182],[106.6923315,21.609124],[106.6924147,21.609051],[106.6926319,21.6087855],[106.692823,21.6085978],[106.6929444,21.6084183],[106.6929833,21.6083771],[106.6930322,21.6083441],[106.6931992,21.6082693],[106.6932703,21.6082225],[106.6933253,21.6081807],[106.6935144,21.6080137],[106.6935747,21.6079738],[106.693633,21.607942],[106.6938483,21.6078491],[106.6939381,21.6077992],[106.6940092,21.6077319],[106.6941112,21.6076022],[106.694193,21.6074912],[106.6943002,21.6073029],[106.6944317,21.6071159],[106.6945551,21.6069975],[106.6946878,21.606899],[106.6949539,21.6067635],[106.6951498,21.6066558],[106.6952135,21.6066034],[106.6952457,21.6065573],[106.6952813,21.6064756],[106.6953295,21.6063235],[106.6953336,21.6062643],[106.6953222,21.6062119],[106.695296,21.6061558],[106.6951827,21.6059632],[106.6951686,21.6059139],[106.69517,21.6058722],[106.6952006,21.6058309],[106.6952424,21.6058098],[106.6953141,21.6057973],[106.6959892,21.605791],[106.6960866,21.605783],[106.6961724,21.6057568],[106.6962663,21.6056932],[106.6964071,21.6055286],[106.6964474,21.6054563],[106.6964728,21.6053865],[106.6965225,21.6051857],[106.6965654,21.605091],[106.6966385,21.6049857],[106.6967302,21.6048753],[106.696957,21.6046602],[106.6969946,21.6046066],[106.697008,21.6045598],[106.6970113,21.6045019],[106.6969946,21.6044352],[106.6969449,21.6043429],[106.6968222,21.6041939],[106.6967592,21.6041396],[106.6966411,21.604076],[106.6965499,21.6040661],[106.6963971,21.6040318],[106.6963267,21.6040044],[106.6962543,21.6039563],[106.6961615,21.603853],[106.6960102,21.6036664],[106.6959908,21.6036122],[106.6959888,21.6035536],[106.6959982,21.603513],[106.6960806,21.6033653],[106.6960934,21.603321],[106.696092,21.6032674],[106.6960786,21.6032231],[106.6960411,21.6031845],[106.6957219,21.6029719],[106.6956709,21.6029576],[106.695624,21.6029544],[106.6955757,21.6029644],[106.6953457,21.6030511],[106.695288,21.6030567],[106.6952458,21.6030498],[106.6952116,21.6030224],[106.6951942,21.6029731],[106.6951627,21.6028273],[106.6951264,21.6027886],[106.6950829,21.6027761],[106.6950239,21.6027792],[106.6949729,21.6027936],[106.6945773,21.6031477],[106.6945156,21.6031758],[106.6944633,21.6031801],[106.6944083,21.6031683],[106.6943097,21.6031022],[106.6942553,21.6030831],[106.694189,21.6030841],[106.6941265,21.603098],[106.6938048,21.6032225],[106.6937357,21.6032294],[106.6936787,21.6032275],[106.6936337,21.6032101],[106.6935922,21.6031807],[106.693558,21.6031377],[106.6935392,21.6030723],[106.6935285,21.6029694],[106.6935311,21.6028237],[106.6935439,21.6027319],[106.693574,21.6026442],[106.6937438,21.6023497],[106.6937587,21.6023086],[106.6937667,21.6022668],[106.6937676,21.6022228],[106.6937616,21.6021808],[106.6937505,21.6021439],[106.6937036,21.6020559],[106.6935772,21.6019102],[106.6935163,21.60184],[106.6934845,21.6017861],[106.6934628,21.6017219],[106.693456,21.6016673],[106.6934596,21.6016098],[106.6934692,21.6015682],[106.6934869,21.6015234],[106.6935238,21.6014649],[106.693682,21.6012729],[106.6937147,21.6012192],[106.6937451,21.6011544],[106.6937653,21.6010955],[106.6937772,21.6010436],[106.6937854,21.6009758],[106.6937885,21.6008958],[106.6937821,21.6007945],[106.693767,21.6007057],[106.693729,21.6005728],[106.6936788,21.6004173],[106.6936433,21.6003373],[106.6935969,21.6002647],[106.6935773,21.6002427],[106.6935638,21.6002275],[106.6935272,21.6001865],[106.693463,21.6001335],[106.6933867,21.6000864],[106.6932125,21.599991],[106.6930095,21.5998799],[106.6929322,21.5998485],[106.6928485,21.5998211],[106.6927534,21.5997974],[106.6924986,21.5997849],[106.6924389,21.5997735],[106.6923838,21.5997458],[106.6923401,21.5997048],[106.6923079,21.5996563],[106.6922961,21.5996038],[106.6922995,21.5995521],[106.6923718,21.599329],[106.6924032,21.5992523],[106.6924359,21.5991887],[106.6924787,21.5991201],[106.6926372,21.5989051],[106.6926622,21.5988461],[106.6926715,21.5987942],[106.6926699,21.5987412],[106.6926537,21.5986799],[106.6926223,21.5986229],[106.6924714,21.5985322],[106.6924458,21.5985032],[106.6924285,21.5984677],[106.6924217,21.5984287],[106.6924238,21.5984104],[106.6924261,21.59839],[106.6924401,21.5983556],[106.6924608,21.5983275],[106.6924819,21.5983065],[106.6931094,21.5978861],[106.6931717,21.597853],[106.6932468,21.5978215],[106.6939999,21.5975363],[106.6940517,21.5975075],[106.6940972,21.5974731],[106.6941359,21.5974345],[106.6941664,21.5973944],[106.6942842,21.5971772],[106.694305,21.5971532],[106.6943307,21.5971306],[106.6943606,21.5971109],[106.6943988,21.5970934],[106.6948625,21.5969416],[106.6949088,21.5969126],[106.6949494,21.596875],[106.6949806,21.5968324],[106.6950033,21.5967839],[106.6950157,21.596731],[106.6950245,21.5965538],[106.695037,21.5965052],[106.6950552,21.5964627],[106.6950818,21.5964199],[106.6953315,21.5961592],[106.6953634,21.5961169],[106.6953884,21.596073],[106.6954066,21.5960289],[106.6955079,21.5957422],[106.6955287,21.5956991],[106.695562,21.5956465],[106.6956008,21.5955994],[106.695856,21.5953317],[106.6959244,21.5952708],[106.6959998,21.5952107],[106.696376,21.5949469],[106.6964216,21.5949064],[106.6966011,21.5947292],[106.6966463,21.5947031],[106.6966985,21.5946821],[106.6967609,21.5946675],[106.6968382,21.5946634],[106.696926,21.594677],[106.6969922,21.5947015],[106.6971571,21.5948073],[106.6971927,21.5948438],[106.6972159,21.5948811],[106.6972322,21.5949283],[106.6972367,21.5949779],[106.6970632,21.5957173],[106.6970578,21.5957618],[106.6970624,21.5958051],[106.6970764,21.5958462],[106.6970992,21.595884],[106.6973079,21.5960734],[106.6973484,21.5960984],[106.6974051,21.5961196],[106.6974683,21.5961284],[106.6975264,21.5961242],[106.6975839,21.5961078],[106.6979917,21.5959124],[106.6980444,21.5958997],[106.6981039,21.5958916],[106.6981633,21.59589],[106.6983927,21.595907],[106.698426,21.5959041],[106.6984636,21.5958946],[106.6985811,21.5958355],[106.6986454,21.5958188],[106.6986835,21.5958153],[106.6992682,21.5958011],[106.6993299,21.595812],[106.6994826,21.595875],[106.6995232,21.595885],[106.6995683,21.5958858],[106.6996051,21.5958784],[106.6996411,21.5958633],[106.6996738,21.5958404],[106.6998525,21.5956111],[106.6998911,21.5955791],[106.6999314,21.5955564],[106.6999809,21.5955392],[106.7000371,21.5955312],[106.7004392,21.5955657],[106.7005019,21.595559],[106.7005671,21.5955418],[106.7006314,21.5955141],[106.7006981,21.5954648],[106.7007938,21.5953803],[106.7008445,21.5953563],[106.7009016,21.5953436],[106.701209,21.5953115],[106.7012814,21.59531],[106.7013417,21.5953264],[106.7013907,21.5953608],[106.7017277,21.5957466],[106.7018097,21.5958154],[106.7019158,21.5958692],[106.7020147,21.5958916],[106.7020999,21.5958931],[106.7021779,21.5958774],[106.7022551,21.5958408],[106.7023307,21.5957847],[106.7024023,21.5956958],[106.7025735,21.5953904],[106.7026017,21.5953541],[106.7026338,21.5953317],[106.7026777,21.595322],[106.7027163,21.595322],[106.7027858,21.5953347],[106.7029836,21.5953952],[106.7032884,21.595556],[106.7033776,21.5955971],[106.7034637,21.5956232],[106.7036598,21.5956576],[106.7037362,21.5956808],[106.7038255,21.5957302],[106.7038818,21.5957795],[106.7039389,21.5958431],[106.7041061,21.5961047],[106.704164,21.5961772],[106.7042283,21.5962371],[106.704316,21.5962924],[106.7044382,21.5963335],[106.7051053,21.5964519],[106.7051865,21.5964571],[106.7052532,21.5964534],[106.7053417,21.5964384],[106.7054461,21.5963915],[106.7055104,21.5963728],[106.7055691,21.5963698],[106.7056198,21.5963736],[106.7058438,21.5964486],[106.7059068,21.5964723],[106.7060651,21.5965047],[106.7061573,21.5965279],[106.7062232,21.5965511],[106.7062819,21.5965854],[106.7063205,21.5966355],[106.7063655,21.5967167],[106.706387,21.5967616],[106.7064194,21.596815],[106.7064918,21.5968942],[106.7066478,21.5970258],[106.7067008,21.5971065],[106.7067169,21.5971903],[106.7067185,21.5973428],[106.7067343,21.5974524],[106.7067652,21.5975566],[106.7068761,21.597745],[106.7069356,21.5979603],[106.7069405,21.5980934],[106.7069163,21.598213],[106.7068665,21.5983431],[106.7066446,21.5986436],[106.7066108,21.5987259],[106.7066011,21.5988051],[106.7066381,21.5990249],[106.7066719,21.5991401],[106.7067282,21.5992387],[106.7068501,21.5994277],[106.7068852,21.5995438],[106.7069342,21.5998219],[106.7069168,21.6002615],[106.7069265,21.6003624],[106.706953,21.6004431],[106.7069787,21.6004843],[106.7070286,21.6005486],[106.7070711,21.6005833],[106.7071749,21.6006682],[106.7072578,21.6007168],[106.7073406,21.6007429],[106.7074371,21.6007534],[106.7075352,21.6007519],[106.7079573,21.6006854],[106.708045,21.6006786],[106.7081165,21.6006884],[106.7081897,21.6007123],[106.708418,21.6008117],[106.7085258,21.6008431],[106.7086183,21.6008506],[106.7087131,21.6008454],[106.7089326,21.600802],[106.7090372,21.6007953],[106.7091144,21.6008065],[106.7091956,21.6008334],[106.7094424,21.6009814],[106.7095132,21.6010442],[106.7095655,21.60111],[106.7096893,21.6013014],[106.7097512,21.6013612],[106.7098332,21.6014001],[106.7099313,21.6014225],[106.7101146,21.6014322],[106.7102015,21.6014427],[106.7102626,21.6014591],[106.7103197,21.6014943],[106.7104684,21.6016655],[106.7105086,21.6017343],[106.7105328,21.6018225],[106.7105488,21.601972],[106.7105649,21.6020677],[106.7106839,21.6024265],[106.7107209,21.6026],[106.7107354,21.6027734],[106.7107225,21.6029274],[106.7106396,21.6033593],[106.7106322,21.6035006],[106.710643,21.6036103],[106.7106819,21.6037125],[106.7107288,21.6037687],[106.7108106,21.6038135],[106.7109367,21.6038435],[106.7111962,21.6038578],[106.7113785,21.6038528],[106.7115381,21.6038229],[106.7115971,21.6038204],[106.7116508,21.6038354],[106.7116883,21.6038728],[106.711793,21.6040625],[106.7118573,21.6041334],[106.7119211,21.6041776],[106.7119841,21.6042051],[106.7120599,21.6042256],[106.7121316,21.6042294],[106.7122396,21.6042113],[106.7122925,21.6042113],[106.7123381,21.6042213],[106.7123837,21.60425],[106.7127901,21.6047556],[106.7128149,21.6048036],[106.7128209,21.6048466],[106.712774,21.6050025],[106.7127472,21.605134],[106.7127499,21.6052612],[106.7127606,21.6053397],[106.7128384,21.6055866],[106.7128893,21.605836],[106.7129215,21.6059644],[106.7130462,21.6063011],[106.7130798,21.6064183],[106.7131482,21.6068547],[106.7131455,21.6069532],[106.7131267,21.6070417],[106.7130744,21.6071352],[106.712892,21.6074033],[106.7127914,21.6075741],[106.712719,21.6077375],[106.7126318,21.6079781],[106.7126104,21.6080729],[106.7126104,21.6081502],[106.7126305,21.6082487],[106.7127834,21.6086015],[106.7128156,21.6086913],[106.712837,21.6087898],[106.7128371,21.6089768],[106.7128564,21.6093453],[106.7128799,21.6096514],[106.7129041,21.6098185],[106.7129322,21.6099743],[106.7130537,21.610481],[106.7130912,21.6105658],[106.7131388,21.6106277],[106.7134667,21.610844],[106.7135196,21.6109001],[106.7135431,21.6109712],[106.7135424,21.6110391],[106.7135187,21.6111503],[106.7135002,21.6112368],[106.7134727,21.6114232],[106.7134486,21.611786],[106.713458,21.6118645],[106.7134928,21.6119568],[106.7137007,21.6122492],[106.7137376,21.6123346],[106.7137443,21.6124063],[106.7137336,21.6124748],[106.713704,21.612526],[106.7136511,21.6125765],[106.7134875,21.6126587],[106.7134171,21.612713],[106.7133674,21.612766],[106.7133084,21.6128632],[106.7131637,21.6131287],[106.7131423,21.6131985],[106.7131356,21.6132696],[106.713151,21.6133581],[106.7132588,21.6136531],[106.7132595,21.613703],[106.7132481,21.6137416],[106.7132058,21.6137771],[106.7131428,21.6137983],[106.7129949,21.6138332],[106.7129503,21.613851],[106.7129165,21.6138791],[106.712898,21.6139118],[106.7128625,21.6140627],[106.712839,21.6141231],[106.7128042,21.6141686],[106.7127532,21.6142135],[106.7125842,21.614302],[106.7125272,21.6143457],[106.7125011,21.6143956],[106.7124897,21.6144591],[106.7124883,21.6146574],[106.7124669,21.6147546],[106.7124253,21.6148394],[106.7123287,21.6149628],[106.7120391,21.6152234],[106.7119506,21.6152858],[106.7117843,21.6153706],[106.7117132,21.6154192],[106.7116636,21.6154853],[106.7116448,21.6155626],[106.7116461,21.6156611],[106.7116636,21.615787],[106.7116931,21.6159067],[106.7118325,21.6162832],[106.7118527,21.6163767],[106.7118781,21.6165986],[106.7119103,21.6168069],[106.7119438,21.6172532],[106.7119345,21.6173015],[106.711914,21.6173293],[106.7118855,21.6173417],[106.7118503,21.6173445],[106.7118091,21.617338],[106.7117038,21.6173056],[106.7116294,21.6173012],[106.7115516,21.6173185],[106.7114282,21.6173784],[106.7113638,21.6174282],[106.7113155,21.6174931],[106.7113014,21.6175406],[106.7112981,21.6176092],[106.7113135,21.6176858],[106.7114637,21.6181895],[106.7114785,21.6183055],[106.7114719,21.6184428],[106.7113886,21.6188067],[106.7113585,21.6189183],[106.7113021,21.6190224],[106.711227,21.6191053],[106.7111633,21.6191489],[106.7111174,21.6191651],[106.7110823,21.6191658],[106.7109943,21.6191595],[106.7109226,21.6191636],[106.710884,21.619172],[106.7108351,21.6191944],[106.710641,21.6193378],[106.71059,21.6193621],[106.7105263,21.619374],[106.7104686,21.619369],[106.7103929,21.6193422],[106.7102138,21.6192162],[106.7101595,21.6191932],[106.7101025,21.6191832],[106.7100408,21.6191851],[106.7099751,21.6192075],[106.7099235,21.6192443],[106.7098671,21.6193016],[106.7095936,21.619675],[106.7095399,21.6197604],[106.709503,21.6198483],[106.7094943,21.6199238],[106.7095084,21.6200204],[106.7095513,21.6201145],[106.7096345,21.6202467],[106.7097049,21.6203283],[106.7097719,21.6203795],[106.7100529,21.620521],[106.7101246,21.620539],[106.7101897,21.6205409],[106.7102474,21.6205322],[106.7103017,21.6204992],[106.7103352,21.6204605],[106.7104264,21.620281],[106.7104606,21.6202517],[106.7105015,21.6202323],[106.7105558,21.620223],[106.7107576,21.6202461],[106.7108354,21.6202461],[106.7109112,21.6202317],[106.7110426,21.6201822],[106.7110946,21.6201688],[106.7111499,21.6201688],[106.7111844,21.6201775],[106.7112193,21.6202037],[106.7113658,21.6204602],[106.711398,21.6204907],[106.7114326,21.6205066],[106.7114701,21.6205169],[106.7115053,21.6205175],[106.7115482,21.6205082],[106.7115958,21.620482],[106.7116978,21.6203851],[106.7117407,21.6203502],[106.7118976,21.6202629],[106.7119465,21.6202286],[106.7119687,21.6201949],[106.7119801,21.6201457],[106.7119868,21.6199986],[106.7119985,21.6199708],[106.7120186,21.6199512],[106.7120441,21.6199406],[106.7120733,21.6199406],[106.7121108,21.6199506],[106.712146,21.6199712],[106.7122221,21.6200366],[106.7122711,21.6200877],[106.7123173,21.6201582],[106.7123945,21.6203589],[106.7125319,21.6207834],[106.7125587,21.6208258],[106.7126204,21.6208644],[106.7126748,21.6208782],[106.7127411,21.62088],[106.7131978,21.6207853],[106.7132749,21.6207572],[106.7133279,21.6207223],[106.7133681,21.6206731],[106.7133889,21.6206107],[106.7133855,21.6204474],[106.7133882,21.6204082],[106.7134003,21.6203814],[106.7134318,21.6203583],[106.7134808,21.6203489],[106.7135324,21.6203495],[106.7135833,21.6203608],[106.713637,21.6203894],[106.7139045,21.6206195],[106.7139575,21.62065],[106.7140145,21.62067],[106.7140775,21.6206787],[106.7141419,21.6206712],[106.7142921,21.6206195],[106.7143538,21.6206188],[106.7143927,21.6206288],[106.7144242,21.6206519],[106.714449,21.6206949],[106.7145181,21.6211412],[106.7145342,21.6211874],[106.7145691,21.6212297],[106.7146167,21.6212559],[106.714673,21.6212678],[106.7147333,21.6212622],[106.7148044,21.6212354],[106.7149794,21.6210876],[106.7150411,21.6210658],[106.7151176,21.6210652],[106.7151752,21.6210783],[106.7152188,21.6211063],[106.7152664,21.6211574],[106.7154401,21.6214548],[106.7154911,21.6215196],[106.7155662,21.621572],[106.7156735,21.6216069],[106.7159398,21.6216375],[106.716057,21.6216692],[106.7161737,21.6217178],[106.7166015,21.6219635],[106.7167061,21.6220383],[106.7167742,21.6220998],[106.7168355,21.6221985],[106.7168496,21.6222533],[106.7168516,21.6222994],[106.7168416,21.622345],[106.7168174,21.6224054],[106.7166176,21.6227227],[106.7165908,21.6228281],[106.7165867,21.6228642],[106.7165901,21.6229185],[106.7166069,21.6229633],[106.7166424,21.6230088],[106.7167007,21.6230425],[106.7167933,21.6230662],[106.7175738,21.6230849],[106.7176549,21.6230755],[106.7177517,21.6230395],[106.7178145,21.6229902],[106.7178742,21.6229234],[106.7181525,21.6224827],[106.7181927,21.6224422],[106.7182363,21.6224266],[106.71829,21.6224216],[106.7183838,21.6224434],[106.7184448,21.6224771],[106.7184797,21.6225164],[106.7184918,21.6225488],[106.7184931,21.6225937],[106.7184871,21.6226311],[106.7183832,21.6228698],[106.7183738,21.622929],[106.7183852,21.6229839],[106.7184328,21.6230631],[106.7184831,21.6231179],[106.7187412,21.6233124],[106.7187929,21.6233635],[106.718872,21.6234514],[106.7189256,21.6235318],[106.7189625,21.6235942],[106.7190644,21.6237924],[106.7191536,21.6240704],[106.7191784,21.624134],[106.7192032,21.6241801],[106.7192348,21.6242163],[106.7192716,21.6242487],[106.7193199,21.6242761],[106.7193736,21.6242898],[106.7194218,21.6242911],[106.7194996,21.6242849],[106.7198644,21.624239],[106.7198949,21.62424],[106.7199214,21.6242443],[106.7199419,21.6242537],[106.719959,21.6242655],[106.71997,21.6242802],[106.7200669,21.6244943],[106.720086,21.6245286],[106.7201098,21.6245517],[106.7201363,21.624571],[106.7201698,21.624585],[106.7201896,21.6245882],[106.7202181,21.6245928],[106.7202604,21.6245912],[106.720306,21.624581],[106.7204582,21.6245136],[106.7205118,21.6244722],[106.7205967,21.624359],[106.7206298,21.624331],[106.720659,21.6243129],[106.7206868,21.6243032],[106.7207298,21.6242948],[106.7207747,21.6242936],[106.7208243,21.6242958],[106.7210714,21.6243185],[106.7211358,21.6243354],[106.7211706,21.6243509],[106.7212002,21.6243715],[106.7212297,21.6243983],[106.7214074,21.6246402],[106.7214617,21.6247075],[106.7214979,21.6247399],[106.721691,21.6248876],[106.721746,21.62494],[106.7218124,21.6250279],[106.721866,21.6251638],[106.7218841,21.6252311],[106.7218908,21.6252941],[106.7218948,21.6253963],[106.721856,21.6259199],[106.7218164,21.6261287],[106.7216427,21.6268986],[106.7216374,21.6269491],[106.7216374,21.6270014],[106.721642,21.6270544],[106.7216736,21.6272109],[106.7217292,21.6273293],[106.7217869,21.6274284],[106.7218553,21.6275325],[106.7219666,21.6276902],[106.7220692,21.6278118],[106.7221792,21.6279191],[106.7222905,21.6280172],[106.722546,21.628217],[106.7225889,21.6282332],[106.7226298,21.6282369],[106.722668,21.6282325],[106.7227069,21.6282176],[106.722884,21.6281211],[106.7229388,21.6281001],[106.7229832,21.6280876],[106.7230368,21.6280773],[106.7230951,21.6280717],[106.7233989,21.6280861],[106.7234767,21.6280854],[106.7235451,21.6280798],[106.7238166,21.6280356],[106.7239011,21.6280295],[106.7239622,21.6280316],[106.7239998,21.6280365],[106.7240716,21.6280539],[106.7241248,21.6280742],[106.7241675,21.6280958],[106.7242232,21.6281328],[106.7242555,21.6281599],[106.7243611,21.6282755],[106.7245955,21.6286249],[106.724619,21.6286514],[106.7246441,21.6286732],[106.7247621,21.6287642],[106.7247933,21.6287932],[106.7248255,21.628835],[106.7248553,21.6288911],[106.7249479,21.6291208],[106.7249961,21.6292324],[106.725088,21.6294032],[106.7251175,21.6294699],[106.7251443,21.6295708],[106.725147,21.6296164],[106.725141,21.6296662],[106.7251168,21.6297217],[106.7250753,21.6297797],[106.7249666,21.6299174],[106.7249519,21.6299517],[106.7249479,21.6299841],[106.7249506,21.6300228],[106.7249626,21.6300602],[106.7249861,21.6300926],[106.7252684,21.6303706],[106.7253026,21.6304099],[106.7254132,21.6305557],[106.7254461,21.630595],[106.7254783,21.630628],[106.7256721,21.6307982],[106.7257056,21.6308381],[106.7257344,21.6308817],[106.72577,21.6309696],[106.7257827,21.6310369],[106.7257844,21.6310743],[106.72577,21.6311466],[106.7257119,21.6313118],[106.7256803,21.6313754],[106.7256627,21.6315116],[106.7256707,21.6317802],[106.7256647,21.6319196],[106.7256439,21.6321577],[106.7256479,21.6322512],[106.725662,21.632316],[106.7257525,21.6326233],[106.7257703,21.6326545],[106.7257938,21.6326766],[106.7258216,21.6326891],[106.7258538,21.6326931],[106.725887,21.6326897],[106.7259239,21.6326763],[106.7263088,21.6324587],[106.7266641,21.6322256],[106.7266803,21.632219],[106.7267131,21.6322057],[106.7267543,21.6322001],[106.7267983,21.6322013],[106.7268405,21.6322131],[106.7269163,21.6322577],[106.7271498,21.6325115],[106.7271929,21.6325375],[106.7272307,21.6325492],[106.7272653,21.6325527],[106.7272992,21.6325501],[106.7273343,21.6325408],[106.7273604,21.6325287],[106.7274349,21.6324827],[106.7274732,21.6324481],[106.727493,21.6324213],[106.727504,21.6323942],[106.7275037,21.6323481],[106.7274933,21.6323126],[106.727439,21.6321991],[106.7274303,21.6321676],[106.7274306,21.6321418],[106.727436,21.6321237],[106.7274504,21.6321031],[106.7274705,21.6320854],[106.727494,21.6320726],[106.7275238,21.6320657],[106.7275577,21.6320635],[106.7277595,21.6320729],[106.7278467,21.6320729],[106.7279084,21.6320673],[106.7279593,21.6320573],[106.7281882,21.6319961],[106.7282385,21.6319768],[106.7282835,21.6319511],[106.7283199,21.6319226],[106.7283538,21.6318868],[106.7284113,21.631798],[106.7284971,21.6316197],[106.7285601,21.631525],[106.7285896,21.631492],[106.7288079,21.6313053],[106.7288679,21.6312582],[106.728944,21.6312171],[106.7291951,21.6311245],[106.729289,21.6310837],[106.729473,21.6309837],[106.7295291,21.6309378],[106.729575,21.6308826],[106.7296906,21.6306834],[106.7297358,21.6306254],[106.7297827,21.630578],[106.7301036,21.6302981],[106.7301675,21.6302295],[106.7302071,21.6301752],[106.7303884,21.6298328],[106.7304086,21.6297874],[106.730429,21.6297202],[106.7304591,21.6295126],[106.7304668,21.6294898],[106.7304873,21.6294555],[106.7305111,21.6294281],[106.7305443,21.6293969],[106.7308323,21.6291831],[106.7310047,21.6290065],[106.7310289,21.628985],[106.7311042,21.6289335],[106.7311537,21.6289093],[106.7311946,21.6288938],[106.7312367,21.6288819],[106.7312987,21.6288708],[106.7313496,21.6288671],[106.7313962,21.6288681],[106.7315253,21.6288824],[106.7315712,21.6288836],[106.7316054,21.6288817],[106.7318002,21.6288521],[106.7318361,21.6288509],[106.7319018,21.6288574],[106.731983,21.6288814],[106.732193,21.6289785],[106.7322434,21.6289899],[106.7322876,21.6289912],[106.7323289,21.6289853],[106.7323619,21.6289752],[106.7323937,21.6289603],[106.7324306,21.6289345],[106.732579,21.6287698],[106.7326087,21.6287286],[106.732643,21.6286638],[106.7327246,21.6284157],[106.7327438,21.6283691],[106.7327638,21.6283342],[106.7327845,21.6283056],[106.7329134,21.6281734],[106.7330468,21.6280571],[106.7331014,21.6280234],[106.7331464,21.6280013],[106.7332007,21.6279798],[106.7332446,21.6279664],[106.7334371,21.6279324],[106.7334924,21.6279159],[106.7335601,21.627885],[106.7336449,21.6278236],[106.7338729,21.6275986],[106.7339566,21.6275049],[106.7339735,21.6274811],[106.734003,21.6274256],[106.7340577,21.6272866],[106.7340788,21.627242],[106.7341123,21.6271866],[106.7341361,21.627161],[106.7343515,21.6269887],[106.7343834,21.6269755],[106.7344137,21.6269696],[106.734446,21.6269694],[106.7344758,21.6269748],[106.7345026,21.6269848],[106.7345382,21.6270081],[106.7347161,21.6272008],[106.7347679,21.6272402],[106.7348228,21.6272641],[106.734888,21.6272758],[106.7349516,21.6272721],[106.7354933,21.6271764],[106.7355885,21.6271765],[106.7356633,21.6271873],[106.7357231,21.627203],[106.735789,21.6272284],[106.735878,21.6272791],[106.7359428,21.6273319],[106.7360938,21.6275101],[106.7361702,21.6276117],[106.7362581,21.6277644],[106.7363184,21.6278461],[106.7363473,21.6278804],[106.7364673,21.6280019],[106.7365732,21.6281322],[106.7367087,21.6283697],[106.7367442,21.6284239],[106.7367851,21.6284626],[106.7368361,21.6284962],[106.7370814,21.6286397],[106.7371498,21.6286883],[106.7371824,21.6287203],[106.737211,21.6287559],[106.7372375,21.6287989],[106.737286,21.6289269],[106.7373169,21.6291756],[106.7373484,21.6296637],[106.7373571,21.6297148],[106.7373866,21.6298277],[106.737394,21.6298694],[106.7373966,21.6299137],[106.7373826,21.6301175],[106.7373873,21.6301661],[106.7374027,21.6302098],[106.7374268,21.6302434],[106.7374557,21.6302696],[106.7374992,21.6302945],[106.7377614,21.6303681],[106.7378721,21.6303849],[106.738269,21.6304148],[106.7383341,21.6304099],[106.7383917,21.6304005],[106.7384353,21.6303837],[106.738487,21.630355],[106.7387076,21.630206],[106.7387679,21.6301692],[106.7388175,21.6301449],[106.7388625,21.6301362],[106.7389067,21.6301312],[106.7389577,21.630135],[106.7391233,21.6301786],[106.739177,21.6301873],[106.7392293,21.6301873],[106.7394231,21.6301705],[106.7394794,21.6301699],[106.7395256,21.6301755],[106.7395639,21.6301892],[106.7395893,21.6302073],[106.7396162,21.6302359],[106.7396463,21.6302777],[106.7397677,21.630542],[106.7398026,21.63058],[106.7398428,21.6306068],[106.7398924,21.6306237],[106.7399568,21.6306343],[106.740219,21.6306551],[106.7403016,21.6306667],[106.7403602,21.6306891],[106.7404025,21.6307145],[106.7404379,21.6307443],[106.7404643,21.630774],[106.7404987,21.6308315],[106.7405992,21.6310463],[106.7406321,21.6310774],[106.7406716,21.6310955],[106.7407105,21.6311042],[106.7407541,21.6311042],[106.7408017,21.6310961],[106.7409693,21.6310357],[106.741027,21.6310213],[106.741078,21.6310176],[106.7411309,21.6310238],[106.74119,21.6310388],[106.7412362,21.6310556],[106.7412892,21.6310912],[106.7413294,21.631136],[106.7413542,21.6311853],[106.7413663,21.631232],[106.7413656,21.6312888],[106.7413549,21.6313405],[106.7412782,21.6315935],[106.7412707,21.6316322],[106.741277,21.6316738],[106.7412965,21.6317103],[106.7413266,21.6317388],[106.741366,21.6317578],[106.7417344,21.6318011],[106.7417797,21.6318108],[106.7418417,21.6318292],[106.741892,21.631851],[106.7419289,21.6318778],[106.7421683,21.6321041],[106.7422011,21.632144],[106.7422213,21.6321739],[106.7422374,21.6322082],[106.7422839,21.6323429],[106.7422908,21.6323958],[106.7422912,21.6324356],[106.7422852,21.6324889],[106.7422691,21.6325494],[106.7421596,21.6328178],[106.7421314,21.6329],[106.7420858,21.6331045],[106.7420831,21.63315],[106.7420905,21.633183],[106.74211,21.6332142],[106.7421374,21.6332292],[106.742173,21.6332373],[106.7422038,21.6332373],[106.7422414,21.6332285],[106.7422856,21.6332024],[106.7425581,21.6330105],[106.7426035,21.6329873],[106.7426437,21.6329785],[106.7426856,21.632979],[106.7427211,21.6329872],[106.742762,21.6330072],[106.7429877,21.6331756],[106.743038,21.6332098],[106.7431265,21.6332553],[106.7431533,21.6332784],[106.7431721,21.6333033],[106.7431855,21.6333333],[106.7432009,21.6333925],[106.7432338,21.6337731],[106.7432439,21.6338381],[106.7432573,21.6338905],[106.7432714,21.633931],[106.743321,21.6340121],[106.7433753,21.6340713],[106.7434128,21.6341006],[106.7434571,21.6341249],[106.743506,21.6341411],[106.7436039,21.6341604],[106.7436576,21.6341754],[106.7436998,21.6341984],[106.7437273,21.6342265],[106.7437528,21.6342601],[106.7437749,21.6343006],[106.7438024,21.6343865],[106.7438547,21.6345695],[106.7438811,21.6346182],[106.7439132,21.6346581],[106.7439512,21.6346919],[106.7439964,21.6347204],[106.7440433,21.6347404],[106.7441062,21.6347553],[106.7443959,21.6347725],[106.7445347,21.6347812],[106.744652,21.6347924],[106.7447083,21.6348043],[106.7449926,21.6348822],[106.7451046,21.6348997],[106.7452273,21.6349109],[106.7453574,21.6349121],[106.7454788,21.6349009],[106.7455566,21.6348791],[106.7456028,21.6348556],[106.7456987,21.6348068],[106.7461634,21.6345089],[106.7462553,21.6344658],[106.7463176,21.634449],[106.7463766,21.6344478],[106.746439,21.6344665],[106.7464994,21.6345126],[106.7465637,21.6345936],[106.7466435,21.6347326],[106.7467119,21.6348386],[106.7467924,21.6349346],[106.7468796,21.6350144],[106.7469654,21.6350592],[106.7470526,21.6350779],[106.7471659,21.6350792],[106.7473697,21.6350642],[106.7475796,21.635058],[106.7477271,21.635058],[106.74799,21.6350655],[106.7480611,21.6350543],[106.7481268,21.6350268],[106.7481831,21.6349869],[106.7482917,21.6348984],[106.7485881,21.6346354],[106.7489589,21.6342845],[106.7490267,21.6342296],[106.7491152,21.6341791],[106.7492084,21.6341392],[106.7495148,21.6340426],[106.7496684,21.633989],[106.7500379,21.6338132],[106.7501016,21.6337889],[106.7501606,21.6337783],[106.7502149,21.6337833],[106.7502726,21.6338064],[106.7503363,21.6338438],[106.7503985,21.6338871],[106.7506065,21.634032],[106.7506923,21.6340781],[106.7507721,21.6341093],[106.7508553,21.6341261],[106.7509525,21.6341349],[106.7510477,21.6341293],[106.7514038,21.6340638],[106.7514856,21.6340607],[106.7516009,21.6340663],[106.7519878,21.6341006],[106.7521092,21.6341049],[106.7521756,21.634095],[106.7522286,21.634075],[106.7523479,21.6339865],[106.7524069,21.6339479],[106.7524767,21.6339142],[106.7525766,21.6338843],[106.7526986,21.6338612],[106.7528555,21.6338394],[106.752944,21.6338313],[106.7530151,21.6338326],[106.7530922,21.6338425],[106.7532981,21.6338999],[106.7533926,21.6339198],[106.7536461,21.6339404],[106.7537755,21.6339541],[106.7538774,21.6339703],[106.753972,21.633989],[106.7540732,21.6340139],[106.7541846,21.6340326],[106.7542657,21.6340389],[106.7543488,21.6340358],[106.7545339,21.634009],[106.7545929,21.6340115],[106.7546493,21.634022],[106.7547109,21.6340451],[106.7548176,21.6341037],[106.7549644,21.6341903],[106.75524,21.6343661],[106.7552769,21.6343848],[106.7553077,21.6343954],[106.7553439,21.6343985],[106.7553761,21.6343904],[106.7554083,21.6343674],[106.7554452,21.6343268],[106.7554895,21.6342602],[106.7555169,21.6341953],[106.755527,21.6341417],[106.755529,21.634085],[106.7555237,21.6340295],[106.7555049,21.6339516],[106.7554982,21.6339036],[106.7555055,21.6338419],[106.755525,21.6337783],[106.7555632,21.633678],[106.7555793,21.6336206],[106.7555793,21.6335758],[106.7555666,21.6335271],[106.7555357,21.6334897],[106.7554988,21.6334573],[106.7554311,21.6334149],[106.7551884,21.6332809],[106.7551233,21.6332323],[106.7550831,21.6331843],[106.7550616,21.6331344],[106.7550523,21.633079],[106.7550583,21.6330166],[106.755071,21.6329637],[106.7550945,21.6329231],[106.7551347,21.6328832],[106.7551857,21.6328564],[106.7556108,21.6327187],[106.7557496,21.6326613],[106.7558522,21.6326021],[106.7559528,21.6325273],[106.7560353,21.6324444],[106.7561781,21.6322655],[106.7562592,21.6321739],[106.7564229,21.6319994],[106.7564792,21.6319252],[106.7565308,21.6318417],[106.7565684,21.6317588],[106.7566146,21.6316721],[106.7566535,21.6316248],[106.7566985,21.6315936],[106.7567628,21.6315699],[106.7568359,21.6315581],[106.7571375,21.6315375],[106.7571746,21.631535],[106.7572919,21.6315113],[106.7574126,21.6314664],[106.7575561,21.6314035],[106.7576828,21.6313567],[106.7577499,21.631343],[106.7578136,21.6313374],[106.7579041,21.631338],[106.7580235,21.6313474],[106.7581133,21.631358],[106.7581817,21.6313773],[106.7582434,21.6314128],[106.7583017,21.6314677],[106.7583359,21.6315406],[106.7583856,21.63175],[106.7584017,21.6317887],[106.7584278,21.6318217],[106.758466,21.6318473],[106.7585277,21.6318622],[106.758627,21.6318597],[106.758753,21.6318386],[106.759211,21.6317232],[106.759439,21.6316696],[106.7596254,21.6316297],[106.7598145,21.6316023],[106.7599969,21.6315898],[106.7601538,21.6315699],[106.7603054,21.6315412],[106.7606393,21.6314589],[106.7607734,21.6314402],[106.7609209,21.631424],[106.7610993,21.6313954],[106.7612374,21.631363],[106.7613042,21.6313507],[106.7613595,21.6313405],[106.761456,21.6313343],[106.7615566,21.6313455],[106.7616505,21.6313692],[106.7617538,21.6314153],[106.7618986,21.6315238],[106.7621071,21.6316977],[106.76225,21.6318242],[106.7623264,21.6318816],[106.7624136,21.6319264],[106.7625075,21.6319514],[106.7626563,21.6319564],[106.7629607,21.6319476],[106.7631713,21.6319277],[106.763347,21.6318965],[106.7635052,21.6318604],[106.7636165,21.6318392],[106.7637158,21.6318467],[106.7638217,21.6318828],[106.763929,21.6319501],[106.7640236,21.6320031],[106.7641288,21.6320486],[106.7642569,21.6320879],[106.7643837,21.6321147],[106.7645607,21.6321602],[106.7646975,21.6322013],[106.7647927,21.6322406],[106.7648718,21.6322805],[106.7649597,21.6323453],[106.7650368,21.6324164],[106.7651112,21.632498],[106.7651669,21.6325803],[106.7652588,21.6327604],[106.7652802,21.6328415],[106.7653332,21.633097],[106.7653613,21.6331949],[106.7654022,21.6332791],[106.7654612,21.6333588],[106.7655357,21.6334255],[106.765655,21.6335128],[106.7658388,21.6336368],[106.7660346,21.6337983],[106.7661385,21.6339111],[106.7661975,21.633994],[106.7662324,21.6340688],[106.7662458,21.6341374],[106.7662451,21.6342034],[106.7662304,21.6342751],[106.7662076,21.634335],[106.766172,21.6343954],[106.7661244,21.634439],[106.7660788,21.6344665],[106.7660198,21.6344902],[106.7659326,21.6345101],[106.7657134,21.6345431],[106.7656611,21.6345581],[106.7656195,21.6345824],[106.7655833,21.6346235],[106.7655652,21.634669],[106.7655585,21.6347208],[106.7655658,21.6347725],[106.7655907,21.6348162],[106.7656403,21.6348473],[106.7657214,21.6348704],[106.7658354,21.6348947],[106.7659186,21.6349178],[106.7659923,21.6349489],[106.7660486,21.6349857],[106.7660929,21.6350331],[106.7661214,21.6350926],[106.7661331,21.63514],[106.7661398,21.635183],[106.7661415,21.6352344],[106.7661382,21.6352793],[106.7661264,21.635316],[106.7661076,21.6353503],[106.7660721,21.6353996],[106.7660252,21.6354575],[106.7659628,21.6355205],[106.7658723,21.6355928],[106.7657891,21.6356458],[106.765712,21.6356832],[106.7654425,21.6357835],[106.7653439,21.6358297],[106.7652487,21.6358845],[106.7651742,21.6359481],[106.7651112,21.6360123],[106.7650569,21.6360765],[106.76501,21.6361444],[106.7649664,21.6362164],[106.7649322,21.6362953],[106.7649208,21.6363676],[106.7649295,21.6364399],[106.7651555,21.6370613],[106.7652044,21.6371735],[106.765256,21.6372645],[106.7653117,21.6373262],[106.7653788,21.6373717],[106.7655109,21.6374378],[106.7656255,21.6375039],[106.7656966,21.6375587],[106.765759,21.6376273],[106.7658294,21.637717],[106.7659078,21.6378174],[106.7659809,21.6378997],[106.7660312,21.6379476],[106.7660996,21.637995],[106.7661868,21.6380318],[106.7662773,21.6380505],[106.7664067,21.6380561],[106.7665442,21.638048],[106.7666743,21.6380268],[106.7671209,21.6378728],[106.7672322,21.6378473],[106.7673649,21.6378323],[106.7674749,21.637827],[106.767586,21.637844],[106.7676659,21.6378767],[106.767742,21.63793],[106.7677947,21.6379884],[106.7678345,21.6380624],[106.7678639,21.6381582],[106.7678718,21.6382619],[106.7678556,21.6383671],[106.7677243,21.6387764],[106.7677142,21.6388424],[106.7677252,21.6389078],[106.767751,21.6389599],[106.7677916,21.6390056],[106.7678434,21.6390397],[106.7681629,21.6391687],[106.7682914,21.6392401],[106.7684168,21.6393224],[106.7685221,21.6394001],[106.7686269,21.6395007],[106.7686984,21.6395877],[106.7687625,21.6396879],[106.7688529,21.6398936],[106.7688889,21.6399435],[106.7689274,21.6399813],[106.7689763,21.640016],[106.7690306,21.6400423],[106.7691052,21.640063],[106.7693806,21.6401102],[106.7694604,21.6401342],[106.7695523,21.6401734],[106.7696395,21.6402227],[106.7697018,21.6402713],[106.7699003,21.6404544],[106.7699486,21.6404855],[106.7700026,21.6405088],[106.7700702,21.6405246],[106.7701229,21.6405278],[106.7703013,21.6405016],[106.7703653,21.6405043],[106.770426,21.6405159],[106.7704831,21.6405357],[106.771381,21.6409891],[106.7714242,21.6410031],[106.7714768,21.6410076],[106.7715269,21.6410001],[106.7715756,21.6409802],[106.7716131,21.6409531],[106.7717617,21.6407534],[106.7718128,21.6407192],[106.771872,21.640695],[106.7719272,21.6406836],[106.7719859,21.640682],[106.7720515,21.6406928],[106.7721015,21.6407109],[106.7722714,21.6408034],[106.7723257,21.6408466],[106.7723711,21.6408952],[106.7724042,21.6409425],[106.7724335,21.6410003],[106.7724578,21.641081],[106.772551,21.6415611],[106.7725833,21.6416254],[106.7726241,21.6416777],[106.7726746,21.6417226],[106.7727463,21.6417645],[106.7728259,21.6417907],[106.77291,21.6418001],[106.773005,21.6417952],[106.7735696,21.641692],[106.773656,21.6416961],[106.7737427,21.6417261],[106.7738007,21.6417659],[106.77385,21.6418227],[106.7738791,21.6418822],[106.7738924,21.6419487],[106.7738887,21.6420114],[106.7738592,21.6422495],[106.7738475,21.6423091],[106.7738264,21.6423845],[106.7736126,21.6429376],[106.7735992,21.6430019],[106.7735996,21.6430666],[106.7736141,21.6431325],[106.7736397,21.6431893],[106.7736786,21.6432437],[106.7737399,21.6432942],[106.7738227,21.6433376],[106.773916,21.6433757],[106.7739905,21.6433889],[106.7740578,21.6433893],[106.7741199,21.64338],[106.7741818,21.6433609],[106.7742297,21.6433319],[106.7745874,21.6430125]]}},{"type":"Feature","properties":{"id":573},"geometry":{"type":"LineString","coordinates":[[105.9627995,21.3075247],[105.9629212,21.307845]]}},{"type":"Feature","properties":{"id":574},"geometry":{"type":"LineString","coordinates":[[106.2550101,21.3142165],[106.2554124,21.3144539],[106.2558174,21.3146763],[106.2562761,21.3148837],[106.2571934,21.3152585],[106.2579193,21.315529],[106.2585791,21.3157525],[106.2590521,21.3159232]]}},{"type":"Feature","properties":{"id":575},"geometry":{"type":"LineString","coordinates":[[106.254589,21.3139341],[106.2550101,21.3142165]]}},{"type":"Feature","properties":{"id":576},"geometry":{"type":"LineString","coordinates":[[106.2549564,21.314274],[106.2545514,21.3139916]]}},{"type":"Feature","properties":{"id":577},"geometry":{"type":"LineString","coordinates":[[106.2590058,21.3160293],[106.25787,21.3156372],[106.257134,21.3153438],[106.2562187,21.3149602],[106.2557772,21.3147538],[106.2554066,21.3145544],[106.2549564,21.314274]]}},{"type":"Feature","properties":{"id":578},"geometry":{"type":"LineString","coordinates":[[106.0007726,21.2925189],[106.0008182,21.2924429]]}},{"type":"Feature","properties":{"id":579},"geometry":{"type":"LineString","coordinates":[[105.9997737,21.2941827],[105.9998274,21.2941277],[105.9999239,21.2939578],[106.0006553,21.29269],[106.0007726,21.2925189]]}},{"type":"Feature","properties":{"id":580},"geometry":{"type":"LineString","coordinates":[[106.2592753,21.290495],[106.2594008,21.2894943],[106.2596401,21.2880597],[106.2596654,21.2877888],[106.2596587,21.2875319],[106.2596282,21.2871814],[106.2595744,21.2868881],[106.2594703,21.2865724],[106.2593544,21.2862895]]}},{"type":"Feature","properties":{"id":581},"geometry":{"type":"LineString","coordinates":[[106.2594471,21.2862146],[106.259574,21.2864845],[106.259698,21.2868641],[106.2597519,21.2871509],[106.2597769,21.2875286],[106.2597726,21.2877992],[106.2597514,21.2880832],[106.2593942,21.290514]]}},{"type":"Feature","properties":{"id":582},"geometry":{"type":"LineString","coordinates":[[106.2546129,21.2897509],[106.2580776,21.2903039],[106.2592753,21.290495],[106.2593942,21.290514],[106.2605336,21.2907163],[106.2605498,21.2907192]]}},{"type":"Feature","properties":{"id":583},"geometry":{"type":"LineString","coordinates":[[106.8188533,21.2146352],[106.8190679,21.2145802]]}},{"type":"Feature","properties":{"id":584},"geometry":{"type":"LineString","coordinates":[[106.8170804,21.2145514],[106.8175464,21.2146638],[106.8176919,21.2146989],[106.818282,21.2148002],[106.8183846,21.2148033],[106.8184913,21.2147952],[106.8185978,21.2147558],[106.8186964,21.2147052],[106.8188533,21.2146352]]}},{"type":"Feature","properties":{"id":585},"geometry":{"type":"LineString","coordinates":[[106.8237738,21.2169981],[106.8238557,21.216999],[106.8239388,21.2169956],[106.8240569,21.2169637],[106.8243586,21.2168444],[106.8244953,21.2168137],[106.8246493,21.2167869],[106.8246925,21.2167806],[106.8253247,21.2168112],[106.8261409,21.2168506],[106.8267525,21.2169802],[106.8270851,21.2170506],[106.8271883,21.2170568],[106.8272943,21.2170406]]}},{"type":"Feature","properties":{"id":586},"geometry":{"type":"LineString","coordinates":[[106.8161805,21.213455],[106.816278,21.2136034],[106.8167899,21.2143829],[106.8168179,21.2144085],[106.8168484,21.2144364],[106.8169154,21.2144814],[106.8169959,21.2145214],[106.8170804,21.2145514]]}},{"type":"Feature","properties":{"id":587},"geometry":{"type":"LineString","coordinates":[[106.9057422,21.2593987],[106.9057127,21.2596373],[106.9057006,21.2597362],[106.9056672,21.2600102],[106.9056576,21.2600887],[106.9056374,21.2602428],[106.9055939,21.2605734],[106.9055684,21.2607679],[106.9055219,21.2611219],[106.9054895,21.2612847],[106.905457,21.261448],[106.905406,21.261557],[106.9053538,21.261638],[106.905312,21.261703],[106.9051982,21.2618219],[106.9051573,21.2618647],[106.9050764,21.2619441],[106.9050239,21.2619955],[106.9049947,21.2620229],[106.9049124,21.2621],[106.9048917,21.2621195],[106.9047967,21.2622084],[106.904293,21.2626658],[106.9042447,21.2627124],[106.9040751,21.2628751],[106.903706,21.2632004],[106.9034275,21.2634459],[106.9033965,21.2634732],[106.9030235,21.2638279],[106.902768,21.264071],[106.9025503,21.264278],[106.902523,21.2643038],[106.9024052,21.2644147],[106.9019046,21.2648865],[106.9014232,21.2653349],[106.9009788,21.2657524],[106.9009295,21.2658119],[106.900896,21.2658524],[106.9008049,21.265983],[106.9007309,21.2661296],[106.9006258,21.2664402],[106.900614,21.2664827],[106.900548,21.2667201],[106.9004655,21.2670663]]}},{"type":"Feature","properties":{"id":588},"geometry":{"type":"LineString","coordinates":[[106.8999848,21.2414737],[106.9001125,21.2416954],[106.9002429,21.2419219],[106.9002909,21.2420504],[106.9003066,21.2421849],[106.9002964,21.2427249],[106.9002968,21.2429774],[106.900297,21.2431099],[106.9002971,21.2431695],[106.90034,21.2437905],[106.9003721,21.2439649],[106.9004158,21.2441481],[106.9004598,21.2443325],[106.9005764,21.244772],[106.9006271,21.244963],[106.9007592,21.2455479],[106.900788,21.2456755],[106.9008428,21.246046],[106.900874,21.2462572],[106.9008792,21.2462925],[106.9009641,21.2468667],[106.9009713,21.2469152],[106.9009805,21.2469776],[106.9009956,21.2470799],[106.9010358,21.2472147],[106.9011439,21.2475772],[106.9011571,21.2476214],[106.9011908,21.2477341],[106.9012067,21.2477874],[106.9013521,21.248275],[106.9014752,21.2486875],[106.9014972,21.2487716],[106.9016424,21.2493272],[106.9016537,21.2493737],[106.901785,21.249915],[106.901805,21.2500499],[106.9017969,21.250188],[106.9017097,21.2503344],[106.9015465,21.2506355],[106.9015108,21.2507905],[106.9015041,21.251122],[106.9015161,21.2515244],[106.9015414,21.251742],[106.9015896,21.251887],[106.9017309,21.2521395],[106.9018965,21.2523724],[106.9020668,21.252632],[106.9021633,21.252779],[106.9024707,21.2532475],[106.9026659,21.2535296],[106.902789,21.2537074],[106.9028534,21.2538078],[106.9029428,21.2539502],[106.9030737,21.2541515],[106.9030809,21.2541625],[106.9032348,21.2543888],[106.9032622,21.2544291],[106.9033396,21.254543],[106.9034059,21.2546405],[106.9035259,21.254813],[106.9036138,21.2549392],[106.9040207,21.2555859],[106.9040778,21.2556767],[106.9040902,21.2556948],[106.9043574,21.2560963],[106.9048235,21.2567966],[106.9048419,21.2568234],[106.9051266,21.257239],[106.9053652,21.2575974],[106.9054206,21.2576929],[106.9055986,21.2579689],[106.9057297,21.2581954],[106.9057826,21.2583105],[106.9058036,21.2583812],[106.9058179,21.2584751],[106.9058165,21.258552],[106.9057503,21.2592994]]}},{"type":"Feature","properties":{"id":589},"geometry":{"type":"LineString","coordinates":[[106.3665287,21.2990453],[106.3667564,21.2990564]]}},{"type":"Feature","properties":{"id":590},"geometry":{"type":"LineString","coordinates":[[106.2235812,21.433209],[106.2249135,21.4323429],[106.2249865,21.4322988],[106.2250758,21.4322441],[106.2257372,21.4318485],[106.2273264,21.4308702],[106.2274745,21.4307944],[106.228376,21.4302493],[106.2284436,21.4302085],[106.228638,21.4300909]]}},{"type":"Feature","properties":{"id":591},"geometry":{"type":"LineString","coordinates":[[106.2234337,21.4332982],[106.2235812,21.433209]]}},{"type":"Feature","properties":{"id":592},"geometry":{"type":"LineString","coordinates":[[106.2255541,21.4316444],[106.2257372,21.4318485]]}},{"type":"Feature","properties":{"id":593},"geometry":{"type":"LineString","coordinates":[[106.2061787,21.3983169],[106.2061405,21.3984949],[106.2061201,21.3986726],[106.2061103,21.3988642],[106.2061087,21.3992285],[106.2061213,21.3994225],[106.206156,21.3996956],[106.206222,21.4000215],[106.2066349,21.401533],[106.2067046,21.4018095],[106.2067559,21.4021148],[106.2067727,21.4023994],[106.2067442,21.4035811],[106.2067383,21.4036807],[106.2065997,21.4068629],[106.2066006,21.4071165],[106.2066183,21.4073542],[106.206642,21.4074921],[106.2066598,21.4075955],[106.2067411,21.4078385],[106.2068042,21.4079654],[106.2069417,21.4082416],[106.2077136,21.4095177],[106.2078695,21.4097754],[106.2079787,21.4099857],[106.2080587,21.4102051],[106.2080705,21.410246],[106.2081071,21.4103725],[106.2081436,21.4105831],[106.2081565,21.4107785],[106.2081315,21.4113401],[106.2080974,21.4117596],[106.2080403,21.4124608],[106.2079818,21.4131798],[106.2079545,21.4136416],[106.2079537,21.4136932],[106.2079527,21.4138653],[106.2079651,21.4140551],[106.2080128,21.4143894],[106.2080872,21.4147317],[106.2081921,21.4150334],[106.2083155,21.4153346],[106.2084602,21.4156198],[106.2086451,21.4159244],[106.2086692,21.4159598],[106.2087032,21.4160096],[106.2091575,21.4166749],[106.2100413,21.4179724],[106.21009,21.4180533],[106.2104973,21.4186516],[106.2116132,21.4201702],[106.2121662,21.420895],[106.2122743,21.4210337],[106.2127253,21.421572],[106.2129855,21.421817],[106.2131999,21.4219899],[106.2133457,21.4220822],[106.2134629,21.4221563],[106.2138049,21.4223376],[106.2147379,21.422758],[106.2154497,21.4231032],[106.2159103,21.4233621],[106.2165491,21.4238122],[106.2174777,21.4245087],[106.2176119,21.4246093],[106.219816,21.4262685],[106.2204196,21.4267951],[106.2208792,21.4272334],[106.2213457,21.4276882],[106.2229228,21.4292113],[106.223706,21.4299553],[106.224457,21.4306345],[106.2255541,21.4316444]]}},{"type":"Feature","properties":{"id":594},"geometry":{"type":"LineString","coordinates":[[106.1313577,21.3983221],[106.1313776,21.3983816]]}},{"type":"Feature","properties":{"id":595},"geometry":{"type":"LineString","coordinates":[[106.1259235,21.3910141],[106.1276706,21.3919738],[106.127877,21.3920907],[106.1279769,21.3921547],[106.1296002,21.3933188],[106.129712,21.393418],[106.1297911,21.3935392],[106.1298163,21.3936167],[106.1298677,21.3937746],[106.130514,21.3957589],[106.130593,21.396006],[106.1313577,21.3983221]]}},{"type":"Feature","properties":{"id":596},"geometry":{"type":"LineString","coordinates":[[106.6761357,21.4862279],[106.6759345,21.4863291],[106.6748925,21.4869418],[106.6748147,21.486998],[106.674706,21.4871003],[106.6746079,21.4871829],[106.6744727,21.4873049],[106.6742957,21.4874559],[106.6741709,21.4875558],[106.6740495,21.4876322],[106.6739366,21.4876881],[106.6738223,21.4877292],[106.6737163,21.4877504],[106.6735983,21.4877617],[106.6732387,21.4877699],[106.672622,21.4878041],[106.6721767,21.4878141],[106.6715946,21.4878515],[106.6709107,21.4878865],[106.6705652,21.4879166]]}},{"type":"Feature","properties":{"id":597},"geometry":{"type":"LineString","coordinates":[[105.922274,21.3312757],[105.9225288,21.3310396],[105.9227729,21.3308035],[105.9229821,21.3305899],[105.9232195,21.3303625],[105.923485,21.3301077],[105.9237157,21.3298778],[105.9239504,21.3296392]]}},{"type":"Feature","properties":{"id":598},"geometry":{"type":"LineString","coordinates":[[106.1736143,21.3956946],[106.1736841,21.3958045],[106.1739384,21.3963747],[106.1740094,21.3965339],[106.1740556,21.396677],[106.1741137,21.3971715],[106.174179,21.3977709],[106.1741779,21.3978267],[106.1741374,21.3979966],[106.1740863,21.3982114],[106.1740811,21.3982603],[106.1740873,21.3983058],[106.1741479,21.3986236],[106.174171,21.3987448],[106.1741737,21.3988172],[106.1741713,21.3988921],[106.1741705,21.3992448],[106.1741763,21.3992827],[106.1741822,21.39935],[106.1742028,21.3994058],[106.1742181,21.3994378],[106.1745241,21.3998838],[106.174718,21.4000995],[106.1748254,21.4002133],[106.1749806,21.4003177],[106.1752381,21.400491],[106.175262,21.4005071],[106.1753223,21.4005516],[106.1757923,21.4011222],[106.1762662,21.4015588],[106.1764942,21.4017689],[106.1766578,21.4020452],[106.1768699,21.4023733],[106.1771485,21.4026529],[106.1772961,21.4027331],[106.1774488,21.4028803],[106.1776027,21.4029867],[106.1777953,21.4030779],[106.1781302,21.40318],[106.1787447,21.4033964],[106.1789024,21.4034422],[106.1790337,21.4034801],[106.1795247,21.403622],[106.179868,21.4036819],[106.1803561,21.4037219],[106.1805278,21.4037069],[106.1821586,21.4034522],[106.1829427,21.4033352],[106.1832382,21.4032911],[106.1832637,21.4032873],[106.1833253,21.4032782],[106.1836187,21.403235],[106.1842661,21.4031398],[106.184468,21.40311],[106.1850688,21.4029852],[106.185388,21.4028653],[106.1859351,21.4025606],[106.1859989,21.4025115],[106.1861229,21.4024158],[106.1865551,21.4020053],[106.1866567,21.4019089],[106.1867529,21.4018064],[106.1879012,21.4005828],[106.1882365,21.4002457],[106.1885664,21.3999061],[106.1887354,21.3997816],[106.1887971,21.3997362],[106.1893094,21.399469],[106.1896822,21.3993292],[106.1902213,21.3992293],[106.1909727,21.3992062],[106.1911145,21.3992018],[106.1912311,21.3992008],[106.1917153,21.3991968],[106.1921364,21.3991544],[106.1925441,21.399077],[106.1925981,21.3990649],[106.1928338,21.399012],[106.1928828,21.3989956],[106.1932084,21.3988868],[106.1933149,21.3988512],[106.1937393,21.3987094],[106.1939281,21.3986324],[106.1947542,21.3983802],[106.194891,21.3983527],[106.1952746,21.3983677],[106.1955214,21.3983802],[106.1957788,21.3984277],[106.1969393,21.398809],[106.1982639,21.3992605],[106.1984315,21.3992917],[106.1985442,21.399298],[106.1986488,21.3992892],[106.1987845,21.3992698],[106.1989247,21.3992167],[106.1990789,21.3991331],[106.1991355,21.3990893],[106.1993777,21.3989019],[106.199824,21.3985567],[106.2007253,21.3978745],[106.2009736,21.3976865],[106.2012159,21.3975902],[106.2013978,21.397533],[106.201663,21.3975354],[106.2017028,21.3975361],[106.2023699,21.3976075],[106.2025261,21.3976274],[106.2028437,21.3976617]]}},{"type":"Feature","properties":{"id":599},"geometry":{"type":"LineString","coordinates":[[105.9542231,21.412397],[105.9547433,21.4126679]]}},{"type":"Feature","properties":{"id":600},"geometry":{"type":"LineString","coordinates":[[106.1313776,21.3983816],[106.1313812,21.3983931],[106.1317277,21.3993616],[106.1319034,21.3998199],[106.1320481,21.4001197],[106.1322024,21.4004255],[106.1322769,21.4005603],[106.1323433,21.4006465],[106.1331304,21.4015082],[106.1334259,21.4018108],[106.1335449,21.4019326],[106.1338238,21.402221],[106.1341077,21.4025116],[106.134556,21.4030166],[106.1347961,21.4032374],[106.1349893,21.4033997],[106.1352,21.4035728],[106.1353512,21.403697],[106.1353956,21.4037431],[106.1354331,21.4037957],[106.1358855,21.4045169],[106.13597,21.4046516],[106.1366965,21.4057044],[106.1368372,21.4059083],[106.136973,21.4061584],[106.1371239,21.4064365],[106.1372973,21.406756],[106.1376312,21.4074778],[106.1377207,21.4077105],[106.1377413,21.4077641],[106.1380711,21.4081707],[106.1385097,21.40868],[106.1389818,21.4092022],[106.1390246,21.4092495],[106.1391035,21.4093595],[106.1393437,21.4102183],[106.1394095,21.4103481],[106.1394981,21.4104417],[106.1396764,21.4105978],[106.1401631,21.4108539],[106.140231,21.4108853],[106.1411422,21.4112996],[106.1412536,21.4113844],[106.1413606,21.4114909],[106.141969,21.4121835],[106.1419904,21.4122079],[106.142156,21.4124196],[106.1422755,21.412593],[106.1423828,21.412779],[106.1426062,21.4131763],[106.1428827,21.413619],[106.1428987,21.4136437],[106.1431289,21.4139979],[106.1432977,21.4142576],[106.1433899,21.414477],[106.1434367,21.4146568],[106.143453,21.4147192],[106.1435053,21.4149727],[106.1435587,21.4152581],[106.143577,21.4157215],[106.1435912,21.4160817],[106.1436071,21.4162572],[106.1437225,21.4166357],[106.1437782,21.4167693],[106.1438245,21.4168448],[106.143864,21.4168841],[106.1438913,21.4169112],[106.1444346,21.4173223],[106.1452238,21.4180185],[106.145253,21.4180476],[106.145753,21.4183623],[106.1463752,21.4187096],[106.1468633,21.4187912],[106.1473653,21.4188042],[106.1475358,21.4188086],[106.1486379,21.4188781],[106.1492917,21.4189129],[106.1501279,21.4189291],[106.1503077,21.4198919],[106.1503798,21.4202366],[106.1505351,21.4209833],[106.1506071,21.4211326],[106.1510051,21.4219571],[106.1515574,21.4231703],[106.1517182,21.4235959],[106.1517787,21.424105],[106.1518105,21.4245578],[106.1518956,21.4250457],[106.1519557,21.4254555],[106.1518743,21.4260398],[106.1518234,21.4263926],[106.151863,21.4265272],[106.1520553,21.4270652],[106.1520859,21.427148],[106.1522166,21.4275794],[106.1522848,21.4278871],[106.1523378,21.42829],[106.1523737,21.4284378],[106.1524075,21.4285771],[106.1524612,21.4287569],[106.1524907,21.4289217],[106.1525484,21.4293069],[106.1525711,21.4294585],[106.1526033,21.4296607],[106.1526704,21.429853],[106.1527589,21.4300202],[106.1528058,21.4301226],[106.152842,21.4302325],[106.1528501,21.4303024],[106.1528501,21.4303923],[106.1528474,21.4304697],[106.1528286,21.4305645],[106.1527288,21.4307897],[106.1527079,21.4308421],[106.1526892,21.4308891],[106.1526677,21.4310289],[106.1526704,21.4312212],[106.1526704,21.4313061],[106.1526704,21.4313635],[106.1526838,21.4316381],[106.1527059,21.4318962],[106.1527294,21.43217],[106.1527482,21.4328366],[106.1527589,21.4330089],[106.1528099,21.4334732],[106.1528286,21.4338089],[106.1528447,21.4340974],[106.1528876,21.4345019],[106.1529071,21.434683],[106.1529359,21.4349513],[106.1529422,21.4351174],[106.1529574,21.435523],[106.1529668,21.4357452],[106.1529667,21.4358201],[106.152952,21.4362496],[106.152956,21.4365654],[106.1529534,21.4366902],[106.152952,21.4368138],[106.1529458,21.4368876],[106.1529346,21.4370198],[106.1528917,21.4371596],[106.1525301,21.4378987]]}},{"type":"Feature","properties":{"id":601},"geometry":{"type":"LineString","coordinates":[[106.0368566,21.4299678],[106.0370269,21.430039]]}},{"type":"Feature","properties":{"id":602},"geometry":{"type":"LineString","coordinates":[[106.0284279,21.4279353],[106.0290366,21.4280927],[106.0304426,21.4284228],[106.0305467,21.4284473],[106.0313069,21.428631],[106.0322251,21.428853],[106.0330513,21.4290555],[106.0334299,21.4291482],[106.0345989,21.4294347],[106.0357522,21.4297172],[106.0365406,21.4298466],[106.0366367,21.4298729],[106.0367929,21.4299383],[106.0368566,21.4299678]]}},{"type":"Feature","properties":{"id":603},"geometry":{"type":"LineString","coordinates":[[106.3066077,21.3888064],[106.3068384,21.3885779],[106.3072027,21.3882104],[106.3075344,21.3878487],[106.3076092,21.3877631],[106.3078235,21.3875178],[106.3078737,21.3873791],[106.3079113,21.3872143],[106.307981,21.3868197],[106.3080186,21.3862952],[106.3080662,21.3853759],[106.3081109,21.3846569],[106.3081302,21.3836897],[106.3081263,21.383227],[106.3081237,21.3829225],[106.3080749,21.3825289],[106.3080373,21.3822442],[106.3080373,21.3820943],[106.3080561,21.381877],[106.3080944,21.3816621],[106.3082295,21.3809254],[106.3082505,21.3808104],[106.3083418,21.3803781],[106.3083914,21.3801337],[106.3084948,21.3795653],[106.3085818,21.3791596],[106.3086408,21.3790023],[106.3087454,21.3788025],[106.3090379,21.3782593],[106.309793,21.3769229],[106.3099015,21.3767294],[106.3103119,21.3759901],[106.3106284,21.3753881],[106.3106713,21.3753132],[106.3107701,21.3751243],[106.3110119,21.37469],[106.3110588,21.3746026],[106.3112195,21.3742872],[106.3113686,21.373932],[106.3114035,21.3737996],[106.3114357,21.3735723],[106.3114598,21.373325],[106.3114786,21.3732051],[106.3116039,21.3728656]]}},{"type":"Feature","properties":{"id":604},"geometry":{"type":"LineString","coordinates":[[106.3044409,21.3915736],[106.3044479,21.3915156],[106.304468,21.3914637],[106.3046105,21.3912112],[106.3046617,21.3911301],[106.3048463,21.3907717],[106.3048918,21.3906942],[106.3049077,21.3906696],[106.3049394,21.3906206],[106.3050054,21.3905184],[106.3051754,21.3902837],[106.305381,21.3900142],[106.3055456,21.3898354],[106.3057637,21.389617],[106.3059267,21.3894493],[106.3060538,21.3893172],[106.3061573,21.3892136],[106.3063098,21.3890592],[106.3066077,21.3888064]]}},{"type":"Feature","properties":{"id":605},"geometry":{"type":"LineString","coordinates":[[106.3066077,21.3888064],[106.3065772,21.3888636],[106.3065206,21.3889235],[106.3062796,21.3891855],[106.3059573,21.3894995],[106.3055697,21.3899066],[106.3053659,21.3901513],[106.3052237,21.3903212],[106.305006,21.390659],[106.3049717,21.3907122],[106.3048777,21.3908581],[106.3046309,21.3912902],[106.3045397,21.3914594],[106.3045129,21.3915012],[106.3044888,21.3915374],[106.3044409,21.3915736]]}},{"type":"Feature","properties":{"id":606},"geometry":{"type":"LineString","coordinates":[[106.3159096,21.3512108],[106.3160611,21.3512195]]}},{"type":"Feature","properties":{"id":607},"geometry":{"type":"LineString","coordinates":[[106.2878773,21.3517971],[106.2887827,21.3517189],[106.2908642,21.3517264],[106.2914441,21.3517073],[106.2931556,21.3516612],[106.296018,21.3515407],[106.2966728,21.3515256],[106.2977403,21.3515106],[106.2987568,21.3514742],[106.2988093,21.3514729],[106.2997883,21.3514367],[106.3007002,21.3514119],[106.3016148,21.3513919],[106.3027038,21.3513457],[106.3027988,21.3513415],[106.3032849,21.3513197],[106.3034608,21.3513118],[106.3037847,21.351317],[106.3039537,21.3513195],[106.30447,21.3513545],[106.3049903,21.3513807],[106.3055147,21.3514319],[106.3056663,21.3514494],[106.3061263,21.3514969],[106.3065031,21.3515268],[106.3068263,21.3515606],[106.3073963,21.3516005],[106.3075827,21.351603],[106.3079461,21.3515593],[106.3082411,21.3515143],[106.3084349,21.3514915],[106.3086232,21.3514694],[106.308664,21.3514646],[106.3090593,21.3514182],[106.3091508,21.351409],[106.3095737,21.3513663],[106.3096877,21.3513548],[106.3097887,21.3513446],[106.3100007,21.3513232],[106.3102974,21.3512906],[106.3103515,21.3512846],[106.3109529,21.3512183],[106.3110186,21.3512151],[106.3111693,21.3512079],[106.3114223,21.3511958],[106.3116488,21.3512046],[106.3119346,21.3512158],[106.3119659,21.351217],[106.3121224,21.3512159],[106.3131791,21.3512083],[106.3145041,21.3512083],[106.3148233,21.3512083],[106.3155878,21.3512083],[106.3158909,21.3512107],[106.3159096,21.3512108]]}},{"type":"Feature","properties":{"id":608},"geometry":{"type":"LineString","coordinates":[[106.2645453,21.4171013],[106.2646027,21.4170765]]}},{"type":"Feature","properties":{"id":609},"geometry":{"type":"LineString","coordinates":[[106.2608722,21.4186165],[106.2609214,21.4185944],[106.2609689,21.4185757],[106.2630287,21.4177452],[106.2632473,21.4176463],[106.2632962,21.4176241],[106.2637031,21.417451],[106.2642047,21.4172487],[106.2643643,21.4171835],[106.2645453,21.4171013]]}},{"type":"Feature","properties":{"id":610},"geometry":{"type":"LineString","coordinates":[[106.2061787,21.3983169],[106.2062499,21.3979931]]}},{"type":"Feature","properties":{"id":611},"geometry":{"type":"LineString","coordinates":[[106.2995508,21.4092943],[106.2992021,21.4085439],[106.2987714,21.4075354],[106.2983117,21.4061493],[106.2980732,21.4052256],[106.297851,21.4039557],[106.2977162,21.4028465]]}},{"type":"Feature","properties":{"id":612},"geometry":{"type":"LineString","coordinates":[[106.2996734,21.4095352],[106.2995508,21.4092943]]}},{"type":"Feature","properties":{"id":613},"geometry":{"type":"LineString","coordinates":[[106.2996005,21.4091495],[106.2997225,21.4093879]]}},{"type":"Feature","properties":{"id":614},"geometry":{"type":"LineString","coordinates":[[106.2978075,21.4028316],[106.2979201,21.4039466],[106.2981588,21.4051902],[106.2983841,21.4060992],[106.2988535,21.4074901],[106.2992719,21.4085014],[106.2996005,21.4091495]]}},{"type":"Feature","properties":{"id":615},"geometry":{"type":"LineString","coordinates":[[106.0224243,21.4268974],[106.0224512,21.4269002],[106.0225309,21.4269115],[106.0225943,21.4269194],[106.0227925,21.4269442],[106.022999,21.4270041],[106.0231706,21.427074],[106.0232565,21.427124],[106.0233369,21.4271964],[106.0234067,21.4272819],[106.0234255,21.427305],[106.0234731,21.4273727],[106.0235649,21.4275035],[106.0237205,21.4277407],[106.0237755,21.4278131],[106.0238412,21.427878],[106.0238922,21.4279167],[106.0239458,21.4279379],[106.0240915,21.4279698],[106.0241448,21.4279679],[106.0242864,21.4279629],[106.0245255,21.4279474],[106.0246898,21.4279367],[106.025074,21.4279008],[106.0254643,21.4278614],[106.0256004,21.4278477],[106.0259088,21.4278195],[106.0270253,21.4277175],[106.0273066,21.4277032],[106.0274193,21.4277107],[106.0275587,21.4277307],[106.0278833,21.4277981],[106.0284279,21.4279353]]}},{"type":"Feature","properties":{"id":616},"geometry":{"type":"LineString","coordinates":[[106.1632819,21.2821753],[106.1633509,21.2818623]]}},{"type":"Feature","properties":{"id":617},"geometry":{"type":"LineString","coordinates":[[106.1626085,21.2851059],[106.1626428,21.2850357],[106.1626831,21.2849383],[106.1627085,21.284842],[106.1628467,21.2841822],[106.163112,21.2829462],[106.1632819,21.2821753]]}},{"type":"Feature","properties":{"id":618},"geometry":{"type":"LineString","coordinates":[[106.1634757,21.2818629],[106.1634032,21.2821816]]}},{"type":"Feature","properties":{"id":619},"geometry":{"type":"LineString","coordinates":[[106.1642192,21.278279],[106.1641989,21.2783872],[106.1641663,21.27856],[106.163945,21.2796135],[106.1637312,21.2806638],[106.1634757,21.2818629]]}},{"type":"Feature","properties":{"id":620},"geometry":{"type":"LineString","coordinates":[[106.6115936,21.3901912],[106.6117161,21.3912318],[106.6118531,21.392241],[106.6119397,21.3928411],[106.6119879,21.3931532],[106.6121033,21.3940498],[106.6121489,21.3943595],[106.6121662,21.3945926],[106.6123124,21.3956565],[106.612415,21.3964035],[106.6124345,21.3965454],[106.6125228,21.3970016],[106.6125772,21.3972831],[106.6126102,21.3974537],[106.6127306,21.3981767],[106.6127965,21.3985294],[106.6128587,21.3988823],[106.612997,21.3995883],[106.6130405,21.3998103],[106.6131877,21.400564],[106.6133728,21.4015063],[106.6134089,21.4016908],[106.6134636,21.4019722],[106.6138547,21.403363],[106.614126,21.4045141],[106.6143362,21.4053213],[106.6144182,21.4056011],[106.6144869,21.4057539],[106.6145259,21.4058405],[106.6146937,21.4062136],[106.6149908,21.406874],[106.6153932,21.4077686],[106.6157558,21.4085425],[106.6157833,21.4086513],[106.6158069,21.4087822],[106.6158074,21.4088636],[106.6157929,21.4089924],[106.6157574,21.4091179],[106.6155177,21.4096972],[106.615212,21.4105266],[106.6149773,21.4112233],[106.6149116,21.4114406],[106.6148284,21.4116478],[106.6147506,21.4118863],[106.6145884,21.4122933],[106.6145642,21.4123919],[106.6144633,21.4129204],[106.6144224,21.4131515],[106.6144017,21.4132684],[106.6143739,21.4134376],[106.6143447,21.4136156],[106.6143042,21.413819],[106.6142115,21.4143197],[106.6141793,21.4145219],[106.6141742,21.4145534],[106.6141257,21.4148578],[106.6140184,21.415306],[106.6139647,21.4155901],[106.6139352,21.4159515],[106.6139084,21.4163623],[106.6138454,21.4170246],[106.6138224,21.4172869],[106.6138076,21.4174564],[106.613783,21.4177233],[106.6136885,21.4187494],[106.6136828,21.4189012],[106.6137046,21.4191589],[106.6137939,21.4195446],[106.6138205,21.4196608],[106.6138422,21.4197597],[106.6139351,21.4201831],[106.6139828,21.4204387],[106.614064,21.4207669],[106.6141525,21.4211464],[106.6142464,21.4215759],[106.6143268,21.4218281],[106.6143751,21.4220279],[106.61441,21.4222501],[106.6144448,21.4223849],[106.6144583,21.4225272],[106.6145334,21.4227345],[106.6145682,21.4228119],[106.6146997,21.4229767],[106.6149867,21.4232863],[106.6152039,21.423536],[106.6153514,21.4236783],[106.6156223,21.4239804],[106.6157618,21.4241277],[106.6162151,21.4246346],[106.6165021,21.4249267],[106.6166094,21.4250666],[106.6166845,21.4251789],[106.6167301,21.4252988],[106.616773,21.4254536],[106.6168025,21.4257657],[106.6168642,21.4260254],[106.6169366,21.42633],[106.6170095,21.426589],[106.6172155,21.4277132],[106.6172767,21.428171],[106.617296,21.4283824],[106.6172384,21.4290303],[106.6172467,21.4291741],[106.6172773,21.4294735],[106.617345,21.4297944],[106.6174811,21.4302979],[106.6175964,21.430567],[106.6177092,21.4307723],[106.6177797,21.4309022],[106.6183931,21.4321288],[106.6184869,21.432341],[106.6185983,21.4325457],[106.618649,21.4326801],[106.6187777,21.4329539],[106.6190308,21.4332263],[106.6200497,21.434287],[106.6203458,21.4345952],[106.6210819,21.4353259],[106.6212168,21.435435],[106.6214575,21.4356653],[106.6216566,21.4358676],[106.6218692,21.436091],[106.6219644,21.4361921],[106.6220999,21.4363195],[106.6221958,21.4364006],[106.6223942,21.436576],[106.6225646,21.4367189],[106.6228288,21.4369287],[106.6230936,21.4371153],[106.6234135,21.4373181],[106.62374,21.4375303],[106.6239533,21.4376652],[106.624776,21.4381626],[106.6260695,21.438931],[106.6263847,21.4391244],[106.6266435,21.4392705],[106.6268769,21.4394078]]}},{"type":"Feature","properties":{"id":621},"geometry":{"type":"LineString","coordinates":[[106.0804559,21.5421683],[106.0804331,21.542212]]}},{"type":"Feature","properties":{"id":622},"geometry":{"type":"LineString","coordinates":[[106.0828144,21.5400444],[106.0815775,21.5403468],[106.081361,21.5404362],[106.0812995,21.540488],[106.0812095,21.5405904],[106.0810715,21.5407475],[106.0807649,21.5415238],[106.0807202,21.5416265],[106.0804559,21.5421683]]}},{"type":"Feature","properties":{"id":623},"geometry":{"type":"LineString","coordinates":[[106.1048124,21.2306922],[106.104758,21.2306208],[106.1047256,21.2305386],[106.1047176,21.2304513],[106.1047346,21.2303651],[106.104768,21.2303034],[106.1047833,21.2302752],[106.1048589,21.2302031],[106.1048827,21.2301913],[106.1049542,21.2301557],[106.1050605,21.2301373],[106.1051678,21.2301497],[106.1052661,21.2301916],[106.1053462,21.2302593],[106.1053718,21.2302927],[106.1053927,21.2303289],[106.1054191,21.2304059],[106.1054216,21.2305143],[106.1053862,21.2306177],[106.1053169,21.2307047],[106.1052796,21.2307286],[106.105221,21.2307661],[106.1051089,21.2307952],[106.1049928,21.2307889],[106.1048851,21.2307478],[106.1048124,21.2306922]]}},{"type":"Feature","properties":{"id":624},"geometry":{"type":"LineString","coordinates":[[106.1048851,21.2307478],[106.1048094,21.2307142],[106.1046837,21.2306846],[106.1045522,21.2306768],[106.1044593,21.2306829],[106.104292,21.2307144]]}},{"type":"Feature","properties":{"id":625},"geometry":{"type":"LineString","coordinates":[[106.104292,21.2307144],[106.1043845,21.2306808],[106.1044596,21.2306448],[106.1045208,21.2306018],[106.1045787,21.2305538],[106.104627,21.2305028],[106.1047346,21.2303651]]}},{"type":"Feature","properties":{"id":626},"geometry":{"type":"LineString","coordinates":[[106.1075652,21.5270324],[106.1075074,21.5273817]]}},{"type":"Feature","properties":{"id":627},"geometry":{"type":"LineString","coordinates":[[106.2172969,21.2036378],[106.2174216,21.2036453]]}},{"type":"Feature","properties":{"id":628},"geometry":{"type":"LineString","coordinates":[[106.3688014,21.3109106],[106.3691515,21.3107257],[106.3694116,21.3105858],[106.3697013,21.3104409],[106.370168,21.3101148],[106.3707175,21.3097655],[106.3713174,21.3093964],[106.3716419,21.3091777],[106.3720161,21.3089503],[106.3724251,21.3086842],[106.3741887,21.3076047],[106.3742557,21.3075496],[106.3754936,21.3067212]]}},{"type":"Feature","properties":{"id":629},"geometry":{"type":"LineString","coordinates":[[106.3685144,21.3111018],[106.3688014,21.3109106]]}},{"type":"Feature","properties":{"id":630},"geometry":{"type":"LineString","coordinates":[[106.4061666,21.31841],[106.4062014,21.3184288],[106.4068229,21.3188377],[106.4073824,21.3191786],[106.4075212,21.3192493],[106.4075782,21.3192784],[106.4078906,21.3194385],[106.4080924,21.3195419],[106.4088696,21.3198536],[106.4096234,21.3201087],[106.4100498,21.3202184],[106.4108283,21.320312],[106.411297,21.3203683],[106.412483,21.32046]]}},{"type":"Feature","properties":{"id":631},"geometry":{"type":"LineString","coordinates":[[106.4058267,21.3182344],[106.4061666,21.31841]]}},{"type":"Feature","properties":{"id":632},"geometry":{"type":"LineString","coordinates":[[106.3406906,21.3273481],[106.3409708,21.327162],[106.3413484,21.3269315],[106.3419002,21.3265948],[106.3420193,21.32652],[106.3424871,21.3262261],[106.3437416,21.3254455],[106.3450018,21.3246336],[106.345725,21.3241799],[106.3466987,21.323569],[106.3475744,21.3230094],[106.3484397,21.3224428],[106.3484864,21.3224165],[106.3485072,21.3224041]]}},{"type":"Feature","properties":{"id":633},"geometry":{"type":"LineString","coordinates":[[106.340602,21.3274068],[106.3406906,21.3273481]]}},{"type":"Feature","properties":{"id":634},"geometry":{"type":"LineString","coordinates":[[106.3782478,21.3405711],[106.3783595,21.3405385]]}},{"type":"Feature","properties":{"id":635},"geometry":{"type":"LineString","coordinates":[[106.3783595,21.3405385],[106.3788222,21.3403873],[106.3801003,21.3400723],[106.3828015,21.3393643],[106.3830442,21.3392962],[106.3831721,21.3392749],[106.3832408,21.3392662],[106.3838701,21.3392668],[106.3842925,21.3392918],[106.384639,21.3393198],[106.3847123,21.339328],[106.3849148,21.3393643],[106.3854566,21.3394417],[106.3860415,21.3394979],[106.3861647,21.3394692],[106.3862774,21.3394092],[106.386449,21.3392835],[106.3865161,21.3392344],[106.3868675,21.3389995],[106.387272,21.338726],[106.3873227,21.3386917],[106.3880354,21.3379907],[106.3882595,21.3377703],[106.3884741,21.337558],[106.3885859,21.3374371],[106.3886482,21.3373498],[106.388684,21.3372211],[106.3886865,21.3364223],[106.3887128,21.3357342],[106.388715,21.3356814],[106.3887349,21.3352051],[106.3887361,21.3347763],[106.3887459,21.3344321],[106.3887853,21.3330485],[106.3887879,21.3329559],[106.3888236,21.3311196],[106.3888252,21.3310345],[106.3888223,21.3307148],[106.3888194,21.330405],[106.3888152,21.3299428],[106.3888253,21.3298047],[106.3888302,21.3295704],[106.3888442,21.3288984],[106.3888499,21.3280632],[106.3888534,21.3279417],[106.388858,21.3277842],[106.3888657,21.327517],[106.3888695,21.3273882],[106.3888733,21.3271572],[106.3888745,21.3270821],[106.3888757,21.3270093],[106.3888859,21.3263901],[106.3888904,21.3261176],[106.3888962,21.3257677],[106.388897,21.3257205],[106.3889089,21.3250007],[106.3889127,21.3247685],[106.3889218,21.324216],[106.3889226,21.3241688],[106.3889245,21.3240539],[106.3889259,21.3239706],[106.3889381,21.3235114],[106.388958,21.3227624],[106.3890172,21.3205353],[106.3890285,21.3201087],[106.3890347,21.320021],[106.3890651,21.3199487]]}},{"type":"Feature","properties":{"id":636},"geometry":{"type":"LineString","coordinates":[[105.9395977,21.2972965],[105.9395841,21.2973068],[105.9395246,21.2973677],[105.9394361,21.2974952],[105.9392864,21.2977094],[105.939107,21.297921],[105.9389466,21.2981187],[105.9388652,21.2982193],[105.9388486,21.2982398],[105.9385711,21.298686],[105.9385012,21.2987817],[105.9383961,21.2989172],[105.9382381,21.2991173],[105.9380172,21.2993551],[105.9375748,21.2998466],[105.9375521,21.2998775],[105.9373564,21.3001442],[105.937242,21.300359],[105.9371931,21.3005261],[105.9371348,21.3007189],[105.9370777,21.3008998],[105.9370637,21.301085],[105.9370557,21.3013797],[105.9370479,21.301665],[105.9370127,21.302292],[105.9369752,21.3026369],[105.9369202,21.3029067],[105.9368612,21.3032141],[105.9368129,21.3034965],[105.9367713,21.3036902],[105.9367485,21.3038151],[105.9367204,21.3040388],[105.9366788,21.3042112],[105.9366104,21.3046223],[105.9365205,21.3049671],[105.9364495,21.305282],[105.9363972,21.3054869],[105.9363718,21.3055679],[105.9363569,21.3056156],[105.9363006,21.3059179],[105.9362496,21.3061953],[105.9362054,21.3063765],[105.9361638,21.3065839],[105.9361196,21.3067338],[105.9360659,21.3068375],[105.9360056,21.3069262],[105.9357655,21.3072411],[105.9354825,21.3075984],[105.9352143,21.3079133],[105.9350292,21.3081419],[105.9348629,21.3083556],[105.9346564,21.3086042],[105.9344915,21.3088154],[105.9342675,21.309119],[105.9342384,21.3091652],[105.9340395,21.3094613],[105.933841,21.3097787],[105.933664,21.3100785],[105.9334736,21.3104234],[105.9332979,21.310722],[105.9331872,21.3109362],[105.9330632,21.3111418],[105.9329364,21.3113654],[105.9328131,21.3115809],[105.9326823,21.3118102],[105.9325676,21.3120214],[105.9324,21.3123581],[105.9321311,21.3128097],[105.9318683,21.313217],[105.9317739,21.3133644],[105.9316725,21.3135231],[105.9315998,21.3136495],[105.931541,21.3137518],[105.9314337,21.3139829],[105.9313774,21.314159],[105.9313251,21.3143864],[105.9312782,21.3145726],[105.9312706,21.3145993],[105.9312285,21.3147475],[105.9311803,21.3150074],[105.9311729,21.3150737],[105.9311481,21.3152972],[105.9311317,21.31544],[105.9311186,21.3155546],[105.9311038,21.3156988],[105.9310891,21.3158432],[105.9310823,21.3159055],[105.9310645,21.3160695],[105.9310582,21.3161268],[105.9310354,21.316308],[105.9309898,21.3164979],[105.9309579,21.3166987],[105.9309469,21.3167677],[105.930878,21.317109],[105.9308276,21.3173537],[105.9308088,21.3176198],[105.9307578,21.3180046],[105.9307436,21.3181799],[105.9307323,21.3183194],[105.9306774,21.3187379],[105.9306742,21.3187705],[105.9306514,21.3190064],[105.9306291,21.3192364],[105.9306023,21.3194163],[105.9305707,21.3196937],[105.9305412,21.3199323],[105.9305104,21.3201759],[105.9304795,21.3204283],[105.9304712,21.3205074],[105.9304554,21.3206563],[105.9303797,21.3212923],[105.9303427,21.3216034],[105.9302348,21.3225096],[105.9301961,21.3226754],[105.9300797,21.3229891],[105.9300202,21.3231493],[105.9298952,21.3233821],[105.9298646,21.3234391],[105.9296742,21.3236865],[105.9294154,21.3240463],[105.9292772,21.3242436],[105.9292,21.3243493],[105.9290573,21.3244935],[105.9285262,21.3250582],[105.9280599,21.325558],[105.9280273,21.3255929],[105.9276518,21.3259627],[105.9269974,21.3266323],[105.9264663,21.3272019],[105.9258708,21.3277291],[105.9253693,21.3282163],[105.9250598,21.3285263],[105.9250475,21.3285386],[105.9248576,21.3287288],[105.9246907,21.3288959],[105.9245608,21.3290257],[105.9242092,21.329377],[105.9241381,21.3294481],[105.9239504,21.3296392]]}},{"type":"Feature","properties":{"id":637},"geometry":{"type":"LineString","coordinates":[[106.3327016,21.3377191],[106.3327116,21.3376963]]}},{"type":"Feature","properties":{"id":638},"geometry":{"type":"LineString","coordinates":[[106.3326721,21.3377791],[106.3327016,21.3377191]]}},{"type":"Feature","properties":{"id":639},"geometry":{"type":"LineString","coordinates":[[106.3326601,21.3377988],[106.3326721,21.3377791]]}},{"type":"Feature","properties":{"id":640},"geometry":{"type":"LineString","coordinates":[[106.3304568,21.3423433],[106.3308424,21.3416162],[106.3311442,21.340922],[106.3311647,21.3408701],[106.3319673,21.3392779],[106.3326601,21.3377988]]}},{"type":"Feature","properties":{"id":641},"geometry":{"type":"LineString","coordinates":[[106.3485414,21.3223778],[106.3485521,21.3223685],[106.3489481,21.3221241],[106.3497001,21.3216601],[106.3502768,21.3212853],[106.3509302,21.3208718]]}},{"type":"Feature","properties":{"id":642},"geometry":{"type":"LineString","coordinates":[[106.3485072,21.3224041],[106.3485414,21.3223778]]}},{"type":"Feature","properties":{"id":643},"geometry":{"type":"LineString","coordinates":[[106.3578576,21.2792454],[106.3541861,21.2783674]]}},{"type":"Feature","properties":{"id":644},"geometry":{"type":"LineString","coordinates":[[106.3690442,21.2792649],[106.3677627,21.2798232],[106.3668542,21.2801109],[106.3665631,21.2801821],[106.3657102,21.2803371],[106.3651603,21.2803846],[106.3645431,21.280428],[106.3640633,21.2804221],[106.3636315,21.2803946],[106.3631454,21.280342],[106.3630763,21.2803346],[106.3625318,21.2802446],[106.359601,21.2796536],[106.3591716,21.2795425],[106.3578576,21.2792454]]}},{"type":"Feature","properties":{"id":645},"geometry":{"type":"LineString","coordinates":[[106.1368305,21.3265485],[106.1364849,21.3265174]]}},{"type":"Feature","properties":{"id":646},"geometry":{"type":"LineString","coordinates":[[106.3372312,21.2429062],[106.3371541,21.2428993],[106.3370393,21.2428844],[106.3368838,21.2428643],[106.336845,21.2428609],[106.3366395,21.2428428],[106.336064,21.2427714],[106.3359335,21.2427625],[106.3356641,21.2427387],[106.335192,21.2426987],[106.3349855,21.2426712],[106.3346489,21.2426212],[106.3339193,21.2425412],[106.3335492,21.2424974],[106.3328679,21.2424037],[106.3322067,21.2423187],[106.3317373,21.2422437],[106.3314436,21.2421824],[106.3311784,21.2421115],[106.3307731,21.2419887],[106.3301066,21.2417937],[106.3295433,21.2416199],[106.3291023,21.2415015],[106.3289478,21.2414537],[106.3288204,21.2413949],[106.3285656,21.2412562],[106.3284338,21.2411676],[106.328335,21.2411012],[106.3279812,21.2408439],[106.3279357,21.2408114],[106.3272594,21.2403274],[106.3269906,21.2401324],[106.326442,21.2397518],[106.3260876,21.2395081],[106.3259076,21.2393843],[106.3252746,21.2389562],[106.3250244,21.2388287],[106.3248722,21.2387818],[106.3247314,21.2387624],[106.3246114,21.2387737],[106.3244625,21.2388187],[106.3242815,21.2388749],[106.3241896,21.2389243],[106.3237761,21.2391856],[106.3232093,21.2395437],[106.3225615,21.2399249],[106.3221417,21.2401493],[106.3219681,21.2401974],[106.3217917,21.2402112],[106.3215919,21.2401987],[106.3214551,21.2401612],[106.3212687,21.2400887],[106.3209739,21.2400001]]}},{"type":"Feature","properties":{"id":647},"geometry":{"type":"LineString","coordinates":[[106.3374317,21.2429268],[106.3372312,21.2429062]]}},{"type":"Feature","properties":{"id":648},"geometry":{"type":"LineString","coordinates":[[106.1019346,21.2610791],[106.1021081,21.2611782],[106.1021787,21.2612272],[106.1033545,21.2619752],[106.1040352,21.2624082],[106.1046488,21.2628149],[106.1047122,21.262857],[106.1047545,21.262885],[106.1059815,21.263822],[106.106302,21.2640832],[106.1064971,21.2642561],[106.1072127,21.264972],[106.1075912,21.2653528],[106.107904,21.2656569],[106.1088854,21.2666314]]}},{"type":"Feature","properties":{"id":649},"geometry":{"type":"LineString","coordinates":[[106.0636774,21.5550736],[106.0634749,21.5553306]]}},{"type":"Feature","properties":{"id":650},"geometry":{"type":"LineString","coordinates":[[106.0804331,21.542212],[106.0802753,21.5425281],[106.0802401,21.5426023],[106.0799881,21.5429531],[106.0798808,21.5431077],[106.0797423,21.5433071],[106.079544,21.5436671],[106.0794859,21.5437623],[106.079033,21.5443727],[106.0788937,21.5445019],[106.0787586,21.5445953],[106.0786905,21.5446372],[106.0781375,21.5449779],[106.0778769,21.5451385],[106.0772367,21.5455576],[106.0769562,21.5457412],[106.0767455,21.5458816],[106.07666,21.5459378],[106.0765573,21.5459866],[106.0764474,21.5460091],[106.0760457,21.5460446],[106.075813,21.5460651],[106.0755767,21.5461011],[106.0752426,21.546152],[106.0751939,21.5461662],[106.0747876,21.5462846],[106.0741872,21.5464595],[106.0741095,21.5464822],[106.0739994,21.5465143],[106.0736011,21.5466065],[106.0727909,21.5468121],[106.0723784,21.5469169],[106.0719451,21.5470268],[106.0716453,21.5471029],[106.0714236,21.5471592],[106.071361,21.5471731],[106.0705542,21.5473521],[106.0703351,21.5474007],[106.0700744,21.5474586],[106.0694824,21.5476191],[106.0692832,21.5476731],[106.0691588,21.5477045],[106.0690544,21.5477309],[106.0688382,21.5477856],[106.0684734,21.5478778],[106.067439,21.5481392],[106.0672162,21.5481955],[106.0671033,21.5482148],[106.0665078,21.5482377],[106.0663314,21.5482554],[106.066136,21.5483242],[106.0659103,21.5484371],[106.065728,21.5485627],[106.0656567,21.5486654],[106.0655488,21.5488209],[106.0653951,21.5491106],[106.064997,21.549861],[106.0646238,21.5505412],[106.0645832,21.5506153],[106.0642872,21.5511548],[106.0642634,21.5511982],[106.0642451,21.5512316],[106.0642105,21.5513519],[106.0641901,21.5514871],[106.0641763,21.5525777],[106.0640864,21.5534526],[106.0640717,21.5535955],[106.0639694,21.5546344],[106.0639375,21.5547406],[106.0636774,21.5550736]]}},{"type":"Feature","properties":{"id":651},"geometry":{"type":"LineString","coordinates":[[105.9703381,21.2914882],[105.9697982,21.2917864],[105.9697144,21.2918199],[105.9695188,21.291893],[105.9694995,21.2919002],[105.9691572,21.2920281],[105.9685169,21.2922798],[105.9682459,21.2923864],[105.9679448,21.2924965],[105.967684,21.2925919],[105.9674259,21.2926878],[105.9670925,21.2928177],[105.9664563,21.293045],[105.966044,21.2931856],[105.9657846,21.2932741],[105.965684,21.2933156],[105.9653975,21.2934139],[105.9652539,21.2934494],[105.9652009,21.2934625],[105.9650464,21.293464],[105.9649057,21.2934537],[105.9647821,21.2934359],[105.9642737,21.2933732],[105.9640741,21.2933486],[105.9634704,21.2932792],[105.9630534,21.2932312],[105.9630382,21.2932294],[105.9627709,21.293193],[105.9626093,21.2931898],[105.9625696,21.2931931],[105.9625153,21.2931989],[105.9624008,21.2932141],[105.962245,21.2932559],[105.9621241,21.2933046],[105.9620158,21.2933483],[105.9616143,21.2935222],[105.9615089,21.2935707],[105.961211,21.2937079],[105.9607215,21.2939395],[105.9606227,21.2939856],[105.9602092,21.294134],[105.9600646,21.2941789],[105.9599651,21.2942015],[105.9597629,21.2942404],[105.9596604,21.2942601],[105.9590558,21.2943764],[105.9588582,21.2944014],[105.9577348,21.2945709]]}},{"type":"Feature","properties":{"id":652},"geometry":{"type":"LineString","coordinates":[[105.9706385,21.2912949],[105.9703381,21.2914882]]}},{"type":"Feature","properties":{"id":653},"geometry":{"type":"LineString","coordinates":[[105.9188332,21.3343266],[105.9189373,21.3341889],[105.9189977,21.3341177],[105.9191304,21.3340103],[105.9193477,21.3338454],[105.9194447,21.3337709],[105.9195542,21.3336867],[105.9197554,21.3335493],[105.9199713,21.3333894],[105.9202717,21.3332045],[105.9205252,21.3330421],[105.9205654,21.3330111],[105.9208819,21.3327673],[105.9211045,21.3325937],[105.9211327,21.3325698],[105.9213594,21.3323776],[105.921527,21.3322027],[105.9215555,21.3321705],[105.921578,21.3321452],[105.9217188,21.3319153],[105.9218274,21.3317642],[105.9219199,21.3316562],[105.9219226,21.331653],[105.9219602,21.3316168]]}},{"type":"Feature","properties":{"id":654},"geometry":{"type":"LineString","coordinates":[[105.9474078,21.2931037],[105.9476343,21.2930106],[105.9478609,21.2929131],[105.948455,21.2926695],[105.948677,21.2925726],[105.9488305,21.2924945],[105.9491363,21.2923596],[105.9495105,21.2921871],[105.9500332,21.2919654],[105.9502627,21.2918505],[105.950638,21.2916876],[105.9508648,21.2915358],[105.950976,21.2914991],[105.9513512,21.2913612],[105.9515778,21.2912806],[105.951734,21.2912219],[105.951903,21.2911519],[105.9520646,21.2910563],[105.9521538,21.2909844],[105.9522416,21.2909182],[105.9523027,21.290847],[105.9524553,21.2906964],[105.9525079,21.2906446],[105.9526161,21.2905275],[105.9526829,21.2904552],[105.9528438,21.2902915],[105.9529725,21.2901591],[105.9530383,21.2900829],[105.953131,21.2899786],[105.9532461,21.2898492],[105.9533608,21.2897111],[105.9534556,21.2895826],[105.9534902,21.2895356],[105.9536223,21.2893662],[105.9537457,21.2892113],[105.9538758,21.2890407],[105.9539677,21.2889148],[105.9540287,21.2888202],[105.9541706,21.288635],[105.9541862,21.2886146],[105.9542571,21.2885179],[105.9543378,21.2884078],[105.9544954,21.2882029],[105.9546435,21.2880081],[105.954665,21.2879798],[105.9547529,21.2878767],[105.954887,21.2877461],[105.9549306,21.2876928]]}},{"type":"Feature","properties":{"id":655},"geometry":{"type":"LineString","coordinates":[[106.1610442,21.2341986],[106.1600706,21.2342848],[106.1593196,21.2343398],[106.1587952,21.2343936],[106.1585593,21.2344186],[106.1583593,21.2344398],[106.1573495,21.2345186],[106.1570148,21.2345448],[106.1567165,21.2345723],[106.1559101,21.2346322],[106.1557402,21.2346448]]}},{"type":"Feature","properties":{"id":656},"geometry":{"type":"LineString","coordinates":[[106.1557254,21.2345023],[106.1558823,21.2344879],[106.1564644,21.2344461],[106.1568996,21.2344036],[106.156986,21.2343958],[106.1571872,21.2343773],[106.1576761,21.2343404],[106.1581729,21.2343011],[106.1585374,21.2342693],[106.1588535,21.2342417],[106.1595972,21.2341673],[106.1610228,21.2340411]]}},{"type":"Feature","properties":{"id":657},"geometry":{"type":"LineString","coordinates":[[106.2994074,21.2947475],[106.2996125,21.2947612]]}},{"type":"Feature","properties":{"id":658},"geometry":{"type":"LineString","coordinates":[[106.2796369,21.2933917],[106.2799943,21.2934212],[106.280167,21.2934355],[106.2804299,21.2934573],[106.2811144,21.2935139],[106.2813314,21.2935318],[106.2818253,21.2935727],[106.2823263,21.2936141],[106.2825537,21.2936329],[106.282697,21.2936424],[106.2835354,21.2936979],[106.2838441,21.2937033],[106.2840061,21.2937122],[106.2845943,21.2937443],[106.2854641,21.2937918],[106.2855286,21.2937953],[106.2859695,21.2938194],[106.2868392,21.2938964],[106.2881812,21.2939797],[106.288583,21.2940046],[106.2894763,21.2940601],[106.2907878,21.2941415],[106.2954207,21.2944291],[106.2979789,21.2946626],[106.2992328,21.294736],[106.2994074,21.2947475]]}},{"type":"Feature","properties":{"id":659},"geometry":{"type":"LineString","coordinates":[[105.9846325,21.2564552],[105.9847546,21.2564227]]}},{"type":"Feature","properties":{"id":660},"geometry":{"type":"LineString","coordinates":[[105.9847546,21.2564227],[105.9850747,21.2563821],[105.9851596,21.2563801],[105.9855908,21.2564193],[105.985712,21.2564456],[105.9858169,21.2564795],[105.985888,21.2565196],[105.985946,21.2565745],[105.9865236,21.2572483],[105.987269,21.2581736],[105.9873228,21.2582624],[105.9873666,21.2583711],[105.987383,21.2584657],[105.9873872,21.2585581],[105.9873182,21.259024],[105.9870586,21.2602192],[105.986943,21.2609667],[105.9869092,21.261185],[105.9868972,21.2612627],[105.9868922,21.2613578],[105.9868937,21.2614288],[105.9869106,21.2615305],[105.9869853,21.2617744],[105.9870817,21.2620892],[105.9873192,21.2627248],[105.9874808,21.2630501],[105.9874958,21.2630882],[105.9876022,21.2634662],[105.9876207,21.2635187],[105.9878029,21.2638668],[105.9878174,21.2639196],[105.9878251,21.2639723],[105.9878191,21.264044],[105.9878042,21.2641046],[105.9875685,21.2646526],[105.9875561,21.2647292],[105.9875618,21.2647814],[105.9875789,21.2648278],[105.9876118,21.2648754],[105.9878633,21.2651326],[105.9882268,21.2653735],[105.9882534,21.265387],[105.9882806,21.2654008],[105.9888399,21.2656234],[105.9889838,21.2656561],[105.9891034,21.2656725],[105.9892164,21.2656705],[105.9897564,21.2656168],[105.9907968,21.2656334],[105.9914567,21.2656004],[105.993568,21.2656272],[105.9937142,21.2656458],[105.9938425,21.2656829],[105.9939466,21.2657386],[105.9940329,21.265815],[105.994404,21.2662637],[105.9944395,21.2662928],[105.9946542,21.2664152],[105.9947151,21.2664389],[105.9947958,21.2664481],[105.9948706,21.2664411],[105.9949552,21.2664175],[105.9951528,21.2663236],[105.9961601,21.2657159]]}},{"type":"Feature","properties":{"id":661},"geometry":{"type":"LineString","coordinates":[[105.9961601,21.2657159],[105.9963239,21.2656169]]}},{"type":"Feature","properties":{"id":662},"geometry":{"type":"LineString","coordinates":[[105.9963239,21.2656169],[105.9963982,21.2655312],[105.9964225,21.2654902],[105.9964473,21.2654423],[105.9964702,21.2653733],[105.9966645,21.2645706],[105.9966816,21.2645185],[105.9968968,21.2640599],[105.9970151,21.2638826],[105.99801,21.2623916],[105.9984949,21.2617428],[105.9986007,21.2616363],[105.998647,21.2616103],[105.9987624,21.2615715],[105.9996631,21.2613718],[106.0016713,21.260829],[106.0026566,21.2605627],[106.0038233,21.2601998]]}},{"type":"Feature","properties":{"id":663},"geometry":{"type":"LineString","coordinates":[[105.9395977,21.2972965],[105.9397184,21.2972178]]}},{"type":"Feature","properties":{"id":664},"geometry":{"type":"LineString","coordinates":[[105.9219602,21.3316168],[105.922274,21.3312757]]}},{"type":"Feature","properties":{"id":665},"geometry":{"type":"LineString","coordinates":[[105.9666516,21.2569682],[105.96673,21.2569223]]}},{"type":"Feature","properties":{"id":666},"geometry":{"type":"LineString","coordinates":[[106.6925881,21.1978362],[106.6924255,21.1977552]]}},{"type":"Feature","properties":{"id":667},"geometry":{"type":"LineString","coordinates":[[106.6956139,21.1993342],[106.6953644,21.1992892],[106.6952944,21.1992707],[106.6951941,21.1992442],[106.6951277,21.199214],[106.6950211,21.1991654],[106.6940984,21.198684],[106.6935714,21.1983679],[106.6930974,21.1980928],[106.6926835,21.1978825],[106.6925881,21.1978362]]}},{"type":"Feature","properties":{"id":668},"geometry":{"type":"LineString","coordinates":[[106.238405,21.2961699],[106.2396491,21.2973396],[106.2408351,21.2983738]]}},{"type":"Feature","properties":{"id":669},"geometry":{"type":"LineString","coordinates":[[106.240654,21.2985459],[106.2394615,21.2975056],[106.2382038,21.2963214]]}},{"type":"Feature","properties":{"id":670},"geometry":{"type":"LineString","coordinates":[[106.230565,21.2874648],[106.2315064,21.2885432],[106.2331537,21.2904502],[106.234062,21.2916812],[106.234532,21.2923632],[106.2349678,21.2929691],[106.2353803,21.293523],[106.23584,21.2940617],[106.2359049,21.2941377],[106.2361278,21.2943657],[106.2362356,21.2944835],[106.2362976,21.2945513],[106.2367406,21.2950395],[106.2367821,21.2950844],[106.2370989,21.2954263],[106.2374484,21.2957821],[106.2376246,21.2959614],[106.2382966,21.2966247],[106.2383775,21.296702],[106.2389412,21.2972402],[106.2393787,21.2976305],[106.2403866,21.2984909]]}},{"type":"Feature","properties":{"id":671},"geometry":{"type":"LineString","coordinates":[[106.1006087,21.2582964],[106.1006543,21.2566716]]}},{"type":"Feature","properties":{"id":672},"geometry":{"type":"LineString","coordinates":[[106.1006543,21.2566716],[106.1006572,21.2565943],[106.1006861,21.2558307],[106.1006883,21.2557491],[106.1006957,21.2554767],[106.1006987,21.2553674],[106.1007309,21.2542407],[106.1007551,21.2533928],[106.100783,21.2518758],[106.1007935,21.2513057],[106.1007973,21.2511008],[106.1007976,21.2510821],[106.1008006,21.2509184],[106.1008399,21.2487788],[106.1008527,21.2484993],[106.1008454,21.2483701],[106.1008747,21.2481943],[106.10103,21.2479605],[106.1011081,21.2478454]]}},{"type":"Feature","properties":{"id":673},"geometry":{"type":"LineString","coordinates":[[106.887318,21.2932693],[106.8873013,21.2933049],[106.8872857,21.2933232],[106.887255,21.2933449],[106.8872113,21.2933587],[106.8871354,21.2933719],[106.8870349,21.2933705],[106.88685,21.2933355],[106.886675,21.2932919],[106.8865553,21.2932812],[106.886429,21.2932894],[106.8862705,21.293323],[106.8859233,21.2934567],[106.8858155,21.2934681],[106.8856323,21.2934704],[106.8854599,21.2934919],[106.885318,21.2935219],[106.885048,21.2936219],[106.884803,21.2937519],[106.8846969,21.2938369],[106.8846099,21.2939399],[106.884547,21.294062],[106.884512,21.2941999],[106.884505,21.29435],[106.8845487,21.2949349],[106.8845926,21.2955075],[106.884601,21.2958396],[106.8845918,21.2959836],[106.8845537,21.2962258],[106.8844909,21.2966779],[106.8844739,21.2968055],[106.8844829,21.2969229],[106.884511,21.2969845],[106.8845899,21.2970824],[106.8846706,21.2971344],[106.884822,21.29718],[106.8854631,21.2972962],[106.885619,21.2973092],[106.8858008,21.2972992],[106.8861147,21.2972717],[106.886154,21.2972803],[106.8861985,21.2973068],[106.886327,21.2974042],[106.8864646,21.2974882],[106.8866217,21.297567],[106.8871182,21.2977588],[106.8873047,21.2978775],[106.8874269,21.297985],[106.8875688,21.2981287],[106.8877166,21.2983495],[106.8878271,21.2985395],[106.8878673,21.2986358],[106.8878913,21.2987004],[106.887899,21.298805],[106.8878597,21.2989075],[106.8877951,21.2989974],[106.8876883,21.299102],[106.8872581,21.2994024],[106.8870843,21.2995554],[106.8870123,21.2996381],[106.8869573,21.2997468],[106.8869265,21.2998756],[106.8868565,21.3000282],[106.8867993,21.3000818],[106.8866785,21.300132],[106.8864535,21.3002368],[106.8863439,21.3003193],[106.8862799,21.300428],[106.886228,21.3005519],[106.8862069,21.300692],[106.88621,21.300833],[106.886258,21.301097],[106.8862629,21.3012169],[106.8862292,21.3013145],[106.8860614,21.3015036],[106.8860109,21.3015774],[106.8859899,21.3016899],[106.8859899,21.3017919],[106.8860577,21.302032],[106.8860859,21.302178],[106.8860712,21.3022519],[106.8859882,21.3023595],[106.8857481,21.3025854],[106.8856653,21.302728],[106.8856179,21.302978],[106.885533,21.303525],[106.8854472,21.3037705],[106.8853632,21.3039175],[106.8852784,21.304058],[106.8849912,21.3044298],[106.8848397,21.3045935],[106.8846908,21.304711],[106.8844923,21.3048484],[106.8832625,21.3056456],[106.8828093,21.3059679],[106.8826872,21.3060866],[106.8826083,21.3061844],[106.8825477,21.3062765],[106.8824657,21.3064025],[106.8823949,21.3065127]]}},{"type":"Feature","properties":{"id":674},"geometry":{"type":"LineString","coordinates":[[106.8873274,21.2932012],[106.8873227,21.2932353],[106.887318,21.2932693]]}},{"type":"Feature","properties":{"id":675},"geometry":{"type":"LineString","coordinates":[[106.2500482,21.1966483],[106.2499093,21.1958404]]}},{"type":"Feature","properties":{"id":676},"geometry":{"type":"LineString","coordinates":[[106.8002495,21.327889],[106.800216,21.327893],[106.7998001,21.3279431],[106.7995348,21.3280026],[106.7995018,21.32801],[106.7991579,21.328179],[106.7989627,21.3282749],[106.7988904,21.3283359],[106.7985096,21.3286575],[106.7980858,21.3291794],[106.7978397,21.3294764],[106.7976676,21.329684],[106.797338,21.3301002],[106.797318,21.3301247],[106.7972284,21.3302345],[106.7971191,21.3303684],[106.7971063,21.3303846],[106.796806,21.3307632],[106.7967202,21.3308701],[106.7966134,21.3310032],[106.7961674,21.331559],[106.7961284,21.3316289],[106.795737,21.3323294],[106.7956585,21.3325231],[106.795625,21.3326058],[106.7956097,21.3326436],[106.795556,21.3327953],[106.7955327,21.3328612],[106.7955159,21.3329087],[106.7953999,21.3333243],[106.7953862,21.3333751],[106.7953382,21.3335527],[106.7950286,21.3346074],[106.795001,21.3347274],[106.7949726,21.3348488],[106.7948755,21.3352647],[106.7948456,21.3353654],[106.7947582,21.3356604],[106.7944519,21.336375],[106.7943961,21.3364639],[106.7942332,21.3366545],[106.7941318,21.336773],[106.7940502,21.3368685],[106.79389,21.3370558],[106.7934273,21.3375792],[106.7933668,21.3376672],[106.7930156,21.3382375],[106.7926964,21.3388271],[106.7920634,21.3399963],[106.7917903,21.3404182],[106.7915169,21.340729],[106.7914063,21.3408308],[106.7913446,21.3408757],[106.7912507,21.3409257],[106.7911863,21.3409507],[106.791098,21.3409699],[106.7904527,21.3410003],[106.79014,21.3410171],[106.789427,21.3410516],[106.7890873,21.341107],[106.7888228,21.341212],[106.7885536,21.3413651],[106.7879947,21.341785],[106.7877772,21.3418783],[106.7873921,21.3420533],[106.7872434,21.3421568],[106.7871276,21.3422793],[106.7870462,21.3424484],[106.7869382,21.3427181],[106.7867543,21.3433671],[106.7866749,21.3436838],[106.7865547,21.3439617],[106.7863559,21.3445303],[106.7860945,21.3452389],[106.7859066,21.3458308],[106.7858471,21.3461239],[106.7858127,21.3463221],[106.7857391,21.3467187],[106.7856765,21.3468485],[106.7855385,21.347018],[106.7853384,21.347175],[106.7851662,21.3473471],[106.7849659,21.3476474],[106.7848172,21.3478996],[106.7846669,21.3480542],[106.784454,21.3481635],[106.7840721,21.348286],[106.7834757,21.3484099],[106.7832018,21.3484041],[106.7828918,21.3483166],[106.7825459,21.3481577],[106.7822766,21.348076],[106.7820419,21.3480746],[106.7818102,21.3481081],[106.7816036,21.3481722],[106.7813304,21.3482849],[106.7809305,21.3485032],[106.780884,21.3485366],[106.7807638,21.3486184],[106.7806761,21.348679],[106.7804374,21.3488837],[106.7803079,21.3489919],[106.780171,21.3491154],[106.7800367,21.3492321],[106.7799637,21.3492995],[106.7795826,21.3496516],[106.7794606,21.3497643],[106.7794365,21.3497857],[106.7793258,21.3498843],[106.7791981,21.3499758],[106.7790788,21.3500917],[106.7789488,21.3502304],[106.7787203,21.3505997],[106.7784411,21.35113],[106.7783649,21.3512747],[106.7781583,21.3517237],[106.7781035,21.3519292],[106.7780832,21.3521304],[106.7781051,21.3523885],[106.7781599,21.3527282],[106.7782397,21.3534346],[106.7783068,21.3540285],[106.7783477,21.3543901],[106.7784127,21.3548187],[106.7784529,21.3551465],[106.7785652,21.3560621],[106.7786014,21.356443],[106.7787288,21.3573673],[106.7787851,21.3576396],[106.7788227,21.3577757],[106.7788629,21.3579056],[106.7789823,21.3582116],[106.7790574,21.3583815],[106.7792001,21.3586533],[106.7793008,21.3588022],[106.7795055,21.3591049],[106.7795653,21.3591935],[106.7795871,21.3592258],[106.7797099,21.3594224],[106.7797789,21.3595243],[106.7798672,21.3596906],[106.779901,21.3597542],[106.7800391,21.3600864],[106.7801289,21.3603661],[106.7802552,21.3607457],[106.7803194,21.3609344],[106.7803395,21.3610269],[106.780369,21.3612504],[106.7803946,21.3615105],[106.7804159,21.3617238],[106.7804247,21.3618412],[106.7804825,21.3626106],[106.7805004,21.3628204],[106.780562,21.3634195],[106.7806617,21.3647373],[106.7806852,21.3650486],[106.7807418,21.3657965],[106.7807652,21.3661056],[106.7807818,21.3662927],[106.7807998,21.3664911],[106.7808357,21.3668882],[106.7808638,21.3671355],[106.7808709,21.3672337],[106.7808826,21.3673952],[106.7808933,21.367755],[106.7808966,21.3679221],[106.7808786,21.3682083],[106.7808692,21.3683394],[106.780847,21.3684613],[106.7808178,21.3686249],[106.7807824,21.3688234],[106.7807525,21.3689914],[106.7807069,21.3692224],[106.7806869,21.3692958],[106.7806454,21.3694485],[106.7806019,21.3696082],[106.7805862,21.3696658],[106.7804153,21.3701238],[106.7803462,21.370309],[106.7800887,21.3708335],[106.7799157,21.3711782],[106.7798009,21.3713772],[106.7794114,21.3720524],[106.7789622,21.3727855],[106.7786028,21.373433],[106.7784284,21.3737471],[106.7780288,21.3744253],[106.7779255,21.3746413],[106.7777766,21.3749773],[106.7777154,21.3751397],[106.7774522,21.3758381],[106.7773986,21.3759802],[106.7773646,21.3760705],[106.7773046,21.3762299],[106.7769461,21.3771016],[106.7769271,21.3771477],[106.7768029,21.3774498],[106.776583,21.3779845],[106.7764999,21.3781918],[106.7764304,21.3783497],[106.7764073,21.3784166]]}},{"type":"Feature","properties":{"id":677},"geometry":{"type":"LineString","coordinates":[[106.0050577,21.3473849],[106.0050706,21.3476806],[106.0050721,21.3477139],[106.0050944,21.3478607],[106.0051423,21.3480046],[106.0053312,21.3484194],[106.0057651,21.3493138],[106.0063058,21.3503805]]}},{"type":"Feature","properties":{"id":678},"geometry":{"type":"LineString","coordinates":[[106.2055068,21.2869878],[106.2061832,21.2859888]]}},{"type":"Feature","properties":{"id":679},"geometry":{"type":"LineString","coordinates":[[106.1846001,21.2939619],[106.187724,21.2936399],[106.1884296,21.2935567],[106.1889164,21.2934878]]}},{"type":"Feature","properties":{"id":680},"geometry":{"type":"LineString","coordinates":[[106.3568666,21.2382095],[106.3569209,21.2379446],[106.3569447,21.2377374]]}},{"type":"Feature","properties":{"id":681},"geometry":{"type":"LineString","coordinates":[[106.3568666,21.2382095],[106.3568262,21.2381991],[106.3567946,21.2381909]]}},{"type":"Feature","properties":{"id":682},"geometry":{"type":"LineString","coordinates":[[106.3570664,21.2378129],[106.3568666,21.2382095]]}},{"type":"Feature","properties":{"id":683},"geometry":{"type":"LineString","coordinates":[[106.3567946,21.2381909],[106.3566033,21.2381332],[106.3563317,21.2380553],[106.3559092,21.2378317],[106.3551157,21.2376052],[106.3545757,21.237438],[106.3544869,21.2374112],[106.3541163,21.2372993],[106.3539286,21.237243],[106.3538592,21.237226],[106.3537512,21.2371996],[106.3535923,21.2371593],[106.35336,21.2370999],[106.3530891,21.2370155],[106.3526532,21.2368686],[106.3524306,21.2367743],[106.3523483,21.2367383],[106.3522616,21.2366961],[106.3521067,21.2365886],[106.3518559,21.2363868],[106.3511816,21.2358354],[106.3508424,21.2355581],[106.3506767,21.2354226],[106.3501695,21.2349994],[106.3486196,21.2337061],[106.3481411,21.233291],[106.3478588,21.2330566],[106.3477234,21.2329346],[106.347677,21.2328929],[106.347169,21.2324873],[106.3469294,21.2322891],[106.3466772,21.232086],[106.3465828,21.2320071],[106.346523,21.2319572],[106.3464164,21.2318853],[106.3462172,21.2317797],[106.3460469,21.2316922],[106.3458109,21.2315747],[106.3454535,21.2314009],[106.3451484,21.2312434],[106.3450512,21.2312165],[106.3449673,21.2312071],[106.3448761,21.2312228],[106.3446964,21.231304],[106.3444544,21.2314422],[106.3443772,21.231499],[106.3443645,21.2315084],[106.3442579,21.2316109],[106.3441664,21.2317187],[106.3440453,21.2318922],[106.3440171,21.2319309],[106.3439528,21.2320191],[106.3438696,21.232161],[106.343708,21.2324297],[106.3434257,21.2329497],[106.3433939,21.2329992],[106.3432728,21.2332004],[106.3430656,21.2335592],[106.3428603,21.2339221],[106.3427245,21.2341438],[106.342604,21.2343436],[106.3425261,21.2345032],[106.3425023,21.2345618],[106.3422564,21.2352393],[106.3419429,21.2360934],[106.3419023,21.2362045],[106.341859,21.2363231],[106.3417487,21.2366311],[106.3416333,21.2369037],[106.341522,21.2372055],[106.341282,21.2378862],[106.3411939,21.2381399],[106.3411774,21.2381874],[106.3410822,21.2383974],[106.3409655,21.2386174],[106.3408939,21.2387364],[106.3407804,21.2389249],[106.3406315,21.2391599],[106.3404518,21.2394491],[106.3400639,21.2400733],[106.3398215,21.2404675],[106.3396069,21.2408062],[106.3395136,21.2409616],[106.339509,21.2409691],[106.3391808,21.2415149],[106.3391399,21.2415768],[106.3390976,21.2416408],[106.338524,21.2425571],[106.3384395,21.2426837],[106.3383409,21.2428149],[106.3382732,21.2428768],[106.3382445,21.242893],[106.3381914,21.2429231],[106.3381156,21.2429424],[106.3380499,21.2429468],[106.3378065,21.2429481],[106.3375825,21.2429399],[106.3375127,21.242933],[106.3374317,21.2429268]]}},{"type":"Feature","properties":{"id":684},"geometry":{"type":"LineString","coordinates":[[106.3579153,21.2353657],[106.3579185,21.2352989],[106.3579291,21.2352036],[106.3579479,21.2351185],[106.3579826,21.2350115],[106.358388,21.2339337],[106.358605,21.2334373],[106.3588606,21.232912],[106.3590526,21.2325558],[106.3591097,21.2324499],[106.3591263,21.232419],[106.3593105,21.232126],[106.3594994,21.2318258],[106.3598596,21.2313432],[106.3599082,21.2312843],[106.3600141,21.2311561],[106.3600668,21.2310921],[106.3601639,21.230979],[106.3602737,21.2308509],[106.3603744,21.2307335],[106.3605534,21.2305731],[106.3607105,21.2304323],[106.3607668,21.2303818],[106.3609897,21.2301821],[106.3614611,21.2297596],[106.3615248,21.2297025],[106.3617343,21.2295648],[106.3619363,21.229432],[106.361988,21.2293975],[106.3622332,21.2292335],[106.3623431,21.22916],[106.3626848,21.228973],[106.362998,21.2288016],[106.363638,21.2284513],[106.3639563,21.2282771],[106.3643346,21.2280701],[106.3653386,21.2275733],[106.36545,21.2275181],[106.3663459,21.2270106],[106.3667938,21.2267418],[106.3670044,21.226593],[106.3671237,21.226483],[106.3672149,21.2263743],[106.3675891,21.2259255],[106.3678739,21.2255686],[106.3681443,21.2252298],[106.3682596,21.2250673],[106.3683247,21.2249785],[106.3686567,21.2245062],[106.368852,21.2242286],[106.369523,21.2232496],[106.3697447,21.2229269],[106.3698743,21.2227382],[106.3699181,21.2226722],[106.3700613,21.2224564],[106.3702713,21.22214],[106.3705245,21.2217707],[106.3706658,21.2215646],[106.3709566,21.2211362],[106.3713884,21.2204873],[106.3715293,21.2202786],[106.3715684,21.2202203],[106.3716015,21.2201709],[106.3721864,21.2192987],[106.3722868,21.219149],[106.3726643,21.218586],[106.3727021,21.2185308],[106.3728341,21.218332],[106.3728957,21.2182412],[106.3729334,21.2181857],[106.3730541,21.2179582],[106.3731842,21.2176544],[106.3732249,21.2174718],[106.3732995,21.2172794],[106.3732874,21.2171256],[106.3732727,21.2168843],[106.3732271,21.2164005],[106.3731547,21.2158654],[106.3731211,21.2156278],[106.3730943,21.2154378],[106.3729951,21.2148477],[106.3728623,21.2140213],[106.3727497,21.2133024],[106.3726611,21.2126923],[106.3725565,21.2119434],[106.3724734,21.2114233],[106.3723996,21.2109107],[106.3723178,21.2103769],[106.3722414,21.209833],[106.3721368,21.2091491],[106.3719705,21.2079338],[106.3719061,21.2075613],[106.3718498,21.2071662],[106.371831,21.2069761],[106.3718176,21.2066961],[106.3718095,21.2062084],[106.3718042,21.2061509],[106.3717666,21.2057183],[106.3717291,21.2051382],[106.3717103,21.2048406],[106.3716647,21.2043305],[106.3716379,21.2038829],[106.3716111,21.2035653],[106.3715708,21.2032977],[106.3715524,21.2032378],[106.3714823,21.2030102],[106.3713294,21.2027401],[106.3711551,21.2023875],[106.3711095,21.202315],[106.3708037,21.2016823],[106.3704953,21.2010722],[106.3700607,21.2002469],[106.3698676,21.1998793],[106.3695779,21.1993192],[106.3692936,21.1987865],[106.3692382,21.1986765],[106.3690469,21.1982964],[106.368898,21.1979888],[106.3686915,21.1976037],[106.3685104,21.1971923],[106.3684568,21.1969685],[106.3684688,21.1967447],[106.3684984,21.1965884],[106.3685104,21.1964371],[106.3685225,21.1962758],[106.368497,21.1961007],[106.3684568,21.1959157],[106.3684259,21.1958169],[106.3683803,21.1957219],[106.3683473,21.1956806],[106.3683093,21.1956331],[106.3682435,21.1955618],[106.3681403,21.1954593],[106.3680547,21.1953898],[106.367974,21.1953243],[106.3677487,21.195178],[106.3675649,21.1950704],[106.3674174,21.1949779],[106.3672224,21.1948009],[106.3671666,21.1947503],[106.3670258,21.1945703],[106.3669789,21.194484],[106.3669373,21.1943765],[106.3669266,21.1942627],[106.3669252,21.1940514],[106.3669762,21.1937425],[106.3670459,21.1935149],[106.3671559,21.1933049],[106.3672511,21.1931623],[106.3675247,21.192766],[106.3680089,21.1921361],[106.3680536,21.1920911],[106.3682047,21.1919394],[106.3683116,21.1918489],[106.3683347,21.1918294],[106.3684115,21.1917883],[106.3684702,21.1917569],[106.3687425,21.1916119],[106.3688406,21.1915597],[106.368947,21.191503],[106.3692037,21.1913625],[106.3694304,21.1912655],[106.3698113,21.1911329],[106.3701573,21.1910366],[106.3703907,21.1909441],[106.3704537,21.1908991],[106.3705264,21.1908221],[106.3705556,21.1907768],[106.370744,21.1904851],[106.3708041,21.190392],[106.3710876,21.1898635],[106.3711018,21.1898371],[106.3716547,21.188927],[106.3717058,21.188756],[106.3718605,21.1884332],[106.3719195,21.1881807],[106.3719411,21.188038],[106.3719573,21.1878655],[106.3719578,21.1875129],[106.371958,21.187341],[106.3719383,21.1871228],[106.3718877,21.186878],[106.3718444,21.1867272],[106.3717569,21.1864792],[106.3714032,21.185721],[106.3710903,21.1850522],[106.3710641,21.1849921],[106.3709941,21.1846343],[106.370981,21.1844771],[106.3709955,21.1842129],[106.3710011,21.1841772],[106.3710183,21.1840666],[106.3710532,21.1839128],[106.3711121,21.1837016],[106.3711309,21.183634],[106.3711729,21.183544],[106.3713288,21.1832933],[106.3714101,21.183185],[106.3716823,21.1828604],[106.3718899,21.1826128],[106.3719972,21.1824847],[106.372059,21.182411],[106.3725015,21.1819133],[106.3725815,21.181831],[106.3728045,21.181502],[106.3728757,21.1813543],[106.3729565,21.181128],[106.3729843,21.1810254],[106.3730184,21.180702],[106.3730273,21.1805377],[106.3730214,21.180276],[106.3730139,21.1802101],[106.3729709,21.1799625],[106.3728368,21.1791747]]}},{"type":"Feature","properties":{"id":685},"geometry":{"type":"LineString","coordinates":[[106.3569447,21.2377374],[106.3577487,21.2355561]]}},{"type":"Feature","properties":{"id":686},"geometry":{"type":"LineString","coordinates":[[106.3577487,21.2355561],[106.357795,21.2354636],[106.3579153,21.2353657]]}},{"type":"Feature","properties":{"id":687},"geometry":{"type":"LineString","coordinates":[[106.1406702,21.2738887],[106.1417576,21.2738029],[106.1421728,21.2737637],[106.1433897,21.2736342],[106.143638,21.2736074],[106.1440163,21.2735716],[106.1449403,21.2734913],[106.145409,21.2734605],[106.1458735,21.2734299],[106.1460513,21.27342],[106.1462612,21.273415],[106.1465375,21.273415],[106.1467601,21.2734263],[106.1470303,21.2734402],[106.1471477,21.2734508],[106.1477472,21.2735075],[106.1478779,21.273524],[106.1481467,21.2735579],[106.1488724,21.2736487],[106.1499262,21.2737824],[106.1503953,21.2738474],[106.1508283,21.2739075],[106.1509465,21.2739238],[106.1513869,21.2739849],[106.1518169,21.2740598],[106.1523187,21.2741472],[106.152932,21.2742541],[106.1530365,21.2742723],[106.154737,21.2745373],[106.1553714,21.2746269],[106.1560578,21.2747254],[106.1562627,21.2747545],[106.156479,21.2747847],[106.1569232,21.2748391],[106.1570674,21.2748567],[106.157898,21.2749584],[106.1584204,21.2750082],[106.1590226,21.2750656],[106.1592203,21.2750834],[106.1594738,21.2751021],[106.1597152,21.2751109],[106.1601363,21.2751209],[106.1609906,21.2751509],[106.1614922,21.2751759],[106.1616442,21.2751836],[106.1620192,21.2752246],[106.1621118,21.2752371],[106.1621869,21.2752504],[106.1622646,21.2752671],[106.1623545,21.2752959],[106.1628816,21.2754608],[106.1630116,21.2754955],[106.1631632,21.2755283],[106.1633107,21.275542],[106.1636219,21.2755233],[106.1637694,21.2755108],[106.1642941,21.2754384]]}},{"type":"Feature","properties":{"id":688},"geometry":{"type":"LineString","coordinates":[[106.2174216,21.2036453],[106.2174875,21.2036473],[106.2180291,21.2036869],[106.2182745,21.2036891],[106.2185546,21.2036615],[106.2188029,21.2036078],[106.2190577,21.2035253],[106.2195052,21.2033507],[106.2195239,21.2033434]]}},{"type":"Feature","properties":{"id":689},"geometry":{"type":"LineString","coordinates":[[106.2583367,21.2768836],[106.2585144,21.2767136],[106.2589099,21.2763753],[106.2592898,21.2760505],[106.2596375,21.2757532],[106.260042,21.2754072],[106.2610436,21.2745788],[106.2613188,21.2743512],[106.2624736,21.273396],[106.2631569,21.2728309],[106.2632194,21.2727796],[106.2648818,21.2714132],[106.2658418,21.2706261]]}},{"type":"Feature","properties":{"id":690},"geometry":{"type":"LineString","coordinates":[[106.2033566,21.2899793],[106.2040371,21.2889702]]}},{"type":"Feature","properties":{"id":691},"geometry":{"type":"LineString","coordinates":[[106.2080905,21.2501535],[106.2075193,21.2498222],[106.206443,21.2491879],[106.2052959,21.24851],[106.2046695,21.2480916],[106.2040185,21.2477423],[106.2033587,21.247383],[106.2012439,21.2462852],[106.200163,21.245752],[106.198905,21.2450776]]}},{"type":"Feature","properties":{"id":692},"geometry":{"type":"LineString","coordinates":[[105.9796714,21.3554954],[105.9797801,21.3555089],[105.9798666,21.3555362],[105.9799946,21.3555963],[105.9803653,21.3558103],[105.981461,21.3563815],[105.9822535,21.356819],[105.9830239,21.3572566]]}},{"type":"Feature","properties":{"id":693},"geometry":{"type":"LineString","coordinates":[[105.9921443,21.3674083],[105.9922742,21.367486],[105.9923741,21.3675955],[105.9924352,21.3677275],[105.9928429,21.3685967],[105.9932425,21.3690619],[105.9932919,21.3691194]]}},{"type":"Feature","properties":{"id":694},"geometry":{"type":"LineString","coordinates":[[105.9528949,21.3714217],[105.9528756,21.3714431],[105.9528399,21.3714796],[105.9527935,21.3715254],[105.9527332,21.3715716],[105.951891,21.3720158],[105.9514274,21.3722529],[105.9510056,21.3724863],[105.9508257,21.3725858],[105.9506678,21.3726731],[105.950493,21.372783],[105.9502165,21.3729568],[105.9500885,21.3730372],[105.9495628,21.3733676],[105.9490639,21.3736811],[105.9489592,21.3737469],[105.9484697,21.3740606]]}},{"type":"Feature","properties":{"id":695},"geometry":{"type":"LineString","coordinates":[[105.9529784,21.3712975],[105.9529529,21.3713353],[105.9528949,21.3714217]]}},{"type":"Feature","properties":{"id":696},"geometry":{"type":"LineString","coordinates":[[105.9737012,21.3901126],[105.9733544,21.3902231],[105.9730736,21.3903448],[105.9726525,21.3905821],[105.9725216,21.3906109],[105.9723427,21.3906233],[105.9718441,21.3905122],[105.9718098,21.3905039],[105.9715823,21.3904497],[105.9702784,21.3901147],[105.9694459,21.3899028],[105.9688102,21.3897367],[105.9681651,21.3894889],[105.9680901,21.3894607],[105.9679519,21.3894327],[105.9678548,21.3894148],[105.9675206,21.3893998],[105.9674155,21.3893933],[105.9670446,21.3894213],[105.967019,21.3894278],[105.9666511,21.3895032],[105.9664111,21.3896199],[105.9661991,21.389723],[105.966175,21.3897567],[105.965979,21.3901595],[105.9659617,21.390195],[105.9659213,21.3902881],[105.9658892,21.390329],[105.9658505,21.3903527],[105.9657679,21.3903811],[105.9656372,21.390421],[105.9654064,21.3904321],[105.9652282,21.3904397],[105.9649691,21.3904722],[105.9648338,21.3905222],[105.9646126,21.390647],[105.9645094,21.3907232],[105.964288,21.3909038],[105.9642304,21.3909442],[105.9641718,21.3910088],[105.9638227,21.3913938],[105.9634701,21.3918288],[105.9634042,21.3918933],[105.9632983,21.3919682],[105.9631146,21.3920487],[105.9629603,21.3920837],[105.9628249,21.3920893],[105.962704,21.3920811],[105.9625406,21.3920699],[105.9622214,21.3920481],[105.9621154,21.3920431],[105.9615938,21.3919857],[105.9611833,21.391985],[105.9610882,21.3918933],[105.9609742,21.3918021],[105.9609461,21.3917809],[105.9609032,21.3917534],[105.9608187,21.3917235],[105.9606323,21.391656],[105.9604378,21.3916298],[105.9602392,21.3916235],[105.9599965,21.3916198],[105.9598164,21.3916279]]}},{"type":"Feature","properties":{"id":697},"geometry":{"type":"LineString","coordinates":[[106.5678461,21.3834614],[106.5674312,21.382236],[106.5667222,21.3801261],[106.5662159,21.3786202],[106.5658516,21.377598],[106.5655797,21.3768287],[106.5655296,21.3765727],[106.5655177,21.3763089],[106.5655689,21.3760346],[106.5657516,21.3753125],[106.5659287,21.3746657],[106.5661027,21.3740352],[106.5662939,21.3733061],[106.5664928,21.3725126]]}},{"type":"Feature","properties":{"id":698},"geometry":{"type":"LineString","coordinates":[[106.5566385,21.3690752],[106.5567129,21.3690962],[106.5567892,21.3691172],[106.5569069,21.3691511],[106.5569879,21.3691748],[106.5570472,21.3691849],[106.5576655,21.3694116],[106.5580729,21.3695846],[106.5587742,21.3699158],[106.5589287,21.3699887],[106.5597223,21.3702801],[106.5604421,21.3705008],[106.5614048,21.3707696],[106.5614761,21.3707895],[106.5620169,21.3709405],[106.5625663,21.3711409],[106.5632572,21.3713929],[106.5638679,21.3716157],[106.56476,21.3719105],[106.5659333,21.3723182],[106.5664928,21.3725126],[106.5665778,21.3725422],[106.5668052,21.3726214],[106.5673423,21.3728085],[106.5697668,21.3736423],[106.5708477,21.3740249],[106.571375,21.3742115],[106.5728157,21.3747125],[106.5736887,21.3750368],[106.5748949,21.3754642],[106.5753437,21.3756232]]}},{"type":"Feature","properties":{"id":699},"geometry":{"type":"LineString","coordinates":[[106.8494794,21.3342008],[106.8490739,21.3341898],[106.8488243,21.334183],[106.8486697,21.3341788],[106.8483574,21.3341372],[106.8481994,21.334107],[106.8474614,21.3339657],[106.8468651,21.3338449],[106.846033,21.3336763],[106.8456651,21.333612],[106.8453723,21.3335481],[106.8450826,21.333492],[106.8446175,21.3334018],[106.8443099,21.3333418],[106.8434519,21.3331583],[106.8432501,21.3331222],[106.842725,21.3330284],[106.8423937,21.3329598],[106.8420165,21.332889],[106.8418767,21.3328628],[106.8418212,21.3328524],[106.8415862,21.3328083],[106.8411391,21.3327244],[106.8408085,21.3326624],[106.8407535,21.3326487],[106.8400239,21.3325115],[106.8397101,21.3324525],[106.8395574,21.3324207],[106.8394698,21.3324025],[106.8388894,21.3322839],[106.8387848,21.3322601],[106.838479,21.3321827],[106.8382202,21.332099],[106.8381745,21.332083],[106.8379708,21.3320115],[106.8376266,21.3318786],[106.837492,21.3318291],[106.8369227,21.3316067],[106.8363973,21.3313591],[106.8360925,21.3311832],[106.8359096,21.3310899],[106.8356439,21.3309147],[106.8353794,21.3307355],[106.8344799,21.3300965]]}},{"type":"Feature","properties":{"id":700},"geometry":{"type":"LineString","coordinates":[[106.3890651,21.3199487],[106.3893272,21.3195339],[106.3893857,21.3194413],[106.3902122,21.3183286],[106.390685,21.3176745],[106.3908587,21.3174537],[106.3914025,21.316636],[106.3918625,21.3160326],[106.3929689,21.3145812],[106.3940892,21.3130495],[106.3944728,21.3126356],[106.3947187,21.3122923]]}},{"type":"Feature","properties":{"id":701},"geometry":{"type":"LineString","coordinates":[[106.1159358,21.3814633],[106.1178563,21.3825155],[106.1186567,21.3829405],[106.1195162,21.3834072],[106.1196532,21.3834816],[106.1197348,21.3835259],[106.1204032,21.3838677],[106.1207081,21.3840296],[106.1211892,21.3842835],[106.1215148,21.3844554],[106.1221748,21.3848144],[106.1226093,21.3850323],[106.123346,21.3854026],[106.1247431,21.3861757],[106.1255689,21.3865724],[106.1255855,21.3865813],[106.1264129,21.3870241],[106.1267026,21.3871792],[106.1270065,21.3873174],[106.1270962,21.3873643]]}},{"type":"Feature","properties":{"id":702},"geometry":{"type":"LineString","coordinates":[[106.1104735,21.2281087],[106.1061995,21.2299843]]}},{"type":"Feature","properties":{"id":703},"geometry":{"type":"LineString","coordinates":[[106.1822943,21.1980344],[106.1818022,21.1982546],[106.1812797,21.1984688],[106.1806284,21.1987358],[106.1800271,21.1989822],[106.1795523,21.1991768],[106.1790978,21.1993631],[106.1783324,21.1996768],[106.1778535,21.1998835],[106.1775189,21.2000279],[106.1771411,21.2001909],[106.1767918,21.2003417],[106.1763959,21.2005125],[106.1759855,21.2006896],[106.1754302,21.2009293],[106.1749096,21.201154],[106.1744625,21.2013469],[106.1738393,21.2016159],[106.1737241,21.2016656],[106.1735745,21.201727],[106.1732834,21.2018465],[106.1727598,21.2020613],[106.1725377,21.2021525],[106.1721436,21.2023142],[106.1718845,21.2024205],[106.171293,21.2026632],[106.171046,21.2027646],[106.1706813,21.2029188],[106.170107,21.2031616],[106.1696735,21.2033449],[106.1690967,21.2035888],[106.1685262,21.20383],[106.1680128,21.2040471],[106.1673986,21.2043068],[106.1668813,21.2045255],[106.1663351,21.2047564],[106.1660097,21.204894],[106.1653371,21.2052019],[106.1648485,21.2054256],[106.1641751,21.2057339],[106.1637247,21.2059401],[106.1631007,21.2062258],[106.1624954,21.2065029],[106.1619848,21.2067366],[106.1612334,21.2070807],[106.1609729,21.2071999],[106.1600569,21.2076488],[106.15973,21.2078055],[106.1594379,21.2079224],[106.1589722,21.2081726],[106.1588503,21.2082388],[106.1587805,21.2082888],[106.1587269,21.2083588],[106.1586598,21.2084689],[106.1585998,21.2085609],[106.1585622,21.2086359],[106.1585354,21.2087334],[106.1585247,21.2087759],[106.1584905,21.2088773],[106.1584342,21.2090173],[106.1583725,21.2092124],[106.1583281,21.2095463],[106.1583844,21.2099214],[106.1586321,21.2104311],[106.1593207,21.2118834],[106.1593508,21.2119468],[106.1594037,21.2120555],[106.1594637,21.2121865],[106.1594788,21.212243],[106.1595217,21.2123628],[106.1595458,21.2124603],[106.1595405,21.2125453],[106.1595324,21.2126253],[106.1595029,21.2127079],[106.1594573,21.2127829],[106.1594006,21.2128585],[106.1592987,21.2129935],[106.1592129,21.2131336],[106.1591136,21.2132811],[106.1586968,21.2135591],[106.1583645,21.2137807],[106.1581369,21.2139325],[106.1579061,21.2140899],[106.157697,21.2142325],[106.157309,21.2145395],[106.1571561,21.2146604],[106.1563866,21.2149785],[106.1559148,21.2151735],[106.155362,21.215402],[106.1547382,21.2156599],[106.1526864,21.2164685],[106.1519256,21.2167718],[106.1515342,21.2169071],[106.1509281,21.21712],[106.1501543,21.2176263],[106.1495354,21.2180312],[106.1489407,21.2184671],[106.1484103,21.2188559],[106.1480352,21.2191308],[106.147573,21.2194696],[106.1471427,21.219785],[106.1466535,21.2201436],[106.1460349,21.220597],[106.1456614,21.2208708],[106.1451257,21.2212714],[106.144617,21.2216512],[106.144191,21.2219693],[106.1438632,21.222214],[106.1435468,21.2224203],[106.1433805,21.2225403],[106.1432464,21.2226178],[106.1430142,21.2227389],[106.1428532,21.2227714],[106.1425662,21.2228389],[106.1421594,21.2229308],[106.1418796,21.2229862],[106.1416792,21.2230258],[106.1413472,21.2230566],[106.141148,21.223075],[106.1407913,21.2230525],[106.140306,21.2230082],[106.1401047,21.2229898],[106.139807,21.2229448],[106.1395917,21.2228985],[106.1392598,21.2228272],[106.1391628,21.222785],[106.1389203,21.2226795],[106.1385708,21.2225274],[106.1383871,21.2224397],[106.1379749,21.2222427],[106.1372984,21.2219477],[106.1368542,21.221754],[106.1365418,21.2216177],[106.1362627,21.221496],[106.1359759,21.2213709],[106.1352929,21.2210731],[106.1348697,21.2208885],[106.1344451,21.2207033],[106.1340665,21.2205382],[106.1336788,21.2203691],[106.1334763,21.2202808],[106.1330131,21.2200788],[106.1328678,21.2200139],[106.1325112,21.2198545],[106.1320741,21.2196591],[106.1317504,21.2195314],[106.1315385,21.2194714],[106.1313024,21.2194389],[106.1311576,21.2194188],[106.1308961,21.2194021],[106.1305742,21.2193971],[106.1303076,21.2194051],[106.1301558,21.2194096],[106.1300056,21.2194296],[106.1297949,21.2195068],[106.1295112,21.2196108],[106.129334,21.2196757],[106.1289102,21.2198182],[106.1285359,21.2199386],[106.1280868,21.2200832],[106.1276695,21.2202631],[106.1275182,21.2203283],[106.1272195,21.2204635],[106.1270145,21.2205564],[106.1265047,21.2207872],[106.1260509,21.2209927],[106.1255541,21.2212176],[106.1251791,21.2213874]]}},{"type":"Feature","properties":{"id":704},"geometry":{"type":"LineString","coordinates":[[106.1822943,21.1980344],[106.1827657,21.1977221],[106.1829484,21.1976464],[106.1837772,21.1973488],[106.1844666,21.1971038],[106.1850857,21.1968933],[106.1855314,21.1966986],[106.1862154,21.1964136],[106.1866311,21.1962335],[106.1868966,21.1961235],[106.1873231,21.1959584],[106.1876798,21.1958277],[106.1882109,21.1955908],[106.1887286,21.1953607],[106.1892597,21.1951382],[106.1896507,21.1949839],[106.1900992,21.1947806],[106.1908395,21.1944755],[106.1912499,21.1942729],[106.1916817,21.1940803],[106.1919875,21.1939528],[106.1923227,21.1937952],[106.1928423,21.1936028],[106.1938168,21.1932326],[106.1942271,21.1931025],[106.194557,21.1930025],[106.1947609,21.19296],[106.1954288,21.1928775],[106.196623,21.192741],[106.1992652,21.1924622],[106.2026008,21.1920796],[106.2054913,21.191788],[106.2085153,21.1914694],[106.2104229,21.1912863],[106.2128288,21.1910422],[106.2144503,21.1908611],[106.2145723,21.1908321]]}},{"type":"Feature","properties":{"id":705},"geometry":{"type":"LineString","coordinates":[[106.1006118,21.2048235],[106.1006687,21.2050062],[106.1007631,21.2053095],[106.1011528,21.2065536],[106.1019846,21.2091886],[106.1023722,21.2104453]]}},{"type":"Feature","properties":{"id":706},"geometry":{"type":"LineString","coordinates":[[106.0994719,21.2011017],[106.1006118,21.2048235]]}},{"type":"Feature","properties":{"id":707},"geometry":{"type":"LineString","coordinates":[[106.2036569,21.2666942],[106.2054754,21.2680059],[106.2058782,21.268269],[106.206295,21.2685471],[106.2070286,21.2690209],[106.2085585,21.2700046],[106.2093094,21.2705167],[106.2163514,21.2751384],[106.2165087,21.275244],[106.2192043,21.2770396],[106.2210667,21.2783877],[106.2232598,21.2800327],[106.224985,21.2815047],[106.2261196,21.2824709],[106.2269273,21.2832234],[106.2281636,21.2844037]]}},{"type":"Feature","properties":{"id":708},"geometry":{"type":"LineString","coordinates":[[106.1966494,21.2623036],[106.1960923,21.2619522],[106.1932151,21.2600286],[106.1868693,21.2558039],[106.1865514,21.2555915],[106.1817107,21.252357],[106.1810054,21.2518907],[106.1806778,21.2516741],[106.1797897,21.2511525],[106.1785989,21.2505102],[106.1776509,21.2500571],[106.1765379,21.2496037],[106.1762138,21.2494724],[106.1748878,21.2490102],[106.1733746,21.2485764],[106.1712572,21.2481619],[106.1697485,21.2479691],[106.1681215,21.2478749],[106.1664248,21.247888],[106.1645807,21.2480113],[106.1639034,21.2480949],[106.1635163,21.2481427],[106.1624993,21.2483238],[106.1600262,21.2488397],[106.155418,21.249823],[106.1524649,21.2504631],[106.1505419,21.2508239],[106.1484653,21.2511151],[106.1466484,21.2512918],[106.1444533,21.2513859],[106.1423768,21.2513688],[106.1405519,21.2512635],[106.1389312,21.2511015],[106.1367877,21.2507851],[106.1355321,21.2505364],[106.1342771,21.2502527],[106.1324435,21.2497738]]}},{"type":"Feature","properties":{"id":709},"geometry":{"type":"LineString","coordinates":[[106.2302852,21.286486],[106.2303819,21.2864803],[106.2304773,21.2864956],[106.2305234,21.2865111],[106.230613,21.2865602],[106.2306867,21.2866284],[106.2307399,21.2867116],[106.2307729,21.2868317],[106.2307679,21.286935],[106.2307338,21.2870333],[106.230673,21.2871197],[106.2306239,21.2871643],[106.2305675,21.2872009],[106.2304584,21.2872417],[106.2303415,21.2872525],[106.230226,21.2872322],[106.2301614,21.2872059],[106.2300665,21.2871398],[106.2299955,21.2870516],[106.2299542,21.2869482],[106.2299449,21.2868763],[106.2299502,21.2868041],[106.22998,21.2867104],[106.2300341,21.2866266],[106.230109,21.2865582],[106.2301926,21.2865124],[106.2302852,21.286486]]}},{"type":"Feature","properties":{"id":710},"geometry":{"type":"LineString","coordinates":[[106.2300997,21.2861725],[106.2303566,21.2864033],[106.2304773,21.2864956]]}},{"type":"Feature","properties":{"id":711},"geometry":{"type":"LineString","coordinates":[[106.0964507,21.2837356],[106.0961476,21.2833306],[106.095374,21.2822967],[106.0950416,21.2819135],[106.094809,21.2817179],[106.0947172,21.2816406],[106.0945605,21.2815088],[106.0944242,21.2814255],[106.0943135,21.2813739],[106.0920228,21.2807709],[106.0914821,21.2806637],[106.09138,21.2806331],[106.0913501,21.2806241],[106.0912309,21.2805527],[106.0911628,21.2804733],[106.0910211,21.2802949],[106.0907314,21.27993],[106.0903902,21.2795003],[106.0901003,21.2788452],[106.0897213,21.277989],[106.0895199,21.277534],[106.089394,21.2772494]]}},{"type":"Feature","properties":{"id":712},"geometry":{"type":"LineString","coordinates":[[106.089394,21.2772494],[106.0892085,21.2770811],[106.088629,21.2758992],[106.0883694,21.2753698],[106.0878077,21.274224],[106.0877846,21.2741769],[106.0877205,21.2740462],[106.0876751,21.2739416],[106.0876255,21.2738276],[106.0875033,21.2735462],[106.0874429,21.2733449],[106.0866866,21.2708233],[106.0866281,21.2706282],[106.086362,21.2697411],[106.085777,21.2677909],[106.0856469,21.267357],[106.0854226,21.26683],[106.08518,21.266376],[106.0849266,21.2660121],[106.0847509,21.2657946],[106.0846225,21.2656293],[106.0844791,21.2654437],[106.0842545,21.2651762],[106.0839967,21.2648935],[106.0838354,21.2647143],[106.0832545,21.2640542],[106.0827566,21.2635266],[106.0825033,21.263228],[106.0821415,21.2628287],[106.0818056,21.2624411],[106.0814035,21.2620204],[106.0812147,21.2617865]]}},{"type":"Feature","properties":{"id":713},"geometry":{"type":"LineString","coordinates":[[106.1019346,21.2610791],[106.1014959,21.2610511],[106.1011492,21.2610386],[106.1005717,21.2610088]]}},{"type":"Feature","properties":{"id":714},"geometry":{"type":"LineString","coordinates":[[106.0808327,21.2450242],[106.0809105,21.2434261],[106.0809117,21.2434029],[106.0808893,21.2428999],[106.0808498,21.2425636],[106.0807928,21.2423195],[106.0807008,21.2419928],[106.0805555,21.2416082],[106.0803594,21.241174],[106.0797699,21.239907],[106.0788062,21.237845],[106.0786385,21.2374747]]}},{"type":"Feature","properties":{"id":715},"geometry":{"type":"LineString","coordinates":[[106.0787887,21.2374115],[106.0789369,21.2377089],[106.0789571,21.2377495],[106.0793629,21.238643],[106.0799537,21.2399112],[106.0804312,21.2409269],[106.0806209,21.2413496],[106.0807935,21.2417507],[106.0808981,21.242073],[106.080971,21.2423339],[106.0810298,21.2426939],[106.0810658,21.2430422],[106.0810784,21.2434257],[106.0810214,21.244784],[106.0809581,21.2456719],[106.0808945,21.2469648],[106.0808722,21.2472866],[106.0808253,21.2482955],[106.0808082,21.2486708],[106.0807693,21.2491073],[106.0807327,21.2498042],[106.0806875,21.250475],[106.0806565,21.2509897],[106.080643,21.2511915],[106.0806065,21.25162],[106.0805621,21.2521861],[106.0805209,21.2526659],[106.0804596,21.2533816],[106.0803803,21.2542537],[106.0803322,21.2549315],[106.0802609,21.2557218],[106.0801809,21.2566132],[106.0800895,21.2576647],[106.0800511,21.258205],[106.0800292,21.2585541],[106.0800346,21.2588008],[106.0800362,21.2589194],[106.0800388,21.2590904],[106.080064,21.2592857],[106.0801013,21.2594555],[106.0801634,21.2597402],[106.0802017,21.2598694],[106.0802645,21.2600482],[106.0803459,21.2602431],[106.0804472,21.2604728],[106.0805766,21.2606938],[106.0806785,21.2608838],[106.0809709,21.2612737],[106.0811935,21.2615412],[106.08137,21.2617097],[106.0821107,21.2625213],[106.0826099,21.2630904],[106.083005,21.2635496],[106.0835185,21.2641231],[106.0836603,21.2642707],[106.0838623,21.2644932],[106.0843284,21.265004],[106.0845908,21.2653061],[106.0849427,21.2657112],[106.0851692,21.2660133],[106.085258,21.2661313],[106.0853181,21.2662123],[106.0853949,21.2663176],[106.0854672,21.2664514],[106.0856002,21.2667326]]}},{"type":"Feature","properties":{"id":716},"geometry":{"type":"LineString","coordinates":[[106.0155563,21.2595596],[106.015663,21.2601501],[106.0157191,21.2606938],[106.0156991,21.2610745],[106.015695,21.2611894],[106.0156721,21.2613752],[106.0156554,21.2614899],[106.0156041,21.2616861],[106.0155296,21.2619463],[106.0153979,21.2622915],[106.0142076,21.2650873],[106.0137545,21.2661517],[106.0132002,21.2674848],[106.0131188,21.2677387],[106.0130467,21.2679636],[106.0129081,21.2683958],[106.0128622,21.268614],[106.0128421,21.268832],[106.0128474,21.2690567],[106.0128681,21.2692569],[106.0128989,21.2694435],[106.0129468,21.269663],[106.0129937,21.269801],[106.0132228,21.2703909],[106.0133332,21.2706536]]}},{"type":"Feature","properties":{"id":717},"geometry":{"type":"LineString","coordinates":[[106.0137299,21.2717049],[106.0136504,21.2715857],[106.0135965,21.27152],[106.013527,21.2714408],[106.0134571,21.2713784]]}},{"type":"Feature","properties":{"id":718},"geometry":{"type":"LineString","coordinates":[[106.0137565,21.2712901],[106.0137395,21.2714133],[106.0137343,21.2714963],[106.0137305,21.2715699],[106.0137299,21.2717049]]}},{"type":"Feature","properties":{"id":719},"geometry":{"type":"LineString","coordinates":[[106.1881741,21.3587105],[106.1879565,21.3586602],[106.1873689,21.3584988],[106.1861967,21.358116],[106.1851927,21.3576289],[106.1849937,21.3575346],[106.1848147,21.3574499],[106.1845441,21.3573173],[106.1831052,21.3564502],[106.1816995,21.355663],[106.1814286,21.3554934],[106.179602,21.3542501],[106.1791862,21.3539253],[106.1769634,21.3522268],[106.1765945,21.3519833],[106.1761929,21.3516266],[106.1747639,21.3503348],[106.1742009,21.3497449],[106.1736105,21.3491262],[106.1728447,21.3483562],[106.1724587,21.3480238],[106.1720483,21.3475792],[106.1714851,21.3470296],[106.171362,21.3469197],[106.1708065,21.3463775],[106.1701037,21.3458779],[106.1697416,21.3456456],[106.1693742,21.3454207],[106.1689853,21.3452109],[106.1686956,21.345066],[106.1684381,21.3449311],[106.1680894,21.3447737],[106.1676763,21.3446463],[106.167223,21.3445089],[106.1668174,21.3443963],[106.1664954,21.3443065],[106.1657819,21.3441493],[106.1652794,21.3440361],[106.1641496,21.3436874],[106.1631321,21.3433974],[106.1624641,21.3432618],[106.1617332,21.3430777],[106.1605607,21.3428045],[106.159867,21.3426001],[106.1577409,21.3419859],[106.1573858,21.3418812],[106.156719,21.3416861],[106.1557312,21.3414278],[106.1548792,21.3412293],[106.1532315,21.3407011],[106.1500316,21.3397165],[106.1488541,21.3393268],[106.1478805,21.3390445],[106.1471105,21.3388322],[106.1461756,21.3385151],[106.145673,21.3383274],[106.1453324,21.3381825],[106.1445385,21.3378502],[106.1438438,21.3375355],[106.1430351,21.337115],[106.1407252,21.3356043],[106.1400877,21.3352344],[106.1387646,21.334357],[106.1363297,21.3329748],[106.136327,21.3329732]]}},{"type":"Feature","properties":{"id":720},"geometry":{"type":"LineString","coordinates":[[106.1245754,21.2466955],[106.1238522,21.2462839],[106.1220781,21.2452824]]}},{"type":"Feature","properties":{"id":721},"geometry":{"type":"LineString","coordinates":[[106.1224993,21.2448694],[106.1237968,21.2456359],[106.1243792,21.2459788],[106.1245878,21.2461016],[106.1260263,21.2468463],[106.1264162,21.2470352],[106.1268017,21.2472219]]}},{"type":"Feature","properties":{"id":722},"geometry":{"type":"LineString","coordinates":[[106.1293441,21.2482523],[106.1297601,21.2483645],[106.1299364,21.2484432],[106.1302052,21.2485633],[106.1302994,21.24861]]}},{"type":"Feature","properties":{"id":723},"geometry":{"type":"LineString","coordinates":[[106.1245754,21.2466955],[106.1256288,21.247278],[106.1268666,21.2478874],[106.1271179,21.248003],[106.1275097,21.2481834],[106.1277776,21.248313],[106.1282999,21.2485657],[106.1288006,21.2488128],[106.1294521,21.2491591]]}},{"type":"Feature","properties":{"id":724},"geometry":{"type":"LineString","coordinates":[[106.1318967,21.2497647],[106.1313833,21.2496291],[106.1310929,21.2495731],[106.1307713,21.249511],[106.1303324,21.2494534],[106.1299352,21.2493727],[106.1296571,21.2492662],[106.1294521,21.2491591]]}},{"type":"Feature","properties":{"id":725},"geometry":{"type":"LineString","coordinates":[[106.2293474,21.2853947],[106.2300997,21.2861725]]}},{"type":"Feature","properties":{"id":726},"geometry":{"type":"LineString","coordinates":[[106.369763,21.2789225],[106.3690442,21.2792649]]}},{"type":"Feature","properties":{"id":727},"geometry":{"type":"LineString","coordinates":[[106.3570198,21.2377587],[106.3574795,21.2365119],[106.3578197,21.2355894],[106.3578248,21.2355754]]}},{"type":"Feature","properties":{"id":728},"geometry":{"type":"LineString","coordinates":[[106.3578248,21.2355754],[106.3578598,21.2354943],[106.3579153,21.2353657]]}},{"type":"Feature","properties":{"id":729},"geometry":{"type":"LineString","coordinates":[[106.3568666,21.2382095],[106.3569537,21.237883],[106.3570198,21.2377587]]}},{"type":"Feature","properties":{"id":730},"geometry":{"type":"LineString","coordinates":[[106.1023722,21.2104453],[106.1029829,21.2124439],[106.1040715,21.215994],[106.1062318,21.2229428],[106.1073745,21.2264964],[106.107426,21.2266707],[106.1076853,21.2273463],[106.1082574,21.2287585],[106.1088622,21.2300984],[106.1097005,21.2317138],[106.1104945,21.2330455],[106.1109495,21.2337983],[106.1120394,21.2353844],[106.1132248,21.2369169],[106.1142003,21.2380759],[106.1156572,21.2396353],[106.1162154,21.2401982],[106.1167131,21.2406617],[106.1174149,21.2412984],[106.1184029,21.2421519],[106.1198624,21.2433029],[106.1205791,21.2438096],[106.1224945,21.2450928],[106.1240841,21.2460391],[106.1255664,21.2468227],[106.1265572,21.247301],[106.1283605,21.248108],[106.1304955,21.2488965],[106.1325238,21.2495446],[106.133328,21.2497639],[106.1343372,21.2500182],[106.1355944,21.2503024],[106.1368376,21.2505485],[106.1389731,21.2508636],[106.1405715,21.2510231]]}},{"type":"Feature","properties":{"id":731},"geometry":{"type":"LineString","coordinates":[[106.1015061,21.2085066],[106.1009517,21.2066147],[106.1007259,21.2058863],[106.1004176,21.204877]]}},{"type":"Feature","properties":{"id":732},"geometry":{"type":"LineString","coordinates":[[106.2045757,21.2676119],[106.2025385,21.2662406]]}},{"type":"Feature","properties":{"id":733},"geometry":{"type":"LineString","coordinates":[[106.0903902,21.2795003],[106.0909679,21.2791752],[106.0920227,21.2786126],[106.0926035,21.2783029],[106.0938417,21.277653],[106.0947237,21.277205],[106.0955755,21.2767205],[106.0964399,21.2762567],[106.0965687,21.2761533],[106.0968146,21.2759557],[106.0970734,21.2757308],[106.0981148,21.2748736],[106.0990333,21.2741384],[106.0995126,21.2737664],[106.0996688,21.2736452],[106.0998054,21.2735517],[106.0998957,21.2734818],[106.1005057,21.273009],[106.1011289,21.2725109],[106.1015744,21.2721548],[106.1021826,21.2716764],[106.1024877,21.2714478],[106.1035505,21.2706524],[106.1042747,21.2701019],[106.1050628,21.2695027],[106.1073143,21.267814],[106.1073872,21.2677557],[106.1076888,21.2675455],[106.1082189,21.2671277],[106.1088854,21.2666314],[106.1089671,21.2665673],[106.1103247,21.2655408],[106.1112378,21.2648527]]}},{"type":"Feature","properties":{"id":734},"geometry":{"type":"LineString","coordinates":[[106.0827062,21.2835285],[106.0833299,21.2831838],[106.0837886,21.2829389],[106.0843536,21.2826343],[106.0843879,21.2826158],[106.08458,21.2825106],[106.0847525,21.2824192],[106.0854883,21.2820225],[106.085744,21.2818846],[106.0857946,21.2818573],[106.0877752,21.2808432],[106.0882912,21.2805847],[106.0890601,21.2801685],[106.0893587,21.2800069],[106.0903902,21.2795003]]}},{"type":"Feature","properties":{"id":735},"geometry":{"type":"LineString","coordinates":[[106.2978512,21.3981112],[106.2980112,21.3965497],[106.2981677,21.3948894],[106.2982365,21.3940523],[106.2982908,21.3931792],[106.2982956,21.3922192],[106.2982956,21.3917722],[106.2982589,21.3911721],[106.2981883,21.390481],[106.2981722,21.3903386],[106.2981454,21.3901501],[106.2980715,21.3897713],[106.2977995,21.3885631]]}},{"type":"Feature","properties":{"id":736},"geometry":{"type":"LineString","coordinates":[[106.298229,21.3898927],[106.2982889,21.3902063],[106.2983103,21.3903374],[106.2983291,21.3905047],[106.2983625,21.3912602],[106.2983921,21.3916798],[106.2984028,21.3922042],[106.2984055,21.3931433],[106.2982687,21.394874],[106.2981132,21.3965272],[106.2979629,21.3981255]]}},{"type":"Feature","properties":{"id":737},"geometry":{"type":"LineString","coordinates":[[106.2975036,21.3866002],[106.2978503,21.3882108],[106.2980984,21.3893747],[106.298229,21.3898927]]}},{"type":"Feature","properties":{"id":738},"geometry":{"type":"LineString","coordinates":[[106.8497446,21.3342909],[106.8496676,21.3342529],[106.8494794,21.3342008]]}},{"type":"Feature","properties":{"id":739},"geometry":{"type":"LineString","coordinates":[[106.8498332,21.3344933],[106.8498146,21.3344148],[106.8497952,21.3343684],[106.8497739,21.3343146]]}},{"type":"Feature","properties":{"id":740},"geometry":{"type":"LineString","coordinates":[[106.8500255,21.334028],[106.8499324,21.3342218]]}},{"type":"Feature","properties":{"id":741},"geometry":{"type":"LineString","coordinates":[[106.2600461,21.3547714],[106.2604568,21.3557841],[106.2608293,21.3567025],[106.2611503,21.3574941],[106.2615663,21.3589124],[106.2622054,21.361203],[106.2625539,21.362452]]}},{"type":"Feature","properties":{"id":742},"geometry":{"type":"LineString","coordinates":[[106.2598258,21.3548178],[106.2599438,21.3547911],[106.2600461,21.3547714]]}},{"type":"Feature","properties":{"id":743},"geometry":{"type":"LineString","coordinates":[[106.2485972,21.3256037],[106.248671,21.3259587],[106.2487886,21.3263791],[106.2489109,21.3266963],[106.2489721,21.3268664],[106.249094,21.3272054],[106.2492714,21.3276983],[106.2493646,21.3279574],[106.2495179,21.3283835],[106.2496067,21.3286304],[106.2496979,21.3288839],[106.2498422,21.329285],[106.2499422,21.3295465],[106.2500029,21.3297052],[106.2508262,21.3318575],[106.2510217,21.3324101],[106.2513313,21.333242],[106.2515888,21.3339782],[106.2518998,21.3348676],[106.252068,21.3353484],[106.2522322,21.3358179],[106.2523053,21.3360268],[106.2525609,21.3367576],[106.2527436,21.3371733],[106.2531056,21.3378891],[106.2534052,21.3384047],[106.2536418,21.3388518],[106.2537275,21.3390083],[106.2539305,21.3394245],[106.2540437,21.3397043],[106.2542966,21.340466],[106.254573,21.341326],[106.2546888,21.341781],[106.2547548,21.3419795],[106.2550301,21.3427191],[106.255525,21.3439111],[106.2560119,21.3450927],[106.2562869,21.3456423],[106.2564802,21.3460946],[106.2567277,21.3466997],[106.2568184,21.3469215],[106.2577187,21.3490846],[106.257749,21.3491574],[106.2577881,21.349255],[106.258318,21.3504616],[106.2586001,21.3511622],[106.2589008,21.3519134],[106.2596268,21.3537315],[106.2600461,21.3547714]]}},{"type":"Feature","properties":{"id":744},"geometry":{"type":"LineString","coordinates":[[106.2744867,21.3940753],[106.2741758,21.3942384],[106.273917,21.394362],[106.2738633,21.3944319],[106.2738526,21.3945193],[106.273858,21.3946118],[106.2739446,21.3948051],[106.2743589,21.3957295],[106.2744771,21.3959933],[106.2745647,21.3961888],[106.274742,21.3965615],[106.2749188,21.396933],[106.2749622,21.3970104],[106.2750174,21.3971088],[106.2753587,21.3977172],[106.2754575,21.3978774],[106.2756696,21.398206],[106.2756913,21.3982566],[106.2758225,21.3984427],[106.2759273,21.3985913],[106.2760809,21.3987404],[106.2761808,21.3988373]]}},{"type":"Feature","properties":{"id":745},"geometry":{"type":"LineString","coordinates":[[106.2980284,21.4003221],[106.2982117,21.400197],[106.2986831,21.3995153],[106.2988529,21.3993388],[106.2988991,21.3992707],[106.2990627,21.399057],[106.2992096,21.3988508],[106.2993728,21.3985993],[106.2995236,21.3983819],[106.299634,21.3982553],[106.2997738,21.3981388],[106.2997986,21.3981193],[106.2999693,21.3979856],[106.3001288,21.3978658],[106.3003226,21.3977172],[106.3004883,21.3975848],[106.3006666,21.3974325],[106.3007659,21.3973513],[106.3008772,21.3972689],[106.3009316,21.3972241],[106.3009818,21.3971827],[106.3010918,21.3970903],[106.301246,21.396953],[106.3013667,21.3968443],[106.3014636,21.3967393],[106.3015638,21.3966383],[106.3016349,21.3965459],[106.3016964,21.3964471],[106.3018278,21.3961899],[106.3020319,21.3957255],[106.3022119,21.3953296],[106.3022505,21.3952448],[106.3024946,21.3947591],[106.3026327,21.3944868],[106.3027499,21.3942703],[106.3028969,21.3939349],[106.3029706,21.3937289],[106.3030272,21.3935671],[106.3031544,21.3933318],[106.3032657,21.3931582],[106.3033813,21.392959],[106.3036855,21.3925176],[106.3038424,21.3923203],[106.3040248,21.3921056],[106.3040702,21.3920548],[106.3041589,21.3919557],[106.304293,21.3917722],[106.3044409,21.3915736]]}},{"type":"Feature","properties":{"id":746},"geometry":{"type":"LineString","coordinates":[[106.2808853,21.4248169],[106.2809202,21.4255609],[106.2809497,21.4260303],[106.2809979,21.427109],[106.2810345,21.4274191],[106.2810417,21.427502],[106.281102,21.428201],[106.2812466,21.4289107],[106.2814441,21.4294912],[106.2815012,21.4296221],[106.2817158,21.4301142],[106.2818269,21.4302697],[106.2822232,21.4308526],[106.2825225,21.431293],[106.2825721,21.4313659],[106.2825919,21.4313948],[106.2832368,21.4322911],[106.2837895,21.4330591]]}},{"type":"Feature","properties":{"id":747},"geometry":{"type":"LineString","coordinates":[[106.2775157,21.3974888],[106.2776484,21.3976261],[106.2777623,21.3977419],[106.278043,21.3980274],[106.2780882,21.3980833],[106.2781992,21.3982206],[106.2784478,21.3985283],[106.2786445,21.3988435],[106.278878,21.3992174],[106.279088,21.3996444],[106.2792951,21.4001521],[106.2793149,21.4002361],[106.2793997,21.4005948]]}},{"type":"Feature","properties":{"id":748},"geometry":{"type":"LineString","coordinates":[[106.1433991,21.327182],[106.1436279,21.3270602],[106.1437516,21.3269944],[106.1439559,21.3268462],[106.1443549,21.3265228],[106.1444206,21.3264701],[106.1450292,21.3260093],[106.1450724,21.3259766],[106.1451448,21.3259218],[106.1457597,21.3254353],[106.1476951,21.3239242],[106.1477256,21.3238999],[106.1482768,21.3234805],[106.1485535,21.32327],[106.148656,21.323192],[106.1487034,21.3231505],[106.1487428,21.3231166],[106.1489449,21.322959],[106.1490819,21.3228464],[106.1495023,21.3225007],[106.1501115,21.3220482],[106.1502873,21.321912],[106.1505164,21.3217346],[106.1508722,21.321459],[106.1513092,21.3211212],[106.1514971,21.3209805],[106.1516093,21.3208933],[106.1521742,21.3204683],[106.1523863,21.320302],[106.1541375,21.3189296],[106.1542736,21.3188264]]}},{"type":"Feature","properties":{"id":749},"geometry":{"type":"LineString","coordinates":[[106.1433991,21.327182],[106.1426933,21.3276294],[106.1422199,21.3280321],[106.1418957,21.3284012],[106.141659,21.3287655],[106.1414429,21.3291777],[106.1408455,21.3307308],[106.1405831,21.3313252],[106.1403361,21.3317949],[106.1400942,21.3322119]]}},{"type":"Feature","properties":{"id":750},"geometry":{"type":"LineString","coordinates":[[106.1400942,21.3322119],[106.1398935,21.3325283]]}},{"type":"Feature","properties":{"id":751},"geometry":{"type":"LineString","coordinates":[[106.1398935,21.3325283],[106.1387646,21.334357],[106.1377442,21.3360153],[106.1374867,21.3365599],[106.137286,21.3370376]]}},{"type":"Feature","properties":{"id":752},"geometry":{"type":"LineString","coordinates":[[106.122483,21.3958058],[106.1225778,21.3957493],[106.1228094,21.3956111],[106.1230821,21.3954485],[106.1231605,21.3954017],[106.1235717,21.3951227],[106.1236491,21.3950589],[106.123669,21.3950425],[106.1237857,21.3949464],[106.1239709,21.3947414],[106.1241537,21.3945144],[106.1242403,21.3944069],[106.1245099,21.3940148],[106.1250491,21.3932058],[106.1251011,21.3930999]]}},{"type":"Feature","properties":{"id":753},"geometry":{"type":"LineString","coordinates":[[106.1277901,21.3851428],[106.1279585,21.384209],[106.128024,21.3838558],[106.1281481,21.3832541],[106.1283195,21.3823172],[106.1283271,21.3821683],[106.1284235,21.3816379],[106.128499,21.3812732],[106.1286306,21.3806075],[106.1287992,21.3797436],[106.1289407,21.3790228],[106.1289618,21.3789157],[106.1291146,21.3781373],[106.1293809,21.3770963],[106.1294612,21.3766185],[106.1294778,21.3765193]]}},{"type":"Feature","properties":{"id":754},"geometry":{"type":"LineString","coordinates":[[106.115037,21.4062051],[106.1143782,21.4048946],[106.1143335,21.4048056],[106.1142792,21.4046461],[106.1141799,21.4042856],[106.1141673,21.4041589],[106.1141753,21.4039988],[106.1142387,21.4037313],[106.1143654,21.4032602],[106.1145587,21.4021842],[106.1146339,21.4017634],[106.1147562,21.4009395],[106.114762,21.4008885],[106.114892,21.3999911],[106.1149309,21.3997232],[106.1149981,21.3992688],[106.1150109,21.3991873]]}},{"type":"Feature","properties":{"id":755},"geometry":{"type":"LineString","coordinates":[[106.1294521,21.2491591],[106.1286959,21.2489006],[106.1285119,21.2488742],[106.1283562,21.248894],[106.1282181,21.2489303],[106.1280609,21.2490135],[106.1278797,21.2491356]]}},{"type":"Feature","properties":{"id":756},"geometry":{"type":"LineString","coordinates":[[106.1278797,21.2491356],[106.1277262,21.2492305],[106.1275492,21.2492701],[106.1273581,21.2492734],[106.1272024,21.2492965],[106.1270184,21.2493525],[106.1268803,21.2494383],[106.1267749,21.2495348],[106.1266751,21.2496263],[106.1261056,21.2505586]]}},{"type":"Feature","properties":{"id":757},"geometry":{"type":"LineString","coordinates":[[106.1279222,21.2462261],[106.1279096,21.2460592],[106.1278671,21.2459437],[106.1277821,21.2458283],[106.1276689,21.2457293],[106.1275238,21.2456699],[106.1273539,21.2456469],[106.1271982,21.2456666],[106.1267912,21.2457458],[106.1265186,21.2458316],[106.1262353,21.2460231]]}},{"type":"Feature","properties":{"id":758},"geometry":{"type":"LineString","coordinates":[[106.1262353,21.2460231],[106.1261718,21.246112],[106.1261116,21.2463066],[106.126101,21.2464385],[106.1261152,21.2465903],[106.126186,21.2467486],[106.1262886,21.2468871],[106.1268017,21.2472219]]}},{"type":"Feature","properties":{"id":759},"geometry":{"type":"LineString","coordinates":[[106.180332,21.4452398],[106.1798373,21.4452361],[106.1792827,21.4453121]]}},{"type":"Feature","properties":{"id":760},"geometry":{"type":"LineString","coordinates":[[106.2617298,21.1869664],[106.2743487,21.171063],[106.2761166,21.1688407],[106.2771507,21.1675441],[106.280878,21.1629967],[106.2838414,21.1593529],[106.2849795,21.1579141],[106.2855663,21.1572739],[106.2862484,21.1565549],[106.2866193,21.1561848],[106.2876181,21.1554601],[106.2886122,21.1548131],[106.2887456,21.1547187],[106.2888933,21.154612]]}},{"type":"Feature","properties":{"id":761},"geometry":{"type":"LineString","coordinates":[[106.3154312,21.1404844],[106.312905,21.1411889],[106.3113326,21.1417964],[106.3112123,21.1418536],[106.3097163,21.1425645],[106.3091942,21.1428795],[106.3027498,21.1467673],[106.3024428,21.1469433],[106.2946256,21.1514233],[106.2928363,21.1524508],[106.2921345,21.1528833],[106.2894066,21.1544919],[106.2891751,21.1546418]]}},{"type":"Feature","properties":{"id":762},"geometry":{"type":"LineString","coordinates":[[106.3246075,21.1380703],[106.3154312,21.1404844]]}},{"type":"Feature","properties":{"id":763},"geometry":{"type":"LineString","coordinates":[[106.3154058,21.1403242],[106.3245217,21.1379102]]}},{"type":"Feature","properties":{"id":764},"geometry":{"type":"LineString","coordinates":[[106.2744867,21.3940753],[106.2745231,21.3941189],[106.2754067,21.3952074],[106.2757578,21.3956156],[106.2761574,21.3960802],[106.2763144,21.3962455],[106.2766303,21.3965724],[106.2768366,21.396786],[106.2769942,21.3969491],[106.2771737,21.3971348],[106.2772711,21.3972356],[106.2773152,21.3972812],[106.2775157,21.3974888]]}},{"type":"Feature","properties":{"id":765},"geometry":{"type":"LineString","coordinates":[[106.1324435,21.2497738],[106.1304202,21.2491336],[106.1282526,21.2483272],[106.1264367,21.2475143],[106.1254391,21.2470326],[106.1239459,21.2462429],[106.1223619,21.2452998],[106.1204385,21.244012],[106.1182249,21.2423269],[106.1172498,21.2414841],[106.1165453,21.2408453],[106.1154683,21.2398001],[106.1139994,21.2382278],[106.1130166,21.23706],[106.1118378,21.2355355],[106.1107287,21.2339239],[106.1102753,21.2331735],[106.1094696,21.2318226],[106.1086235,21.2301912],[106.108023,21.2288606],[106.1074449,21.2274352],[106.1071289,21.2265721],[106.1059828,21.2230083],[106.1038225,21.2160595],[106.1027339,21.2125093],[106.1017357,21.209254],[106.1015061,21.2085066]]}},{"type":"Feature","properties":{"id":766},"geometry":{"type":"LineString","coordinates":[[106.1383849,21.2506446],[106.1363061,21.2503061],[106.1352864,21.2500916],[106.1338813,21.2497612],[106.1327816,21.2494612],[106.131945,21.2492022],[106.1312527,21.2489812],[106.1307621,21.2488197],[106.1304722,21.2486883],[106.1302994,21.24861]]}},{"type":"Feature","properties":{"id":767},"geometry":{"type":"LineString","coordinates":[[106.1405715,21.2510231],[106.1407607,21.2510357],[106.1423828,21.2511277],[106.1444536,21.2511448],[106.1466326,21.2510511],[106.1484393,21.2508752],[106.1504968,21.2505864],[106.1524026,21.2502291],[106.1553557,21.249589],[106.1597826,21.2486449],[106.1599512,21.2486089],[106.1624071,21.2480985],[106.1634776,21.2479043],[106.16393,21.2478485],[106.1645541,21.2477714],[106.1664146,21.2476471],[106.1676745,21.2476397],[106.1681183,21.2476337],[106.169778,21.2477295],[106.1712981,21.2479238],[106.1734425,21.2483437],[106.1742593,21.2485609],[106.1749736,21.2487827],[106.1763101,21.2492486],[106.1776863,21.2498085],[106.1777573,21.2498373],[106.1787189,21.2502965],[106.179928,21.2509487],[106.1808169,21.2514708],[106.1818635,21.2521624],[106.1870239,21.2556105],[106.1933606,21.2598292],[106.1962428,21.2617561],[106.1970672,21.2623004]]}},{"type":"Feature","properties":{"id":768},"geometry":{"type":"LineString","coordinates":[[106.127116,21.2482682],[106.1269725,21.248605],[106.1261733,21.2503696],[106.1261056,21.2505586]]}},{"type":"Feature","properties":{"id":769},"geometry":{"type":"LineString","coordinates":[[106.1279222,21.2462261],[106.1283392,21.2453284],[106.1284597,21.2450362],[106.1284904,21.2449696],[106.1287035,21.2445072]]}},{"type":"Feature","properties":{"id":770},"geometry":{"type":"LineString","coordinates":[[106.1259632,21.2505051],[106.1260683,21.2503555],[106.1267549,21.2488145],[106.1268445,21.2486084],[106.1270133,21.248237]]}},{"type":"Feature","properties":{"id":771},"geometry":{"type":"LineString","coordinates":[[106.1270133,21.248237],[106.1274386,21.2472398]]}},{"type":"Feature","properties":{"id":772},"geometry":{"type":"LineString","coordinates":[[106.1288434,21.2445547],[106.1285787,21.245124],[106.1280193,21.2462556],[106.1275447,21.2472777]]}},{"type":"Feature","properties":{"id":773},"geometry":{"type":"LineString","coordinates":[[106.1275447,21.2472777],[106.127116,21.2482682]]}},{"type":"Feature","properties":{"id":774},"geometry":{"type":"LineString","coordinates":[[106.1061995,21.2299843],[106.1059104,21.2301077],[106.1056042,21.2302385],[106.1053927,21.2303289]]}},{"type":"Feature","properties":{"id":775},"geometry":{"type":"LineString","coordinates":[[106.1107384,21.2279845],[106.1104735,21.2281087]]}},{"type":"Feature","properties":{"id":776},"geometry":{"type":"LineString","coordinates":[[106.1016824,21.2096687],[106.1018563,21.2102381],[106.1021863,21.2113184],[106.1025176,21.2124217],[106.1035793,21.2157705],[106.1035942,21.2158176],[106.1035981,21.2158318],[106.1038358,21.2166007],[106.103889,21.216773],[106.1042029,21.2178282],[106.1047969,21.2198285],[106.1051088,21.2207529],[106.1051574,21.2208966],[106.1052432,21.22115],[106.1054163,21.2217241],[106.1055642,21.2222146],[106.1055896,21.2222988],[106.1058003,21.2230465],[106.1059675,21.2236397],[106.1060008,21.2237578],[106.1061833,21.2242692],[106.1062449,21.2244732],[106.1063294,21.224722],[106.1063414,21.2247658],[106.1063535,21.2248383],[106.1063695,21.2249726],[106.1063622,21.2250045],[106.1063501,21.2250283],[106.1063294,21.2250646],[106.106214,21.2252746],[106.1061916,21.2253146],[106.1061852,21.2253399],[106.1061859,21.2253596],[106.1061879,21.2254202],[106.1061981,21.2254766],[106.1062737,21.2256974],[106.1063399,21.2258409],[106.1064071,21.2260021],[106.1064782,21.2261421],[106.1065227,21.2262393],[106.1065801,21.2263522],[106.106636,21.2264613],[106.1067316,21.2266724],[106.1068088,21.2268429],[106.1069488,21.2272215]]}},{"type":"Feature","properties":{"id":777},"geometry":{"type":"LineString","coordinates":[[106.1649163,21.275311],[106.1649098,21.2753618],[106.164883,21.2754181],[106.1648363,21.2754617],[106.1647759,21.2754868],[106.1647099,21.27549],[106.164647,21.2754709],[106.1646145,21.2754546]]}},{"type":"Feature","properties":{"id":778},"geometry":{"type":"LineString","coordinates":[[106.1646145,21.2754546],[106.1645641,21.2753819],[106.1645526,21.2753248],[106.1645626,21.2752674],[106.1645715,21.2752525]]}},{"type":"Feature","properties":{"id":779},"geometry":{"type":"LineString","coordinates":[[106.191868,21.27833],[106.1918732,21.2783495],[106.1918737,21.2783695],[106.1918675,21.278392],[106.1918451,21.2784178],[106.1918228,21.2784282],[106.1918086,21.2784307]]}},{"type":"Feature","properties":{"id":780},"geometry":{"type":"LineString","coordinates":[[106.191802,21.2782975],[106.1918265,21.2783014],[106.1918499,21.2783144],[106.191868,21.27833]]}},{"type":"Feature","properties":{"id":781},"geometry":{"type":"LineString","coordinates":[[106.1918086,21.2784307],[106.1917838,21.2784287],[106.1917672,21.2784224],[106.1917479,21.2784077],[106.1917372,21.278392]]}},{"type":"Feature","properties":{"id":782},"geometry":{"type":"LineString","coordinates":[[106.1934969,21.2793545],[106.1935064,21.279377],[106.1935074,21.2794012],[106.1935,21.2794244],[106.1934849,21.2794442],[106.1934637,21.2794582],[106.1934388,21.2794651]]}},{"type":"Feature","properties":{"id":783},"geometry":{"type":"LineString","coordinates":[[106.1934241,21.2793188],[106.193449,21.279321],[106.1934719,21.2793304],[106.1934859,21.2793411],[106.1934969,21.2793545]]}},{"type":"Feature","properties":{"id":784},"geometry":{"type":"LineString","coordinates":[[106.1934388,21.2794651],[106.1934122,21.2794639],[106.1933875,21.2794545],[106.1933675,21.279438],[106.1933546,21.2794163]]}},{"type":"Feature","properties":{"id":785},"geometry":{"type":"LineString","coordinates":[[106.1961138,21.2810618],[106.1961384,21.2810571],[106.1961632,21.2810604],[106.1961853,21.2810715],[106.196202,21.2810889],[106.1962114,21.2811106]]}},{"type":"Feature","properties":{"id":786},"geometry":{"type":"LineString","coordinates":[[106.1962114,21.2811106],[106.1962121,21.281134],[106.1962043,21.2811562],[106.1961888,21.2811746],[106.1961674,21.2811869]]}},{"type":"Feature","properties":{"id":787},"geometry":{"type":"LineString","coordinates":[[106.1960699,21.2811381],[106.1960691,21.2811147],[106.1960769,21.2810925],[106.1960925,21.2810741],[106.1961138,21.2810618]]}},{"type":"Feature","properties":{"id":788},"geometry":{"type":"LineString","coordinates":[[106.1974431,21.28192],[106.1974681,21.2819253],[106.1974896,21.2819374],[106.1975095,21.2819544],[106.1975186,21.2819688],[106.1975253,21.2819931]]}},{"type":"Feature","properties":{"id":789},"geometry":{"type":"LineString","coordinates":[[106.1974986,21.2820531],[106.1985584,21.2827283],[106.1988597,21.2829138],[106.1994849,21.2833077],[106.1996693,21.2834346],[106.2007739,21.2841669],[106.2009511,21.2843007],[106.2016131,21.2847469],[106.2018933,21.284931],[106.2029199,21.2856038],[106.2032732,21.2858379],[106.2034909,21.2859822],[106.2043246,21.286571],[106.2044777,21.2866724],[106.2045976,21.2867519]]}},{"type":"Feature","properties":{"id":790},"geometry":{"type":"LineString","coordinates":[[106.2045976,21.2867519],[106.2051393,21.2871345]]}},{"type":"Feature","properties":{"id":791},"geometry":{"type":"LineString","coordinates":[[106.1973708,21.2820078],[106.1973719,21.2819827],[106.1973823,21.2819595],[106.1973877,21.2819533],[106.1973934,21.2819467],[106.1974238,21.2819237]]}},{"type":"Feature","properties":{"id":792},"geometry":{"type":"LineString","coordinates":[[106.1961674,21.2811869],[106.1961429,21.2811917]]}},{"type":"Feature","properties":{"id":793},"geometry":{"type":"LineString","coordinates":[[105.9830239,21.3572566],[105.9836722,21.3551015],[105.9838259,21.354602],[105.9838705,21.354457],[105.9839892,21.354077],[105.9841516,21.3534777],[105.9841751,21.3533926],[105.984281,21.3530081],[105.9843757,21.3526647],[105.9846918,21.3515865],[105.9847679,21.3513268],[105.9849194,21.3509694]]}},{"type":"Feature","properties":{"id":794},"geometry":{"type":"LineString","coordinates":[[105.9849194,21.3509694],[105.9856698,21.3504608],[105.9859157,21.3502941],[105.9874786,21.3491274],[105.9879421,21.3487973],[105.9883477,21.3485085],[105.9887409,21.3482285],[105.9887988,21.3481857],[105.9893479,21.3477795],[105.9903068,21.3470887],[105.9905173,21.3469318]]}},{"type":"Feature","properties":{"id":795},"geometry":{"type":"LineString","coordinates":[[106.0129033,21.2712768],[106.0130868,21.2711962],[106.0131519,21.2711563],[106.0132084,21.2711243],[106.0132936,21.2710762]]}},{"type":"Feature","properties":{"id":796},"geometry":{"type":"LineString","coordinates":[[106.0133728,21.2713329],[106.0132975,21.2713191],[106.013205,21.2712951],[106.0131022,21.2712808],[106.0129033,21.2712768]]}},{"type":"Feature","properties":{"id":797},"geometry":{"type":"LineString","coordinates":[[106.0137152,21.2709639],[106.01385,21.2709822],[106.0138985,21.2709822],[106.0140101,21.2709822],[106.0141333,21.2709783]]}},{"type":"Feature","properties":{"id":798},"geometry":{"type":"LineString","coordinates":[[106.0141333,21.2709783],[106.0139467,21.2710868],[106.0138919,21.2711211],[106.0137938,21.2712201]]}},{"type":"Feature","properties":{"id":799},"geometry":{"type":"LineString","coordinates":[[106.0138004,21.2711007],[106.0138053,21.2711407],[106.0138031,21.2711808],[106.0137938,21.2712201],[106.0137782,21.2712565],[106.0137565,21.2712901],[106.0137294,21.27132],[106.0136975,21.2713455],[106.0136616,21.2713659],[106.0136226,21.2713807],[106.0135816,21.2713895],[106.0135397,21.271392],[106.0134978,21.2713883],[106.0134571,21.2713784],[106.0134271,21.2713665],[106.0133988,21.2713513],[106.0133728,21.2713329],[106.0133425,21.2713042],[106.0133176,21.2712711],[106.013299,21.2712347],[106.013287,21.2711959],[106.013282,21.2711559],[106.0132843,21.2711156],[106.0132936,21.2710762],[106.0133097,21.2710387],[106.0133322,21.2710043],[106.0133606,21.2709738],[106.0133939,21.2709481],[106.0134313,21.2709278],[106.0134718,21.2709136],[106.0135142,21.2709057],[106.0135575,21.2709045],[106.0136003,21.27091],[106.0136417,21.2709219],[106.0136803,21.2709401],[106.0137152,21.2709639],[106.0137454,21.2709927],[106.0137701,21.2710257],[106.0137886,21.271062],[106.0138004,21.2711007]]}},{"type":"Feature","properties":{"id":800},"geometry":{"type":"LineString","coordinates":[[106.1921994,21.2729847],[106.1922665,21.2730276]]}},{"type":"Feature","properties":{"id":801},"geometry":{"type":"LineString","coordinates":[[106.1918656,21.2727262],[106.1919485,21.2727331],[106.1921872,21.2729142],[106.1921994,21.2729847]]}},{"type":"Feature","properties":{"id":802},"geometry":{"type":"LineString","coordinates":[[106.1921994,21.2729847],[106.1921207,21.2729914],[106.191867,21.2728085],[106.1918656,21.2727262]]}},{"type":"Feature","properties":{"id":803},"geometry":{"type":"LineString","coordinates":[[106.1896632,21.2709987],[106.1897143,21.2712104],[106.1898938,21.271328],[106.1900528,21.2714321],[106.1902193,21.2715479],[106.1906996,21.2718822]]}},{"type":"Feature","properties":{"id":804},"geometry":{"type":"LineString","coordinates":[[106.1912399,21.2723407],[106.1911137,21.2723597],[106.1908463,21.2721794]]}},{"type":"Feature","properties":{"id":805},"geometry":{"type":"LineString","coordinates":[[106.1918656,21.2727262],[106.1915215,21.2725137]]}},{"type":"Feature","properties":{"id":806},"geometry":{"type":"LineString","coordinates":[[106.1911336,21.2722667],[106.186465,21.2692581]]}},{"type":"Feature","properties":{"id":807},"geometry":{"type":"LineString","coordinates":[[106.186465,21.2692581],[106.1863075,21.269159]]}},{"type":"Feature","properties":{"id":808},"geometry":{"type":"LineString","coordinates":[[106.1863075,21.269159],[106.1861586,21.2691785],[106.1849837,21.2684875],[106.1846311,21.2682802],[106.1841049,21.2678514],[106.1839516,21.2677637],[106.1836016,21.2676379]]}},{"type":"Feature","properties":{"id":809},"geometry":{"type":"LineString","coordinates":[[106.1838735,21.2673311],[106.1840536,21.2676162],[106.1841569,21.2677509],[106.1847997,21.2682306],[106.1862643,21.2690405],[106.1863075,21.269159]]}},{"type":"Feature","properties":{"id":810},"geometry":{"type":"LineString","coordinates":[[106.1836496,21.2670504],[106.1837229,21.2670827],[106.1837852,21.2671308],[106.1838329,21.2671918],[106.183863,21.2672619],[106.1838735,21.2673311],[106.1838626,21.267417],[106.183826,21.2674965],[106.1837669,21.2675632],[106.18369,21.2676116],[106.1836016,21.2676379],[106.1835116,21.2676401],[106.1834288,21.2676209],[106.1833542,21.2675823],[106.1832929,21.267527],[106.1832491,21.2674587],[106.1832259,21.2673822],[106.1832242,21.2673079],[106.1832419,21.2672353],[106.1832925,21.2671506],[106.1833691,21.2670851],[106.1834653,21.2670452],[106.1835701,21.2670359],[106.1836496,21.2670504]]}},{"type":"Feature","properties":{"id":811},"geometry":{"type":"LineString","coordinates":[[106.1915215,21.2725137],[106.1913742,21.272415]]}},{"type":"Feature","properties":{"id":812},"geometry":{"type":"LineString","coordinates":[[106.1913742,21.272415],[106.1912399,21.2723407]]}},{"type":"Feature","properties":{"id":813},"geometry":{"type":"LineString","coordinates":[[106.1910243,21.2721082],[106.1912205,21.2722447],[106.1912399,21.2723407]]}},{"type":"Feature","properties":{"id":814},"geometry":{"type":"LineString","coordinates":[[106.1906996,21.2718822],[106.1910243,21.2721082]]}},{"type":"Feature","properties":{"id":815},"geometry":{"type":"LineString","coordinates":[[106.1908463,21.2721794],[106.1899463,21.2715726],[106.1896182,21.2713488],[106.1893936,21.271444]]}},{"type":"Feature","properties":{"id":816},"geometry":{"type":"LineString","coordinates":[[106.1862643,21.2690405],[106.1878459,21.2699983],[106.1881604,21.2701888]]}},{"type":"Feature","properties":{"id":817},"geometry":{"type":"LineString","coordinates":[[106.1880647,21.2703784],[106.1877351,21.2701709],[106.1861586,21.2691785]]}},{"type":"Feature","properties":{"id":818},"geometry":{"type":"LineString","coordinates":[[106.1649163,21.275311],[106.1651803,21.2752596]]}},{"type":"Feature","properties":{"id":819},"geometry":{"type":"LineString","coordinates":[[106.1787666,21.2735755],[106.1788992,21.273566],[106.1795386,21.2735105],[106.1800116,21.2734587],[106.1813842,21.2733398],[106.1819617,21.2733603],[106.182233,21.2733825],[106.1824578,21.2734188],[106.1828538,21.2735241],[106.1831669,21.2736054],[106.1834977,21.2736974],[106.1836261,21.2737294],[106.1839318,21.2738652],[106.1839762,21.2738905]]}},{"type":"Feature","properties":{"id":820},"geometry":{"type":"LineString","coordinates":[[106.1651803,21.2752596],[106.1653645,21.2751829],[106.1710732,21.2744415],[106.1719116,21.2743346],[106.1725835,21.2742519],[106.1731997,21.2741741],[106.1745431,21.274016],[106.1764567,21.2737803],[106.1778418,21.2736225],[106.1781586,21.2735841],[106.1786751,21.273524],[106.1787666,21.2735755]]}},{"type":"Feature","properties":{"id":821},"geometry":{"type":"LineString","coordinates":[[106.1668206,21.2607277],[106.1670253,21.2607188],[106.1715154,21.2605479]]}},{"type":"Feature","properties":{"id":822},"geometry":{"type":"LineString","coordinates":[[106.1748998,21.2610128],[106.1747839,21.2608948],[106.1746752,21.2608198],[106.1744617,21.2607253],[106.174025,21.2605963],[106.1736086,21.2605481],[106.1729042,21.260538],[106.1722172,21.260576],[106.1715154,21.2605479]]}},{"type":"Feature","properties":{"id":823},"geometry":{"type":"LineString","coordinates":[[106.1715154,21.2605479],[106.1718332,21.2604294],[106.1721947,21.2603717],[106.1727843,21.2603374],[106.1733534,21.2603376],[106.173803,21.2603615],[106.1746485,21.2605488],[106.1748652,21.2605915],[106.1751921,21.2606323]]}},{"type":"Feature","properties":{"id":824},"geometry":{"type":"LineString","coordinates":[[106.1753552,21.2606362],[106.1754235,21.2606593],[106.1754856,21.2606944],[106.1755391,21.2607402],[106.1755818,21.2607949],[106.1756122,21.2608564],[106.1756218,21.2608867],[106.1756284,21.2609176],[106.1756315,21.2609923],[106.1756173,21.2610658],[106.1755862,21.2611348],[106.1755399,21.2611958],[106.1754805,21.261246],[106.1754108,21.261283],[106.1753342,21.2613051],[106.1752519,21.2613111],[106.1751677,21.2612992],[106.1750887,21.2612696],[106.1750191,21.2612238],[106.1749627,21.2611644],[106.1749224,21.2610944],[106.1748998,21.2610128],[106.1748994,21.2609272],[106.1749217,21.2608441],[106.1749655,21.2607689],[106.1750278,21.260706],[106.175105,21.2606596],[106.1751921,21.2606323],[106.1752834,21.2606261],[106.1753552,21.2606362]]}},{"type":"Feature","properties":{"id":825},"geometry":{"type":"LineString","coordinates":[[106.1832242,21.2673079],[106.1831054,21.2671763],[106.1829515,21.2670197],[106.1758354,21.2615393],[106.1757522,21.2614752],[106.1756288,21.2614047],[106.1754857,21.2613466],[106.1753342,21.2613051]]}},{"type":"Feature","properties":{"id":826},"geometry":{"type":"LineString","coordinates":[[106.1756284,21.2609176],[106.1757065,21.2610535],[106.1757883,21.2611573],[106.1759416,21.2613143],[106.1831174,21.2668417],[106.1832784,21.2669426],[106.1834653,21.2670452]]}},{"type":"Feature","properties":{"id":827},"geometry":{"type":"LineString","coordinates":[[106.1644471,21.2763785],[106.1644594,21.2763506],[106.1644813,21.2763227],[106.1645226,21.2763113],[106.1645688,21.2763073],[106.164611,21.2763179],[106.1646469,21.2763359],[106.1646614,21.2763752],[106.1646646,21.2764204]]}},{"type":"Feature","properties":{"id":828},"geometry":{"type":"LineString","coordinates":[[106.2158721,21.2551489],[106.2160601,21.2552],[106.2162216,21.2553032],[106.2163405,21.2554483],[106.2163809,21.255551],[106.2164048,21.2556208],[106.216408,21.2558033],[106.2163755,21.2559249],[106.2163412,21.2559936],[106.2162086,21.2561511],[106.2160967,21.256217],[106.216064,21.2562362],[106.2160263,21.2562569],[106.2158526,21.2562912],[106.2158161,21.2562984],[106.2156859,21.2562848],[106.2156034,21.2562704],[106.2154137,21.2561763],[106.2153628,21.256136],[106.2152699,21.2560275],[106.2151894,21.2558419],[106.2151793,21.2556596],[106.2152309,21.2554835],[106.2153388,21.2553312],[106.2153811,21.2552854],[106.2154925,21.255218],[106.215621,21.2551649],[106.2156763,21.2551551],[106.2158721,21.2551489]]}},{"type":"Feature","properties":{"id":829},"geometry":{"type":"LineString","coordinates":[[106.2160955,21.2944863],[106.2161895,21.2943785]]}},{"type":"Feature","properties":{"id":830},"geometry":{"type":"LineString","coordinates":[[106.2161921,21.2945543],[106.2160755,21.2946892]]}},{"type":"Feature","properties":{"id":831},"geometry":{"type":"LineString","coordinates":[[106.2160755,21.2946892],[106.2174296,21.2956894],[106.2195444,21.2972987],[106.2201162,21.2977208],[106.2204326,21.297968],[106.2207759,21.2982361],[106.2219407,21.2991228],[106.2243029,21.3009317],[106.2246659,21.3012348]]}},{"type":"Feature","properties":{"id":832},"geometry":{"type":"LineString","coordinates":[[106.2163146,21.2944196],[106.2162811,21.2944564]]}},{"type":"Feature","properties":{"id":833},"geometry":{"type":"LineString","coordinates":[[106.2162121,21.2943526],[106.2172265,21.2931896],[106.2173498,21.2930604],[106.2178457,21.2925498],[106.2184863,21.2918732],[106.2185214,21.2918455],[106.2186822,21.2917186],[106.2189558,21.2915286],[106.2193045,21.2913712],[106.219661,21.2912436],[106.2201843,21.2910563],[106.2206332,21.2908888],[106.2212491,21.2906589],[106.2224089,21.2902306],[106.2227141,21.2901179],[106.2252595,21.2891778],[106.2272519,21.2884497],[106.228129,21.2881198],[106.2293101,21.2874842],[106.2297637,21.2871996],[106.2298854,21.2870744],[106.2299542,21.2869482]]}},{"type":"Feature","properties":{"id":834},"geometry":{"type":"LineString","coordinates":[[106.2159806,21.2946148],[106.2160755,21.2946892]]}},{"type":"Feature","properties":{"id":835},"geometry":{"type":"LineString","coordinates":[[106.2162811,21.2944564],[106.2161921,21.2945543]]}},{"type":"Feature","properties":{"id":836},"geometry":{"type":"LineString","coordinates":[[106.2161895,21.2943785],[106.2162121,21.2943526]]}},{"type":"Feature","properties":{"id":837},"geometry":{"type":"LineString","coordinates":[[106.0143835,21.2546465],[106.0145735,21.2554533],[106.0151675,21.2578784],[106.0153505,21.2586669],[106.0154204,21.2589767],[106.0155563,21.2595596]]}},{"type":"Feature","properties":{"id":838},"geometry":{"type":"LineString","coordinates":[[105.9570077,21.3473195],[105.9570533,21.3473377],[105.9572616,21.3474207]]}},{"type":"Feature","properties":{"id":839},"geometry":{"type":"LineString","coordinates":[[106.2003912,21.2644813],[106.2026918,21.2660464]]}},{"type":"Feature","properties":{"id":840},"geometry":{"type":"LineString","coordinates":[[106.1714854,21.248374],[106.172408,21.2485483],[106.1732882,21.2487309],[106.174581,21.2490999]]}},{"type":"Feature","properties":{"id":841},"geometry":{"type":"LineString","coordinates":[[106.1778938,21.2504005],[106.1777622,21.2503667],[106.1771924,21.250108],[106.1769694,21.2500067],[106.1762979,21.2497472],[106.1762434,21.2497276],[106.1754691,21.2494499],[106.1745965,21.2491793]]}},{"type":"Feature","properties":{"id":842},"geometry":{"type":"LineString","coordinates":[[106.174581,21.2490999],[106.1754961,21.2493746],[106.176345,21.2496718],[106.1770143,21.2499334],[106.1778094,21.2502956],[106.1778938,21.2504005]]}},{"type":"Feature","properties":{"id":843},"geometry":{"type":"LineString","coordinates":[[106.174581,21.2490999],[106.1745888,21.2491396],[106.1745965,21.2491793]]}},{"type":"Feature","properties":{"id":844},"geometry":{"type":"LineString","coordinates":[[106.1033652,21.2308363],[106.1036157,21.2308215],[106.1039985,21.2307739],[106.1040979,21.2307538],[106.1042001,21.2307331],[106.104292,21.2307144]]}},{"type":"Feature","properties":{"id":845},"geometry":{"type":"LineString","coordinates":[[106.1526248,21.2349286],[106.153062,21.2348411],[106.1535439,21.2347363],[106.1557254,21.2345023]]}},{"type":"Feature","properties":{"id":846},"geometry":{"type":"LineString","coordinates":[[106.1526704,21.2350548],[106.1530975,21.234963],[106.153754,21.2348473],[106.1548254,21.2347093],[106.1557402,21.2346448]]}},{"type":"Feature","properties":{"id":847},"geometry":{"type":"LineString","coordinates":[[106.2124818,21.1837232],[106.212305,21.1821049],[106.2120715,21.1799679]]}},{"type":"Feature","properties":{"id":848},"geometry":{"type":"LineString","coordinates":[[106.2122015,21.1799632],[106.2124081,21.1820047]]}},{"type":"Feature","properties":{"id":849},"geometry":{"type":"LineString","coordinates":[[106.1740595,21.292018],[106.1761803,21.2932825],[106.176703,21.2935939],[106.1772617,21.2938739],[106.1779088,21.2941036],[106.1783949,21.2942146],[106.1788238,21.2942815],[106.1792886,21.2942976],[106.1798067,21.2942844],[106.1803274,21.2942327],[106.1817101,21.2941286],[106.1841534,21.2939446],[106.1846001,21.2939619]]}},{"type":"Feature","properties":{"id":850},"geometry":{"type":"LineString","coordinates":[[106.173973,21.2921467],[106.1740595,21.292018]]}},{"type":"Feature","properties":{"id":851},"geometry":{"type":"LineString","coordinates":[[106.1846001,21.2939619],[106.1841521,21.2940544],[106.1817153,21.2942532],[106.1798166,21.2944081],[106.1792886,21.2944296],[106.1788075,21.2944057],[106.178349,21.2943348],[106.1778833,21.2942312],[106.1772125,21.2939984],[106.1766269,21.2936961],[106.1765269,21.293636],[106.1760927,21.2933748],[106.1751599,21.2928344],[106.174786,21.2926177],[106.173973,21.2921467]]}},{"type":"Feature","properties":{"id":852},"geometry":{"type":"LineString","coordinates":[[106.2172935,21.2036892],[106.2169495,21.2036447],[106.2168178,21.2036288],[106.215689,21.2035345],[106.2151841,21.2036345],[106.214608,21.2038049],[106.2139917,21.2039449],[106.2134456,21.2040251],[106.2129802,21.204188],[106.2126194,21.2044677],[106.2121305,21.2049188],[106.2118792,21.2051186],[106.2117601,21.205195],[106.2113809,21.2054228],[106.2109918,21.2056347],[106.210748,21.2057],[106.2104753,21.2057092],[106.2103041,21.2057106],[106.2100626,21.2056869],[106.2098082,21.2056486],[106.209282,21.205599],[106.2092289,21.2056025],[106.2088243,21.2057481],[106.2082938,21.2060017],[106.2082407,21.2060262],[106.2079245,21.2061652],[106.2077806,21.2062288],[106.2075661,21.2063117],[106.2073985,21.2063618],[106.2070659,21.2064056],[106.2066162,21.2064363],[106.2063051,21.2064449],[106.2060237,21.2064498],[106.2057068,21.2064358],[106.2054261,21.2064187],[106.2050607,21.2064341],[106.2046876,21.2065027],[106.2043788,21.2065531],[106.2039678,21.2066726],[106.2036557,21.2068261],[106.2033236,21.2070725],[106.2032879,21.2071138],[106.203153,21.2072698],[106.2027547,21.2076803],[106.2024253,21.2079964],[106.2022444,21.20817],[106.2016703,21.2086737],[106.2010983,21.2091756],[106.2008142,21.2094275],[106.2001342,21.2100304],[106.2000199,21.2101332],[106.1996825,21.2104368],[106.1985229,21.2115513],[106.1983645,21.2116864],[106.1979965,21.2120003],[106.1978892,21.2120918],[106.1976478,21.2123149],[106.1973831,21.2125595],[106.1971139,21.2128083],[106.1962375,21.2135793],[106.1959859,21.2138139],[106.1958465,21.2139438],[106.1957745,21.2140569],[106.1956262,21.2144759],[106.1953588,21.2151673],[106.1951363,21.215712],[106.194997,21.2160786],[106.1947273,21.2163551],[106.1943543,21.2166798],[106.1939767,21.2170276],[106.1938082,21.2173062],[106.1937071,21.217677],[106.1936194,21.2181002],[106.1935925,21.2184772],[106.1936104,21.2189528],[106.1936531,21.2192649],[106.1936239,21.2195498],[106.1935161,21.2198285],[106.1933227,21.2202402],[106.1933026,21.220283],[106.1928621,21.2210791],[106.1928019,21.2212023],[106.1926082,21.2215986],[106.1924396,21.2219631],[106.1921698,21.2223167],[106.1921183,21.2223842],[106.1918553,21.2226733],[106.1916666,21.2228828],[106.1909411,21.2235436],[106.1908823,21.2235971],[106.1906194,21.2238527],[106.1903991,21.2241799],[106.1903561,21.2243192],[106.1901749,21.2249652],[106.1900885,21.2255039],[106.1900096,21.2261083],[106.1898299,21.2270793],[106.1895469,21.2285286],[106.1894682,21.2288269],[106.1893198,21.2292184],[106.1891333,21.2294655],[106.188749,21.2299014],[106.1885561,21.230103],[106.1881913,21.230433]]}},{"type":"Feature","properties":{"id":853},"geometry":{"type":"LineString","coordinates":[[106.2309309,21.2864205],[106.2308428,21.2865136],[106.2307687,21.2866236],[106.2307399,21.2867116]]}},{"type":"Feature","properties":{"id":854},"geometry":{"type":"LineString","coordinates":[[106.0669071,21.375081],[106.0669031,21.3750778],[106.0658642,21.3740603],[106.0649983,21.3730993],[106.0642983,21.3723225],[106.0634668,21.3714183],[106.0624367,21.3702573],[106.0613049,21.3690853],[106.0600894,21.3678935],[106.0598112,21.3676671],[106.0589542,21.3669148],[106.0582687,21.3661728],[106.0581319,21.3660529],[106.0580273,21.365948],[106.05792,21.3658256],[106.05781,21.3657482],[106.0576088,21.3656433],[106.0574399,21.3655309],[106.0573192,21.3654485],[106.0570282,21.3652914],[106.0567881,21.3651737],[106.0564984,21.3650688],[106.0561953,21.3649564],[106.0557796,21.364839],[106.0553719,21.3647116],[106.0551251,21.3646192],[106.054763,21.3644818],[106.0545404,21.3644168],[106.0543848,21.3643744],[106.0541971,21.3643294],[106.0540335,21.3642969],[106.0539691,21.364277],[106.0537974,21.3642245],[106.0536767,21.364172],[106.0535051,21.3640821],[106.0533951,21.3640072],[106.0532878,21.3639123],[106.0531391,21.3637516],[106.0530464,21.3636525],[106.0529472,21.3635501],[106.0528533,21.3634526],[106.0527514,21.3632978],[106.0526897,21.3631854],[106.0524912,21.3628681],[106.0522847,21.3625309],[106.0521371,21.3623236],[106.0520674,21.3621962],[106.0519977,21.3620813],[106.0519574,21.3620188],[106.0518957,21.3619439],[106.0518421,21.3618615],[106.0517643,21.361779],[106.051649,21.3616866],[106.0514823,21.3615741],[106.0511769,21.3613419],[106.0510026,21.361207],[106.0508024,21.3610145],[106.0506646,21.3608998],[106.0505654,21.3608273],[106.0504795,21.3607299],[106.0504044,21.3606475],[106.0503159,21.3605451],[106.0502811,21.3604676],[106.050222,21.3603352],[106.0500906,21.3600505],[106.0499538,21.3598007],[106.0497768,21.3595384],[106.0493396,21.3585092],[106.0491949,21.3581707],[106.0486849,21.3569201],[106.048602,21.3567181],[106.0485269,21.3565208],[106.0484571,21.3563784],[106.0483713,21.3561711],[106.0483391,21.3560487],[106.0483204,21.3559662],[106.0483016,21.3558263],[106.0482721,21.3556814],[106.048256,21.355554],[106.0482077,21.3552718],[106.0481916,21.3551194],[106.0481326,21.3547931],[106.0480521,21.3537729],[106.0480414,21.3533582],[106.0479643,21.3517924],[106.0479401,21.3513502],[106.0478758,21.3498538],[106.0478731,21.3494891],[106.0478731,21.3492842],[106.048066,21.3478021],[106.0481277,21.3473699],[106.048185,21.3469821],[106.0484952,21.3451165],[106.0485408,21.3448242],[106.0485756,21.3445294],[106.0485912,21.3443884],[106.0486112,21.3442606],[106.0486165,21.3440933],[106.0486165,21.3439484],[106.0486219,21.343806],[106.0486031,21.3436636],[106.0485656,21.3434987],[106.0485387,21.3433238],[106.0485066,21.3431839],[106.0484475,21.3429865],[106.0483644,21.3428266],[106.0482884,21.3426203],[106.0481927,21.3424819],[106.048098,21.3423009],[106.0480552,21.3421909],[106.0479022,21.3419111],[106.0478405,21.3418212],[106.0477251,21.3416413],[106.0476259,21.3415189],[106.0475508,21.341399],[106.0474623,21.3412441],[106.0473873,21.3410895],[106.047304,21.3409218],[106.0472075,21.3407345],[106.0471458,21.3406095],[106.0470814,21.3404471],[106.0470519,21.3403272],[106.0469258,21.339975],[106.0468481,21.3396927],[106.0467971,21.3394828],[106.0467553,21.3392119],[106.0464699,21.3382561],[106.0463974,21.3379488],[106.0463438,21.337654],[106.0463062,21.3374367],[106.0462714,21.3371868],[106.0462366,21.3369727],[106.0461829,21.3366647],[106.0461078,21.3358402],[106.0460702,21.3354605],[106.0460622,21.3352081],[106.0460822,21.3348465],[106.046038,21.3342537],[106.04603,21.3340963],[106.0460219,21.333879],[106.0460219,21.3336866],[106.0460299,21.3333864],[106.0460488,21.3331794],[106.0460514,21.3331144],[106.0460729,21.3329995],[106.046097,21.3328721],[106.0461319,21.3327697],[106.0461534,21.3326797],[106.046199,21.3325123],[106.0462696,21.3322536],[106.0463429,21.3320232],[106.0463778,21.3319258],[106.0464448,21.3317434],[106.0465441,21.3315435],[106.0466111,21.3314536],[106.0466696,21.331359],[106.0469704,21.3306265],[106.0470886,21.3304242],[106.0473675,21.330042],[106.047558,21.3298246],[106.0477089,21.3296572],[106.0478637,21.3294548],[106.0479496,21.3293374],[106.048089,21.3291325],[106.048191,21.3289526],[106.0482527,21.3288177],[106.0482714,21.3286928],[106.0483251,21.3285279],[106.0483492,21.3284279],[106.0483841,21.3283255],[106.0484404,21.3281206],[106.0484726,21.3280007],[106.0485128,21.3278433],[106.0485397,21.3276759],[106.0486389,21.326564],[106.0486657,21.3263042],[106.0487006,21.3261068],[106.0487247,21.3259294],[106.0487665,21.3256858],[106.0489154,21.324414],[106.0489556,21.3240742],[106.048995,21.3238839],[106.0491326,21.3227349],[106.049189,21.3224226],[106.0492444,21.3220009],[106.0492852,21.3217274],[106.049304,21.32157],[106.0493255,21.3214725],[106.0493657,21.3212951],[106.0494006,21.3211552],[106.0494515,21.3209928],[106.0494971,21.3208829],[106.0495776,21.3206755],[106.0496366,21.3205306],[106.0496956,21.3204206],[106.0497814,21.3202282],[106.0498458,21.3201058],[106.0499182,21.3199559],[106.0499933,21.3197735],[106.0500657,21.3195761],[106.0502374,21.3192937],[106.0503152,21.3191763],[106.0504252,21.3190114],[106.0505351,21.3188465],[106.0506371,21.3186841],[106.050784,21.3184458],[106.0509616,21.3182068],[106.0510608,21.3180869],[106.0512003,21.317912],[106.0513022,21.317802],[106.0514578,21.3175996],[106.0515678,21.3174722],[106.0516617,21.3173622],[106.0517824,21.3172348],[106.0519084,21.3171424],[106.0520506,21.3170399],[106.0523635,21.31681],[106.0525918,21.3165903],[106.0528276,21.3163478],[106.0529375,21.3162728],[106.053195,21.3160904],[106.0533694,21.315988],[106.0535839,21.315833],[106.0538307,21.3156731],[106.054107,21.3155232],[106.0548794,21.3150259],[106.0551825,21.3148335],[106.0556653,21.3145712],[106.0560221,21.3143588],[106.0562447,21.3142613],[106.0566175,21.314014],[106.0570169,21.3138066],[106.058133,21.3132094],[106.0583127,21.3131094],[106.0588351,21.3127396]]}},{"type":"Feature","properties":{"id":855},"geometry":{"type":"LineString","coordinates":[[106.064577,21.4361475],[106.0647042,21.4355899],[106.0647873,21.4351929],[106.0649366,21.4345422],[106.0650197,21.4342301],[106.0650707,21.4340378],[106.0651579,21.4337101],[106.0652116,21.4335553],[106.0652959,21.4332858],[106.0653576,21.433091],[106.0653898,21.4330012],[106.0654418,21.4328638],[106.0655185,21.4326866],[106.0655373,21.4326242],[106.0655454,21.4325867],[106.0655614,21.4325293],[106.0655829,21.4324769],[106.0655862,21.4323819],[106.0655883,21.4322821],[106.0655775,21.4321623],[106.0655588,21.4319975],[106.0655507,21.4318277],[106.0655422,21.4317408]]}},{"type":"Feature","properties":{"id":856},"geometry":{"type":"LineString","coordinates":[[106.0650885,21.4258835],[106.0650874,21.4257826]]}},{"type":"Feature","properties":{"id":857},"geometry":{"type":"LineString","coordinates":[[106.0651801,21.4274144],[106.0651497,21.4270732],[106.0651255,21.4267636],[106.0651094,21.4264165],[106.0650933,21.4262992],[106.0650885,21.4258835]]}},{"type":"Feature","properties":{"id":858},"geometry":{"type":"LineString","coordinates":[[106.0655289,21.4316051],[106.0655064,21.4313751],[106.0654823,21.4309832],[106.0654233,21.4305063],[106.0653401,21.4294601],[106.065324,21.429153],[106.0653052,21.4288759],[106.0652731,21.4284839],[106.0652516,21.4282192],[106.0652221,21.4278996],[106.0651801,21.4274144]]}},{"type":"Feature","properties":{"id":859},"geometry":{"type":"LineString","coordinates":[[106.0655356,21.431673],[106.0655289,21.4316051]]}},{"type":"Feature","properties":{"id":860},"geometry":{"type":"LineString","coordinates":[[106.0655422,21.4317408],[106.0655356,21.431673]]}},{"type":"Feature","properties":{"id":861},"geometry":{"type":"LineString","coordinates":[[106.0650874,21.4257826],[106.0650826,21.4253703],[106.0650692,21.4251057],[106.0650764,21.4245097],[106.0650451,21.4223921],[106.0650048,21.4198802],[106.0649995,21.4191236],[106.0649743,21.4174942],[106.0649056,21.4155379],[106.0648895,21.4151334],[106.0648758,21.4147393],[106.0648898,21.4141975],[106.0649085,21.4137804],[106.0649409,21.413426],[106.0649649,21.4129389],[106.0649818,21.4124607],[106.0649911,21.4122993],[106.065052,21.4115042],[106.0650963,21.4111835],[106.0651487,21.4108876],[106.0651779,21.4107295],[106.0651967,21.4106271],[106.0652101,21.4105572],[106.0652316,21.4104548],[106.0652557,21.4104024],[106.0653067,21.4103225],[106.0654396,21.4100679],[106.0655737,21.4098157],[106.0656756,21.4096209],[106.0657829,21.4094261],[106.0658768,21.4092963],[106.0659653,21.4091689],[106.066814,21.4080774],[106.0669159,21.4079551],[106.0670662,21.4077079],[106.0671708,21.4074756],[106.0672566,21.4072184],[106.067294,21.4071407],[106.0673666,21.4069937],[106.067439,21.4068588],[106.0674819,21.4067889],[106.0675302,21.406689],[106.0675597,21.4065966],[106.0677769,21.4060248],[106.0678815,21.4057351],[106.0679808,21.4054479],[106.0680317,21.4051957],[106.0682612,21.4043345],[106.0683175,21.4040973],[106.0684409,21.4034755],[106.0684538,21.4034029],[106.068465,21.4032882],[106.068465,21.4032033],[106.0684489,21.4030834],[106.0684328,21.403021],[106.068406,21.4028612],[106.0683792,21.4027188],[106.0683577,21.402589],[106.0683014,21.4023867],[106.0682612,21.4022444],[106.0682156,21.4021195],[106.0681378,21.4018648],[106.0681002,21.4017099],[106.0679974,21.401365],[106.0679071,21.4010307],[106.067752,21.4006164],[106.0675692,21.4000318],[106.0674833,21.3997221],[106.0673519,21.3992726],[106.0672795,21.3989455],[106.0671642,21.3985808],[106.0670381,21.3982038],[106.0669174,21.3977392],[106.0667538,21.3971324],[106.0666116,21.3966229],[106.0664856,21.3962284],[106.0663785,21.3959339],[106.0662817,21.395634],[106.0661717,21.3953318],[106.066072,21.3949446],[106.0660215,21.3947549],[106.0659464,21.3945351],[106.0659062,21.3944253],[106.0658794,21.3943329],[106.0658767,21.3942604],[106.0658687,21.3941805],[106.0658606,21.3939982],[106.0658565,21.3938584],[106.0658123,21.3934513],[106.0657845,21.3929723],[106.0657657,21.3925352],[106.0657791,21.3922106],[106.0657657,21.3917585],[106.0657496,21.3915263],[106.0657428,21.3911756],[106.0657915,21.3903791],[106.0657889,21.390223],[106.0658079,21.3896169],[106.0658034,21.3895372],[106.065813,21.3893851],[106.0658237,21.3892528],[106.0658344,21.3891604],[106.0658478,21.3890755],[106.0658666,21.3890205],[106.0658988,21.3889231],[106.0659524,21.3887807],[106.0660088,21.3886409],[106.0660678,21.3885135],[106.0661819,21.3881438],[106.066564,21.387512],[106.0667142,21.3871599],[106.0668752,21.3867315],[106.0672487,21.386087],[106.067356,21.3858547],[106.0675312,21.3853923],[106.0676376,21.3851379],[106.0677691,21.3847258],[106.0678281,21.3844735],[106.0681258,21.3833596],[106.0682331,21.3829525],[106.068319,21.3826227],[106.0685603,21.3816713],[106.0687159,21.3810743],[106.0690173,21.3799003],[106.069078,21.3795957],[106.0691209,21.3793635],[106.0691531,21.3791736],[106.0691718,21.3790413],[106.0691772,21.3789239],[106.0691853,21.3788465],[106.0691826,21.3787266],[106.0691745,21.3786591],[106.0691745,21.3785692],[106.0691692,21.3784918],[106.0691584,21.3784069],[106.0691504,21.378302],[106.0691423,21.378227],[106.0691343,21.3781421],[106.0691182,21.3780297],[106.0691048,21.3779248],[106.0690914,21.3778574],[106.069078,21.377785],[106.0690458,21.3776551],[106.069027,21.3775727],[106.0689921,21.3774677],[106.06896,21.3773878],[106.0689251,21.3773104],[106.0688875,21.3772405],[106.06885,21.3771855],[106.0688098,21.3771181],[106.0687454,21.3770057],[106.0686783,21.3768908],[106.0686166,21.3767884],[106.0685684,21.376706],[106.0685067,21.3766285],[106.0684289,21.3765411],[106.0683323,21.3764612],[106.0682492,21.3763613],[106.0681607,21.3762589],[106.0680346,21.3761215],[106.0679193,21.3759966],[106.0678093,21.3758692],[106.0677181,21.3758018],[106.0676135,21.3756969],[106.0674486,21.375552],[106.0670888,21.3752305],[106.0670772,21.375221]]}},{"type":"Feature","properties":{"id":862},"geometry":{"type":"LineString","coordinates":[[106.0670772,21.375221],[106.0669071,21.375081]]}},{"type":"Feature","properties":{"id":863},"geometry":{"type":"LineString","coordinates":[[106.1001208,21.3299654],[106.0986776,21.3297355],[106.0949042,21.3291344],[106.0920865,21.3287714],[106.0898669,21.3284552],[106.0873566,21.3280717],[106.0845088,21.3274407],[106.0841037,21.3273571],[106.0808183,21.3264877],[106.0803504,21.3263664],[106.0795565,21.3260894],[106.0788032,21.3257655],[106.0762703,21.3247134],[106.0758574,21.3245004],[106.074594,21.3238486],[106.0721321,21.3225785],[106.070579,21.3216826],[106.0686989,21.3203997],[106.0682372,21.3200734],[106.0656573,21.3182759],[106.0614757,21.3152485],[106.060056,21.3142301],[106.0596029,21.3137278],[106.0592946,21.3134019],[106.059187,21.3132666],[106.0588351,21.3127396],[106.055734,21.3080962],[106.0554816,21.3077116],[106.0550265,21.3070569],[106.0545653,21.3063942],[106.0538501,21.3054178],[106.0536508,21.305163],[106.0514091,21.302095]]}},{"type":"Feature","properties":{"id":864},"geometry":{"type":"LineString","coordinates":[[106.1004035,21.3300131],[106.1001208,21.3299654]]}},{"type":"Feature","properties":{"id":865},"geometry":{"type":"LineString","coordinates":[[106.1890498,21.3589425],[106.1881741,21.3587105]]}},{"type":"Feature","properties":{"id":866},"geometry":{"type":"LineString","coordinates":[[106.1623164,21.2855845],[106.1619165,21.2856248],[106.1605674,21.2859147],[106.1598995,21.2860522],[106.1592818,21.2861997],[106.1585557,21.2863496],[106.1585074,21.2863496],[106.158258,21.2863221]]}},{"type":"Feature","properties":{"id":867},"geometry":{"type":"LineString","coordinates":[[106.158258,21.2863221],[106.1585396,21.2861971],[106.1585852,21.2861871],[106.1592726,21.2860504],[106.1602106,21.2858422],[106.1610716,21.2856773],[106.1618629,21.2855348],[106.1622801,21.2853904]]}},{"type":"Feature","properties":{"id":868},"geometry":{"type":"LineString","coordinates":[[106.158258,21.2863221],[106.1560302,21.286865],[106.1547115,21.2871514],[106.1531924,21.2874726],[106.1519197,21.2877114],[106.151069,21.2878453],[106.1497949,21.2879089],[106.148985,21.2880048]]}},{"type":"Feature","properties":{"id":869},"geometry":{"type":"LineString","coordinates":[[106.148985,21.2880048],[106.1476997,21.2880094],[106.1467513,21.2880513],[106.1459807,21.2880821],[106.1449612,21.2880973],[106.144158,21.2881089],[106.14366,21.2881232],[106.1428785,21.2881395],[106.1417778,21.288178],[106.1406993,21.2882493],[106.1398614,21.2883053],[106.1397053,21.2882769],[106.139117,21.2882796],[106.1387522,21.2882796],[106.1384411,21.2882796],[106.1381204,21.2882631],[106.1378843,21.2882331],[106.1375803,21.2881748],[106.1370505,21.2880913],[106.1367984,21.2880438],[106.1364581,21.2879624],[106.1362167,21.2878749],[106.1360423,21.287815],[106.1357243,21.2877036],[106.1350592,21.2874761],[106.1344118,21.2872571],[106.1336312,21.2869347],[106.1329555,21.286647],[106.1324169,21.2864131],[106.1318191,21.2861192],[106.1310616,21.2857521],[106.1302548,21.2853633],[106.1292631,21.2849193],[106.1287558,21.2846644],[106.1275001,21.2841372],[106.1272707,21.2840939],[106.1268421,21.2839478],[106.1266053,21.2838934],[106.1261011,21.2838009],[106.1255842,21.2837075],[106.124909,21.2835792],[106.124075,21.2834181],[106.1240098,21.2834065],[106.1232658,21.2832737],[106.122525,21.2831838],[106.1216412,21.2830172],[106.1211249,21.2829248],[106.1208728,21.2828723],[106.1204758,21.2827848],[106.1204294,21.2827777]]}},{"type":"Feature","properties":{"id":870},"geometry":{"type":"LineString","coordinates":[[106.1144183,21.2788654],[106.1143219,21.2787795],[106.1142249,21.2787025],[106.1141395,21.2785671],[106.1140617,21.2784621],[106.1138471,21.2781372],[106.1137356,21.2779635],[106.1136122,21.2777811]]}},{"type":"Feature","properties":{"id":871},"geometry":{"type":"LineString","coordinates":[[106.1137601,21.2777526],[106.114028,21.2781042],[106.1142228,21.2784059],[106.1143659,21.2786517],[106.1144183,21.2788654]]}},{"type":"Feature","properties":{"id":872},"geometry":{"type":"LineString","coordinates":[[106.1136122,21.2777811],[106.1134497,21.2776846],[106.1133102,21.2776196],[106.1131281,21.2775186]]}},{"type":"Feature","properties":{"id":873},"geometry":{"type":"LineString","coordinates":[[106.1137917,21.2773361],[106.1137645,21.2774748],[106.1137497,21.277566],[106.1137601,21.2777526]]}},{"type":"Feature","properties":{"id":874},"geometry":{"type":"LineString","coordinates":[[106.1135379,21.2774066],[106.1137601,21.2777526]]}},{"type":"Feature","properties":{"id":875},"geometry":{"type":"LineString","coordinates":[[106.1136122,21.2777811],[106.1134268,21.2774375]]}},{"type":"Feature","properties":{"id":876},"geometry":{"type":"LineString","coordinates":[[106.1199916,21.2827111],[106.1193318,21.2825611],[106.1190112,21.2825065],[106.1187859,21.2824615],[106.1184962,21.2823965],[106.118295,21.282349],[106.1181242,21.2823126],[106.1180223,21.2822727],[106.1179016,21.2822152],[106.1178164,21.2821799],[106.1177091,21.2821299],[106.1176233,21.2820899],[106.1174889,21.2820179],[106.1173548,21.2819429],[106.1170732,21.2817879],[106.1169872,21.2817363],[106.1168987,21.2816838],[106.1168397,21.2816413],[106.1167834,21.2815964],[106.1167297,21.2815614],[106.1166519,21.2815139],[106.1165768,21.2814689],[106.1164706,21.281388],[106.1163767,21.2813106],[106.116299,21.2812481],[106.1162024,21.2811631],[106.1161112,21.2810881],[106.1160415,21.2810356],[106.1159556,21.2809657],[106.11579,21.2808282],[106.1157272,21.2807657],[106.115636,21.2806707],[106.1155609,21.2805907],[106.1155072,21.2805207],[106.1154375,21.2804483],[106.1153892,21.2803683],[106.1153356,21.2802833],[106.1152605,21.2801608],[106.1152233,21.2801019],[106.1151455,21.2799694],[106.115057,21.2798295],[106.1148854,21.2796195],[106.1147884,21.2794728],[106.114716,21.2793478],[106.1146355,21.2792103],[106.1145309,21.2790529],[106.1144183,21.2788654]]}},{"type":"Feature","properties":{"id":877},"geometry":{"type":"LineString","coordinates":[[106.1204294,21.2827777],[106.1199916,21.2827111]]}},{"type":"Feature","properties":{"id":878},"geometry":{"type":"LineString","coordinates":[[106.200239,21.2646763],[106.1977094,21.2630222]]}},{"type":"Feature","properties":{"id":879},"geometry":{"type":"LineString","coordinates":[[106.099578,21.2012928],[106.1006558,21.2048042]]}},{"type":"Feature","properties":{"id":880},"geometry":{"type":"LineString","coordinates":[[106.1361446,21.3329117],[106.1358137,21.3328142],[106.1345611,21.3324231],[106.1337936,21.3321973],[106.1333993,21.3321198],[106.1330893,21.3320836],[106.1278985,21.3320148],[106.1258268,21.331994],[106.1247236,21.3319596],[106.1231591,21.3319035],[106.1220952,21.3318809],[106.120243,21.3318416],[106.1175087,21.3317835],[106.1146966,21.3317416],[106.1129507,21.3317271],[106.1120307,21.3317227],[106.111353,21.3316409],[106.1088545,21.3313038],[106.1082644,21.3312242],[106.1076049,21.3311352],[106.1057035,21.3308389],[106.1044217,21.3306392],[106.1025517,21.3303478],[106.101917,21.3302489],[106.1004035,21.3300131]]}},{"type":"Feature","properties":{"id":881},"geometry":{"type":"LineString","coordinates":[[106.136327,21.3329732],[106.1361446,21.3329117]]}},{"type":"Feature","properties":{"id":882},"geometry":{"type":"LineString","coordinates":[[106.1788852,21.4454124],[106.1788452,21.4454225],[106.1785093,21.4455109]]}},{"type":"Feature","properties":{"id":883},"geometry":{"type":"LineString","coordinates":[[106.1792827,21.4453121],[106.1788852,21.4454124]]}},{"type":"Feature","properties":{"id":884},"geometry":{"type":"LineString","coordinates":[[106.0812147,21.2617865],[106.0809111,21.2614539],[106.0807922,21.2613185],[106.0806688,21.2611504],[106.0805676,21.2610015],[106.0804536,21.2608299],[106.0803605,21.2606653],[106.0802919,21.2605405],[106.0802081,21.2603548],[106.0801171,21.2601522],[106.0800681,21.2600225],[106.0799797,21.2597121],[106.079932,21.2595366],[106.0799126,21.2594068],[106.0798892,21.2592526],[106.0798731,21.2590804],[106.079857,21.2589012],[106.0798549,21.2586541],[106.0798663,21.2583362],[106.0798914,21.2579986],[106.0799223,21.2576002],[106.0799921,21.2568622],[106.0800326,21.2563664],[106.0800839,21.2556929],[106.0801265,21.2551602],[106.0801914,21.2544804],[106.0802399,21.2538929],[106.0802791,21.2534498],[106.0803097,21.2530159],[106.0803426,21.2526523],[106.0803775,21.2522667],[106.0804144,21.2518574],[106.0804563,21.2511878],[106.0804782,21.2508157],[106.080524,21.2502223],[106.0805875,21.249356],[106.0806279,21.2485393],[106.0806806,21.2478065],[106.0806889,21.2476371],[106.0807111,21.2472776],[106.0807365,21.2468667],[106.0807866,21.2458457],[106.0808327,21.2450242]]}},{"type":"Feature","properties":{"id":885},"geometry":{"type":"LineString","coordinates":[[106.0856002,21.2667326],[106.0858365,21.2672806],[106.0868348,21.2705889],[106.0868865,21.2707601],[106.087636,21.2732439],[106.0877061,21.2734763],[106.087816,21.2737678],[106.08786,21.2738846],[106.0879058,21.2740061],[106.0880111,21.2742188],[106.088599,21.2754061],[106.0888442,21.2759011],[106.0894066,21.277037],[106.089394,21.2772494]]}},{"type":"Feature","properties":{"id":886},"geometry":{"type":"LineString","coordinates":[[106.0133322,21.2710043],[106.0133556,21.2708951],[106.0133543,21.2707974],[106.0133332,21.2706536]]}},{"type":"Feature","properties":{"id":887},"geometry":{"type":"LineString","coordinates":[[106.0133332,21.2706536],[106.013415,21.2707702],[106.013509,21.2708495],[106.0136417,21.2709219]]}},{"type":"Feature","properties":{"id":888},"geometry":{"type":"LineString","coordinates":[[106.094233,21.2101903],[106.0942504,21.2102358],[106.0943263,21.2104324],[106.0946831,21.2114008],[106.0947764,21.211654],[106.0948044,21.2117478],[106.0948976,21.2120199]]}},{"type":"Feature","properties":{"id":889},"geometry":{"type":"LineString","coordinates":[[106.121243,21.2232137],[106.1202819,21.2237122],[106.1197797,21.2239436],[106.1168092,21.2253125],[106.1151007,21.2260899],[106.1133394,21.226883],[106.1109856,21.2279375],[106.1107384,21.2279845]]}},{"type":"Feature","properties":{"id":890},"geometry":{"type":"LineString","coordinates":[[106.1107384,21.2279845],[106.1109286,21.2278161],[106.1116493,21.227512],[106.1120435,21.2273382],[106.1132977,21.2268011],[106.1151613,21.225947],[106.1167518,21.2252085],[106.1189966,21.2241453],[106.1202221,21.2236092],[106.121243,21.2232137]]}},{"type":"Feature","properties":{"id":891},"geometry":{"type":"LineString","coordinates":[[106.1251791,21.2213874],[106.1248271,21.2215502],[106.1244899,21.2217062],[106.1241376,21.2218692],[106.1238193,21.2220165],[106.1234364,21.2221937],[106.1229993,21.2223958],[106.1225881,21.2225861],[106.1219755,21.2228695],[106.1215822,21.2230514],[106.121243,21.2232137]]}},{"type":"Feature","properties":{"id":892},"geometry":{"type":"LineString","coordinates":[[105.9796714,21.3554954],[105.9796741,21.3555145],[105.9796706,21.355549],[105.9796568,21.355577],[105.9796324,21.3556062],[105.979607,21.3556213],[105.9795757,21.3556374],[105.9795375,21.3556439],[105.9795051,21.355645],[105.9794808,21.3556428],[105.9794507,21.3556277],[105.9794399,21.3556223],[105.979343,21.3555738]]}},{"type":"Feature","properties":{"id":893},"geometry":{"type":"LineString","coordinates":[[105.979098,21.3549504],[105.9791711,21.3550408],[105.9792403,21.3551473],[105.9792748,21.3551981],[105.9793147,21.3552489],[105.9793491,21.3552873]]}},{"type":"Feature","properties":{"id":894},"geometry":{"type":"LineString","coordinates":[[105.9791211,21.3552415],[105.9791158,21.3551746],[105.9791126,21.3551349],[105.9791073,21.3550495],[105.9790999,21.3549713],[105.979098,21.3549504]]}},{"type":"Feature","properties":{"id":895},"geometry":{"type":"LineString","coordinates":[[105.9790595,21.3553429],[105.9790393,21.3553163],[105.9789998,21.355264],[105.9789143,21.3551844],[105.9788394,21.3551133],[105.9787829,21.3550578]]}},{"type":"Feature","properties":{"id":896},"geometry":{"type":"LineString","coordinates":[[105.979343,21.3555738],[105.9791937,21.3554994],[105.9791486,21.3554738],[105.9791312,21.3554638],[105.9790849,21.3554347],[105.9790664,21.3554024],[105.9790548,21.3553647],[105.9790595,21.3553429],[105.9790629,21.3553269],[105.9790803,21.3552903],[105.9791046,21.3552547],[105.9791145,21.3552464],[105.9791211,21.3552415]]}},{"type":"Feature","properties":{"id":897},"geometry":{"type":"LineString","coordinates":[[105.9793491,21.3552873],[105.9796162,21.355425],[105.9796498,21.3554498],[105.9796588,21.3554647],[105.9796695,21.3554822],[105.9796714,21.3554954]]}},{"type":"Feature","properties":{"id":898},"geometry":{"type":"LineString","coordinates":[[105.9791211,21.3552415],[105.9791312,21.3552364],[105.9791682,21.3552256],[105.9792099,21.3552267],[105.9792585,21.3552407],[105.9793016,21.3552629],[105.9793491,21.3552873]]}},{"type":"Feature","properties":{"id":899},"geometry":{"type":"LineString","coordinates":[[105.9787653,21.355575],[105.9790393,21.3553163],[105.9791046,21.3552547]]}},{"type":"Feature","properties":{"id":900},"geometry":{"type":"LineString","coordinates":[[105.9791486,21.3554738],[105.9790833,21.3554817],[105.9790182,21.3554941],[105.9788599,21.3555399],[105.9787653,21.355575]]}},{"type":"Feature","properties":{"id":901},"geometry":{"type":"LineString","coordinates":[[106.100832,21.2052066],[106.1010482,21.2058546],[106.101224,21.2062759],[106.1013045,21.2064211],[106.1015385,21.2067954],[106.101831,21.2072751],[106.1019453,21.2075228],[106.1020779,21.2078759],[106.1023405,21.2087637],[106.1027545,21.2101284],[106.1028449,21.2103915],[106.1030173,21.2111645],[106.1031702,21.2117196]]}},{"type":"Feature","properties":{"id":902},"geometry":{"type":"LineString","coordinates":[[106.196398,21.2616522],[106.1968968,21.2619887],[106.198133,21.2628156],[106.1989302,21.2633124],[106.2001934,21.2641163],[106.2006761,21.2644655]]}},{"type":"Feature","properties":{"id":903},"geometry":{"type":"LineString","coordinates":[[106.1970672,21.2623004],[106.1978927,21.262852],[106.2003912,21.2644813]]}},{"type":"Feature","properties":{"id":904},"geometry":{"type":"LineString","coordinates":[[106.2026918,21.2660464],[106.2028842,21.2661755],[106.2036569,21.2666942]]}},{"type":"Feature","properties":{"id":905},"geometry":{"type":"LineString","coordinates":[[106.2067771,21.2674521],[106.2077488,21.2661448]]}},{"type":"Feature","properties":{"id":906},"geometry":{"type":"LineString","coordinates":[[106.1975253,21.2819931],[106.1975225,21.2820181],[106.1975156,21.2820336],[106.1974986,21.2820531]]}},{"type":"Feature","properties":{"id":907},"geometry":{"type":"LineString","coordinates":[[106.2136355,21.2585167],[106.2137077,21.2584292]]}},{"type":"Feature","properties":{"id":908},"geometry":{"type":"LineString","coordinates":[[106.2137077,21.2584292],[106.2138677,21.2585402]]}},{"type":"Feature","properties":{"id":909},"geometry":{"type":"LineString","coordinates":[[106.2138677,21.2585402],[106.2137997,21.2586274]]}},{"type":"Feature","properties":{"id":910},"geometry":{"type":"LineString","coordinates":[[106.1974238,21.2819237],[106.1974431,21.28192]]}},{"type":"Feature","properties":{"id":911},"geometry":{"type":"LineString","coordinates":[[106.2056867,21.2693178],[106.2054821,21.2696359]]}},{"type":"Feature","properties":{"id":912},"geometry":{"type":"LineString","coordinates":[[106.2062133,21.2686747],[106.2045757,21.2676119]]}},{"type":"Feature","properties":{"id":913},"geometry":{"type":"LineString","coordinates":[[106.1977094,21.2630222],[106.1966494,21.2623036]]}},{"type":"Feature","properties":{"id":914},"geometry":{"type":"LineString","coordinates":[[106.1959411,21.2620409],[106.1962505,21.2622472],[106.1963939,21.2623515],[106.1966939,21.2625343],[106.1975417,21.2631025],[106.1982022,21.2635458],[106.1988988,21.2640574],[106.200127,21.2649082]]}},{"type":"Feature","properties":{"id":915},"geometry":{"type":"LineString","coordinates":[[106.1000924,21.2055149],[106.1001404,21.2055992],[106.1005894,21.2063877],[106.1008188,21.206847],[106.1008867,21.2070476],[106.1015946,21.2094364],[106.1016824,21.2096687]]}},{"type":"Feature","properties":{"id":916},"geometry":{"type":"LineString","coordinates":[[106.1275073,21.38649],[106.1272941,21.3869546],[106.1270962,21.3873643]]}},{"type":"Feature","properties":{"id":917},"geometry":{"type":"LineString","coordinates":[[106.1006558,21.2048042],[106.1006687,21.2050062]]}},{"type":"Feature","properties":{"id":918},"geometry":{"type":"LineString","coordinates":[[106.2396793,21.1975185],[106.2400203,21.1974128]]}},{"type":"Feature","properties":{"id":919},"geometry":{"type":"LineString","coordinates":[[106.2396793,21.1975185],[106.2392611,21.1977027],[106.2385709,21.1978922],[106.2378336,21.1980946],[106.2376626,21.1981416],[106.2365574,21.198445],[106.2364295,21.1984801],[106.2351159,21.1988507],[106.2341764,21.1991157],[106.233377,21.1993412],[106.2331912,21.1993936],[106.2305686,21.2000748],[106.2302473,21.2001583],[106.2294134,21.2003822],[106.228433,21.2006454],[106.2269933,21.201032],[106.2240417,21.2019168],[106.2239393,21.2019475],[106.2239196,21.2019534],[106.2226772,21.2023602],[106.2223776,21.2024844],[106.2219129,21.2026729],[106.2216495,21.2027634],[106.2202381,21.2031711],[106.2196556,21.2033438],[106.2196258,21.2033526]]}},{"type":"Feature","properties":{"id":920},"geometry":{"type":"LineString","coordinates":[[106.2187317,21.1905207],[106.2186003,21.1905722],[106.2146201,21.1909309]]}},{"type":"Feature","properties":{"id":921},"geometry":{"type":"LineString","coordinates":[[106.2145723,21.1908321],[106.2186052,21.1904607],[106.2187317,21.1905207]]}},{"type":"Feature","properties":{"id":922},"geometry":{"type":"LineString","coordinates":[[106.2124081,21.1820047],[106.2126082,21.1836867],[106.2128541,21.1857534],[106.212978,21.186568],[106.2130771,21.1869157],[106.2132475,21.1875136],[106.2136037,21.1884244],[106.2145723,21.1908321]]}},{"type":"Feature","properties":{"id":923},"geometry":{"type":"LineString","coordinates":[[106.219606,21.2033121],[106.2196258,21.2033526]]}},{"type":"Feature","properties":{"id":924},"geometry":{"type":"LineString","coordinates":[[106.2195437,21.2033845],[106.2189774,21.2036048],[106.2185594,21.2037284],[106.2181796,21.203741],[106.2174151,21.2036963]]}},{"type":"Feature","properties":{"id":925},"geometry":{"type":"LineString","coordinates":[[106.2174151,21.2036963],[106.2172935,21.2036892]]}},{"type":"Feature","properties":{"id":926},"geometry":{"type":"LineString","coordinates":[[106.2891797,21.1546081],[106.2891751,21.1546418],[106.2891593,21.1546769],[106.2891336,21.1547064],[106.2891,21.154728],[106.2890612,21.1547398],[106.2890204,21.154741],[106.2889809,21.1547314],[106.2889459,21.1547117],[106.2889183,21.1546837],[106.2889002,21.1546495],[106.2888933,21.154612],[106.2888965,21.1545796],[106.2889082,21.1545488],[106.2889274,21.1545216],[106.2889532,21.1544995],[106.2889839,21.154484],[106.2890177,21.1544758],[106.2890527,21.1544755],[106.289083,21.1544819],[106.289111,21.1544942],[106.2891395,21.1545155],[106.2891613,21.1545428],[106.289175,21.1545743],[106.2891797,21.1546081]]}},{"type":"Feature","properties":{"id":927},"geometry":{"type":"LineString","coordinates":[[106.2890204,21.154741],[106.2886936,21.1548888],[106.2876565,21.1555519],[106.2866703,21.1563352],[106.2863748,21.1566335],[106.2857612,21.1573099],[106.2849896,21.1581758],[106.2809792,21.1631376],[106.277349,21.1675686],[106.2762442,21.1689539],[106.2745185,21.1710992],[106.2618848,21.1870269]]}},{"type":"Feature","properties":{"id":928},"geometry":{"type":"LineString","coordinates":[[106.289111,21.1544942],[106.2893182,21.1544098],[106.2895071,21.1543124],[106.2918873,21.1528348],[106.2927427,21.1523101],[106.2946083,21.1512496],[106.3024975,21.1467312],[106.3027089,21.1466103],[106.3090891,21.1427446],[106.3096524,21.1424033],[106.3112464,21.1416483],[106.3116958,21.1414777],[106.3128529,21.1410385],[106.3154058,21.1403242]]}},{"type":"Feature","properties":{"id":929},"geometry":{"type":"LineString","coordinates":[[106.5665778,21.3725422],[106.5663771,21.373337],[106.5661832,21.374053],[106.5660127,21.3747078],[106.5658429,21.3753434],[106.5656602,21.3760655],[106.5655913,21.3763295],[106.5656076,21.3765762],[106.5656615,21.37682],[106.5660011,21.3776724],[106.5663019,21.3786008],[106.5668053,21.3800606],[106.5674995,21.3821405],[106.5679488,21.3834242]]}},{"type":"Feature","properties":{"id":930},"geometry":{"type":"LineString","coordinates":[[106.0141333,21.2709783],[106.0146291,21.2708645],[106.0179918,21.2699565],[106.0212043,21.269122],[106.0224085,21.2687809],[106.0229416,21.2685985],[106.0233745,21.2684111],[106.0238932,21.2681854],[106.0245717,21.2678121],[106.0256982,21.2670834]]}},{"type":"Feature","properties":{"id":931},"geometry":{"type":"LineString","coordinates":[[105.9859157,21.3502941],[105.9857347,21.3496473],[105.9856533,21.349356],[105.9855071,21.3487077],[105.985491,21.348629],[105.9854993,21.3485353],[105.9855969,21.3481846],[105.9857957,21.3474708],[105.9858114,21.3474143],[105.986022,21.3466941],[105.9862304,21.3459815],[105.9862624,21.3458604],[105.9863372,21.3455775],[105.9863716,21.3454852],[105.9867759,21.3440646]]}},{"type":"Feature","properties":{"id":932},"geometry":{"type":"LineString","coordinates":[[105.9905173,21.3469318],[105.9909653,21.3465978]]}},{"type":"Feature","properties":{"id":933},"geometry":{"type":"LineString","coordinates":[[106.0748562,21.2877416],[106.0757477,21.2871969],[106.0757956,21.2871676],[106.0761953,21.2869437],[106.0766056,21.2867215],[106.0773298,21.2863475],[106.0778166,21.2860992],[106.0781533,21.2859125],[106.0782867,21.2858425],[106.0787145,21.2856323],[106.0807121,21.2845694],[106.0818373,21.2839835],[106.0823087,21.2837482],[106.0827062,21.2835285]]}},{"type":"Feature","properties":{"id":934},"geometry":{"type":"LineString","coordinates":[[106.0402637,21.3103606],[106.0402875,21.3103424],[106.0414468,21.3093997],[106.0415828,21.3092887],[106.0420544,21.3089037],[106.0422206,21.308768],[106.0423443,21.3086671],[106.0424826,21.3085542],[106.04342,21.3077734],[106.0437012,21.3075469],[106.0439041,21.3073835],[106.0441589,21.3071949],[106.0444024,21.3070248],[106.0444085,21.3070206],[106.044556,21.3069174],[106.0452784,21.3064118],[106.0453186,21.3063837],[106.0454233,21.3063105],[106.0455384,21.3062299],[106.0457063,21.3061124],[106.0457773,21.3060627],[106.0461133,21.3058276],[106.0461827,21.3057789],[106.0471824,21.3050647],[106.0477926,21.3046288],[106.0482492,21.3043026],[106.0483028,21.3042646],[106.0488689,21.3038576],[106.0491286,21.3036783],[106.0493168,21.3035476],[106.0501197,21.3029902],[106.0504509,21.3027603],[106.0505694,21.302678],[106.0507143,21.3025774],[106.0508905,21.3024551],[106.0511962,21.3022559],[106.0514091,21.302095]]}},{"type":"Feature","properties":{"id":935},"geometry":{"type":"LineString","coordinates":[[106.2051393,21.2871345],[106.2052408,21.2872034],[106.2054059,21.2873107],[106.2057842,21.2875644],[106.2060193,21.2877231],[106.2077058,21.2888421],[106.209268,21.2898795]]}},{"type":"Feature","properties":{"id":936},"geometry":{"type":"LineString","coordinates":[[106.2745305,21.1871498],[106.2749327,21.1870019],[106.2757444,21.1867967]]}},{"type":"Feature","properties":{"id":937},"geometry":{"type":"LineString","coordinates":[[106.2196258,21.2033526],[106.2195437,21.2033845]]}},{"type":"Feature","properties":{"id":938},"geometry":{"type":"LineString","coordinates":[[106.2327215,21.2897806],[106.2317853,21.2886608],[106.230852,21.2876242]]}},{"type":"Feature","properties":{"id":939},"geometry":{"type":"LineString","coordinates":[[106.1824835,21.2519909],[106.1825342,21.2519512],[106.1825961,21.2519295],[106.1826439,21.2519284],[106.1826622,21.251928],[106.1827219,21.2519456],[106.1827727,21.2519797],[106.1828095,21.2520269],[106.1828285,21.2520824],[106.1828278,21.2521408]]}},{"type":"Feature","properties":{"id":940},"geometry":{"type":"LineString","coordinates":[[106.1716279,21.2477447],[106.1725424,21.2479583],[106.1728227,21.2480238],[106.1730159,21.2480689],[106.1730978,21.2480906],[106.1748432,21.2485523],[106.1754169,21.248676],[106.1757468,21.2487897],[106.1760941,21.2489084],[106.1768532,21.249161],[106.1781072,21.2497034],[106.1788805,21.2500542],[106.1796411,21.2504444],[106.1806221,21.2510085],[106.1812581,21.2514155],[106.1818001,21.2517141],[106.1822011,21.2519441]]}},{"type":"Feature","properties":{"id":941},"geometry":{"type":"LineString","coordinates":[[106.1830265,21.2522216],[106.1827698,21.2522424]]}},{"type":"Feature","properties":{"id":942},"geometry":{"type":"LineString","coordinates":[[106.182446,21.2521655],[106.1823005,21.2520371],[106.1822011,21.2519441]]}},{"type":"Feature","properties":{"id":943},"geometry":{"type":"LineString","coordinates":[[106.1808242,21.2361517],[106.1811613,21.2362268],[106.1824313,21.2364884],[106.1825187,21.2365759]]}},{"type":"Feature","properties":{"id":944},"geometry":{"type":"LineString","coordinates":[[106.1825099,21.2366431],[106.1823514,21.2366902],[106.1822678,21.2366735],[106.1810989,21.236417],[106.1805797,21.2362905]]}},{"type":"Feature","properties":{"id":945},"geometry":{"type":"LineString","coordinates":[[106.1808663,21.2362162],[106.1825187,21.2365759],[106.1833757,21.2367436],[106.1852368,21.2371241],[106.185668,21.237226],[106.1860295,21.2373364],[106.1863028,21.237427],[106.1867128,21.2375997],[106.1871269,21.2378155]]}},{"type":"Feature","properties":{"id":946},"geometry":{"type":"LineString","coordinates":[[106.1805797,21.2362905],[106.180499,21.2362476]]}},{"type":"Feature","properties":{"id":947},"geometry":{"type":"LineString","coordinates":[[106.1806013,21.2361609],[106.1808242,21.2361517]]}},{"type":"Feature","properties":{"id":948},"geometry":{"type":"LineString","coordinates":[[106.1800613,21.2364061],[106.1797827,21.2366033],[106.1786905,21.2373909]]}},{"type":"Feature","properties":{"id":949},"geometry":{"type":"LineString","coordinates":[[106.1808838,21.2357593],[106.18042,21.2361232],[106.1803082,21.236213],[106.1800613,21.2364061]]}},{"type":"Feature","properties":{"id":950},"geometry":{"type":"LineString","coordinates":[[106.178626,21.23732],[106.1797392,21.2364888],[106.1798788,21.2363877]]}},{"type":"Feature","properties":{"id":951},"geometry":{"type":"LineString","coordinates":[[106.1798788,21.2363877],[106.1801525,21.2361848],[106.1802728,21.2360925],[106.1807275,21.2357532]]}},{"type":"Feature","properties":{"id":952},"geometry":{"type":"LineString","coordinates":[[106.1871269,21.2378155],[106.1874819,21.2380499],[106.1879191,21.2383382],[106.1884072,21.2386657],[106.1892736,21.2392382],[106.1901587,21.2397907],[106.191187,21.2405042],[106.1929492,21.2416654],[106.1942327,21.2425035],[106.1951007,21.2430606],[106.195566,21.2433276],[106.1957564,21.2434369],[106.1962751,21.243711],[106.1973385,21.2442348],[106.1988942,21.2450057]]}},{"type":"Feature","properties":{"id":953},"geometry":{"type":"LineString","coordinates":[[106.1988942,21.2450057],[106.2001843,21.2456816],[106.2012559,21.2462216],[106.2033764,21.2473027],[106.2040149,21.2476542],[106.2047427,21.2480532],[106.2053606,21.2484272],[106.2064873,21.2490671],[106.2076527,21.249724],[106.2081726,21.2500091]]}},{"type":"Feature","properties":{"id":954},"geometry":{"type":"LineString","coordinates":[[106.2081726,21.2500091],[106.2112068,21.2516853]]}},{"type":"Feature","properties":{"id":955},"geometry":{"type":"LineString","coordinates":[[106.4886262,21.2745364],[106.4880672,21.2746636],[106.4877024,21.2747466],[106.4867972,21.2749684],[106.4858051,21.2752175],[106.4854842,21.2752996],[106.4852505,21.2753434],[106.4851765,21.2753483],[106.4851054,21.2753377],[106.4850551,21.2753212],[106.4849806,21.2752921]]}},{"type":"Feature","properties":{"id":956},"geometry":{"type":"LineString","coordinates":[[105.9397184,21.2972178],[105.9397517,21.2971967],[105.9399524,21.2970191],[105.9402058,21.2967959],[105.9404339,21.2966143],[105.9406306,21.2964901],[105.9408095,21.2963991],[105.9411062,21.2962225],[105.9414426,21.2959872],[105.9421474,21.2955456],[105.9423887,21.2953892],[105.9424298,21.2953618],[105.9427741,21.2951323],[105.9431416,21.2948874],[105.9435156,21.2946347],[105.9437437,21.2944985],[105.9440535,21.2943426],[105.9443101,21.2942047],[105.9444606,21.2941158],[105.9445895,21.2940556],[105.9447609,21.2939915],[105.9452305,21.2938402],[105.9455529,21.2937566],[105.945889,21.2936398],[105.9463622,21.2934686],[105.9468343,21.2932918],[105.9474078,21.2931037]]}},{"type":"Feature","properties":{"id":957},"geometry":{"type":"LineString","coordinates":[[105.9474078,21.2931037],[105.9460097,21.2939642],[105.9452802,21.2945282],[105.9448906,21.2948353],[105.9433682,21.2960527],[105.9407065,21.2983394],[105.9404469,21.2985993]]}},{"type":"Feature","properties":{"id":958},"geometry":{"type":"LineString","coordinates":[[105.9404469,21.2985993],[105.9403204,21.2986974]]}},{"type":"Feature","properties":{"id":959},"geometry":{"type":"LineString","coordinates":[[105.9403204,21.2986974],[105.9402781,21.2987306],[105.9374885,21.3010879],[105.9370557,21.3013797],[105.9349803,21.3025671],[105.9322962,21.3040946],[105.9303957,21.3052958],[105.9299419,21.3056183],[105.9295188,21.3058907],[105.9283111,21.3064817]]}},{"type":"Feature","properties":{"id":960},"geometry":{"type":"LineString","coordinates":[[106.0315717,21.4433023],[106.0338706,21.4427692],[106.0350948,21.4423442],[106.0362324,21.4418643],[106.0363036,21.4418342],[106.037548,21.4411832],[106.0402163,21.4395963],[106.0402572,21.4397026],[106.0377056,21.4412326],[106.0362691,21.4419569],[106.0362352,21.441971],[106.0349707,21.4424975],[106.0339825,21.4428531],[106.0316438,21.4434095]]}},{"type":"Feature","properties":{"id":961},"geometry":{"type":"LineString","coordinates":[[106.2195437,21.2033845],[106.2195239,21.2033434]]}},{"type":"Feature","properties":{"id":962},"geometry":{"type":"LineString","coordinates":[[106.2195239,21.2033434],[106.219606,21.2033121]]}},{"type":"Feature","properties":{"id":963},"geometry":{"type":"LineString","coordinates":[[106.1274386,21.2472398],[106.1279222,21.2462261]]}},{"type":"Feature","properties":{"id":964},"geometry":{"type":"LineString","coordinates":[[106.1268017,21.2472219],[106.127751,21.2476817],[106.1279341,21.2477607],[106.1281619,21.2478589],[106.1284289,21.2479739],[106.128533,21.2480188],[106.1292687,21.248232],[106.1293441,21.2482523]]}},{"type":"Feature","properties":{"id":965},"geometry":{"type":"LineString","coordinates":[[106.2146201,21.1909309],[106.2144984,21.1909718],[106.2128444,21.1911599],[106.210457,21.1913919],[106.2054755,21.1918982],[106.2026039,21.1921952],[106.1992856,21.1925494],[106.1966347,21.1928672],[106.1959875,21.1929309],[106.1956234,21.1929775],[106.1952561,21.1930148],[106.1947878,21.1930669],[106.1944457,21.1931459],[106.1941159,21.1932372],[106.1937987,21.1933647],[106.1933059,21.1935538],[106.1928533,21.1937273],[106.1924694,21.1938694],[106.192056,21.1940517],[106.1917681,21.1941786],[106.1913528,21.1943618],[106.1910177,21.1945096],[106.1907052,21.1946474],[106.1904345,21.1947668],[106.1900418,21.1949399],[106.1896691,21.1951043],[106.1892645,21.1952759],[106.1887507,21.1954938],[106.1883538,21.1956621],[106.1878825,21.195862],[106.1877111,21.1959347],[106.1872389,21.1961297],[106.1867276,21.1963409],[106.1862148,21.1965526],[106.1857251,21.1967549],[106.1851104,21.1970087],[106.1846069,21.1971909],[106.1837852,21.1974882],[106.183159,21.1977147],[106.1828217,21.1978368],[106.1822943,21.1980344]]}},{"type":"Feature","properties":{"id":966},"geometry":{"type":"LineString","coordinates":[[106.1827698,21.2522424],[106.1827149,21.252277],[106.1826509,21.2522926],[106.182585,21.2522876],[106.1825245,21.2522626],[106.1824764,21.2522202],[106.182446,21.2521655]]}},{"type":"Feature","properties":{"id":967},"geometry":{"type":"LineString","coordinates":[[106.1828278,21.2521408],[106.1828076,21.252196],[106.1827698,21.2522424]]}},{"type":"Feature","properties":{"id":968},"geometry":{"type":"LineString","coordinates":[[106.1828278,21.2521408],[106.1830265,21.2522216]]}},{"type":"Feature","properties":{"id":969},"geometry":{"type":"LineString","coordinates":[[106.1822011,21.2519441],[106.182343,21.2519807],[106.1824835,21.2519909]]}},{"type":"Feature","properties":{"id":970},"geometry":{"type":"LineString","coordinates":[[106.182446,21.2521655],[106.1824367,21.2521044],[106.1824497,21.2520439],[106.1824835,21.2519909]]}},{"type":"Feature","properties":{"id":971},"geometry":{"type":"LineString","coordinates":[[106.1261056,21.2505586],[106.1259082,21.2510339],[106.1256692,21.2515552],[106.1253132,21.2522854],[106.1251789,21.2524009]]}},{"type":"Feature","properties":{"id":972},"geometry":{"type":"LineString","coordinates":[[106.1251789,21.2524009],[106.125179,21.252229],[106.1253923,21.251777],[106.1255272,21.251491],[106.1255479,21.251447],[106.1259632,21.2505051]]}},{"type":"Feature","properties":{"id":973},"geometry":{"type":"LineString","coordinates":[[106.1251789,21.2524009],[106.1249192,21.2529525]]}},{"type":"Feature","properties":{"id":974},"geometry":{"type":"LineString","coordinates":[[106.1249192,21.2529525],[106.1248861,21.2532725],[106.1244132,21.2541821],[106.1241451,21.2546715],[106.1240735,21.2547741],[106.1240198,21.2548584],[106.1237804,21.255228],[106.1235649,21.2554923],[106.1232962,21.2557805],[106.1230254,21.2559535]]}},{"type":"Feature","properties":{"id":975},"geometry":{"type":"LineString","coordinates":[[106.1230254,21.2559535],[106.1231314,21.2557372],[106.1233795,21.2554794],[106.1236604,21.2551504],[106.1239836,21.254725],[106.1240432,21.2546222],[106.1242575,21.2542084],[106.1247398,21.2532356],[106.1249192,21.2529525]]}},{"type":"Feature","properties":{"id":976},"geometry":{"type":"LineString","coordinates":[[106.1540833,21.2496946],[106.1535599,21.2498211],[106.1515927,21.2502561],[106.1512271,21.250318],[106.1508879,21.2503762],[106.1507515,21.2503986],[106.1493041,21.2506257],[106.1486965,21.2506979],[106.1479902,21.2507818],[106.1475901,21.2508122],[106.1464734,21.2508969],[106.1445628,21.2509618],[106.1442578,21.2509628],[106.1431334,21.2509627],[106.1426726,21.2509626],[106.1414556,21.2509051],[106.139085,21.2507289],[106.1383849,21.2506446]]}},{"type":"Feature","properties":{"id":977},"geometry":{"type":"LineString","coordinates":[[106.1543636,21.2496385],[106.1540833,21.2496946]]}}]}