{"type":"FeatureCollection","crs":{"type":"name","properties":{"name":"EPSG:4326"}},"features":[{"type":"Feature","properties":{"id":1},"geometry":{"type":"LineString","coordinates":[[105.6358177,22.2009232],[105.6359599,22.2003902],[105.6359101,22.2001006],[105.6355902,22.1997255],[105.6349292,22.1988633],[105.6347586,22.1983763],[105.6345382,22.197909],[105.6340904,22.1976458],[105.6333228,22.197343],[105.6322494,22.1971917],[105.6318585,22.1971917],[105.6315173,22.197093],[105.6313112,22.1967968],[105.6310126,22.1963032],[105.6302663,22.195724],[105.6299535,22.1953555],[105.630053,22.1947302],[105.6300388,22.1944012],[105.6297545,22.1939668],[105.6295341,22.193539],[105.6296337,22.1933942],[105.6297829,22.1930783],[105.6298114,22.1925913],[105.6296194,22.1915382],[105.6298114,22.1904588],[105.6298114,22.18934],[105.6301597,22.1891688],[105.6310482,22.1893992],[105.6316808,22.1898073],[105.632285,22.1904983],[105.6328749,22.1910775],[105.6341828,22.1917817],[105.6347444,22.191966],[105.6350216,22.1919134],[105.63564,22.1913144],[105.6359741,22.1906958],[105.6362513,22.1899126],[105.6369621,22.1897217],[105.6377084,22.1899586],[105.6380923,22.1900837],[105.63827,22.1899126],[105.6388742,22.1896098],[105.6393575,22.1891952],[105.6398267,22.1888266],[105.640573,22.1885304],[105.6414971,22.1881684],[105.6417458,22.187971],[105.6420017,22.1874247],[105.6425064,22.1866546],[105.6425917,22.1863782],[105.6425633,22.1860228],[105.6423571,22.1856081],[105.6417174,22.1848709],[105.6406867,22.1838968],[105.6402745,22.183186],[105.6395993,22.1817513],[105.6396206,22.1812248],[105.6403669,22.1798164],[105.6406369,22.1790727],[105.6406511,22.1782698],[105.6403598,22.1762296],[105.640445,22.1755846],[105.6406085,22.1753411],[105.6409852,22.1751436],[105.641639,22.1750778],[105.6425132,22.175295],[105.6429823,22.1752687],[105.6436006,22.1749988],[105.6446454,22.174367],[105.645946,22.1739589],[105.6470121,22.173926],[105.6475949,22.1740906],[105.6479218,22.1743867],[105.6482842,22.1749067],[105.6489381,22.1753016],[105.6496488,22.1755846],[105.6501179,22.1760519],[105.6506154,22.176348],[105.6519658,22.1768416],[105.652449,22.1769667],[105.652712,22.1773813],[105.6534227,22.1781118],[105.6537781,22.1782566],[105.6542045,22.1780921],[105.6549721,22.1775787],[105.6559458,22.1771049],[105.6565996,22.1763085],[105.6566067,22.1758412],[105.656223,22.1755319],[105.6555975,22.175295],[105.6553488,22.1750844],[105.6553559,22.1741366],[105.6554412,22.1734522],[105.6556899,22.1733732],[105.6562514,22.1743012],[105.6566119,22.1746884],[105.6571162,22.1747679],[105.6576633,22.1750361],[105.6578886,22.1753242],[105.6583714,22.1763575],[105.6586504,22.1765661],[105.6593692,22.1768543],[105.6602061,22.1770033],[105.6613326,22.1769139],[105.6623626,22.1769139],[105.6628024,22.176735],[105.6629741,22.1764171],[105.6629848,22.1758111],[105.6628454,22.1743407],[105.6625986,22.1735558],[105.6619656,22.1729398],[105.6614292,22.1723238],[105.6609785,22.1716283],[105.6604206,22.1709825],[105.660131,22.1702671],[105.6601846,22.1696213],[105.6608283,22.1687668],[105.6619978,22.1678925],[105.6626308,22.1673361],[105.6629312,22.1668393],[105.6630063,22.1661736],[105.6633174,22.1649813],[105.663017,22.1641268],[105.6620407,22.162845],[105.6617617,22.1621296],[105.6618154,22.1615732],[105.6618476,22.1607485],[105.6621265,22.1605696],[105.6627917,22.160828],[105.6634569,22.1614043],[105.6636715,22.1614241],[105.6638968,22.1611559],[105.6641543,22.1607981],[105.6642187,22.1601424],[105.6637788,22.1591686],[105.6629634,22.1584134],[105.6621802,22.1579563],[105.6621158,22.1578172],[105.6622338,22.1574695],[105.6628775,22.1568136],[105.6643367,22.155979],[105.6647658,22.1552933],[105.6658959,22.153723],[105.6661391,22.1521036],[105.6663751,22.1518552],[105.666461,22.1508019],[105.6667185,22.149212],[105.6670189,22.1480294],[105.6670725,22.1470755],[105.6671905,22.1463699],[105.667609,22.1456147],[105.6680703,22.1449389],[105.6681883,22.1446011],[105.6681561,22.1441241],[105.6680274,22.1438458],[105.6677806,22.1435974],[105.6642401,22.142067],[105.6633925,22.1415204],[105.6632745,22.1412521],[105.6632745,22.1399702],[105.6630707,22.1390062],[105.6626415,22.1384199],[105.6611502,22.1374062],[105.6608069,22.1369987],[105.6607318,22.1366708],[105.6633711,22.1324272],[105.6637037,22.1322781],[105.6648195,22.1315029],[105.6657851,22.130678],[105.6673407,22.129873],[105.6685746,22.1294059],[105.6694007,22.1293761],[105.6695831,22.1293065],[105.6701195,22.1287599],[105.6705165,22.1281338],[105.6708705,22.12713],[105.6707525,22.1267225],[105.670377,22.1265535],[105.6689179,22.126325],[105.6686175,22.1260964],[105.6687355,22.1255597],[105.6698191,22.1237508],[105.6699479,22.1234029],[105.6698513,22.1226675],[105.6693792,22.1217531],[105.6689179,22.1211865],[105.6687248,22.120789],[105.6686175,22.1202125],[105.6686389,22.1188011],[105.6687891,22.118503],[105.6697976,22.1173003],[105.6699479,22.1168033],[105.669862,22.1162666],[105.6699157,22.1159088],[105.6716216,22.1147359],[105.6718898,22.1144775],[105.6716859,22.1140501],[105.6708062,22.1131555],[105.6707954,22.112758],[105.6714392,22.1125492],[105.6724691,22.1127182],[105.6731558,22.1130959],[105.6742072,22.1135034],[105.6752264,22.1135034],[105.6754517,22.1132748],[105.6755805,22.1125492],[105.6756019,22.1113863],[105.6754625,22.1109787],[105.6747115,22.1100345],[105.6751084,22.1080465],[105.6751621,22.1063268],[105.6753123,22.1047265],[105.6753874,22.1046271],[105.6756127,22.1045873],[105.6761813,22.1048358],[105.6773186,22.1048656],[105.6777799,22.104965],[105.6784129,22.1056907],[105.6792498,22.1060684],[105.6797433,22.106804],[105.6803763,22.1073109],[105.6808376,22.1080564],[105.6811917,22.108295],[105.6818569,22.1083248],[105.6824362,22.1085136],[105.6829619,22.1085534],[105.6834662,22.1083447],[105.6842279,22.1074401],[105.6849253,22.1058696],[105.6851828,22.1057602],[105.6854296,22.1057602],[105.6856978,22.1059491],[105.6860518,22.1067741],[105.6868672,22.1082055],[105.686835,22.108623],[105.6866419,22.1088914],[105.6852686,22.1099251],[105.6851828,22.1103724],[105.6852472,22.1107203],[105.6855047,22.110939],[105.6871569,22.111754],[105.687468,22.1118336],[105.6880259,22.1117839],[105.6888199,22.1115552],[105.6892276,22.1113266],[105.6895709,22.1110284],[105.690397,22.1098555],[105.6909549,22.1094778],[105.6912231,22.1094878],[105.6914055,22.1096567],[105.6915235,22.109945],[105.6913626,22.1108495],[105.6913626,22.111108],[105.6915021,22.1114161],[105.6921029,22.1118534],[105.6930041,22.1128176],[105.6935835,22.1133046],[105.6947958,22.1136625],[105.6952679,22.1140998],[105.6953859,22.1152826],[105.6955147,22.1154019],[105.6958687,22.1154118],[105.6967592,22.1150838],[105.6971025,22.1146167],[105.6974459,22.1135929],[105.6994307,22.1124995],[105.6998062,22.1124498],[105.7008791,22.1130263],[105.7015014,22.1135332],[105.7018876,22.1140203],[105.7022846,22.1142588],[105.7034647,22.1158392],[105.7039046,22.1159784],[105.7042909,22.1159088],[105.7044089,22.1157597],[105.7046235,22.1151136],[105.7047951,22.1150341],[105.7050097,22.1150938],[105.7057178,22.1159883],[105.7060289,22.1166046],[105.7060819,22.116787],[105.7061035,22.1170658],[105.7059274,22.1179496],[105.7059305,22.1180972],[105.7059968,22.1182341],[105.7060743,22.1183091],[105.7063325,22.1184118],[105.7066219,22.1184599],[105.7068309,22.1184632],[105.707067,22.1184284],[105.7072682,22.1183647],[105.7099423,22.1170618],[105.7104546,22.1168431],[105.711152,22.1166045],[105.7113481,22.1165817],[105.7116383,22.1166059],[105.7125183,22.1169272],[105.7126699,22.1169491],[105.7127969,22.116938],[105.7129418,22.1168574],[105.713422,22.1163331],[105.7135525,22.1162467],[105.7137403,22.1161771],[105.7138462,22.1161983],[105.7142372,22.1164159],[105.7144548,22.1165818],[105.7146361,22.1167536],[105.7148357,22.1170207],[105.7150003,22.1173855],[105.7151109,22.1175687],[105.715355,22.1178405],[105.7154703,22.1178991],[105.715588,22.1179256],[105.715956,22.1178894],[105.7161339,22.1178058],[105.716256,22.1176716],[105.7166686,22.1166319],[105.7170528,22.1158756],[105.7171722,22.1157653],[105.7173362,22.115706],[105.7174421,22.115735],[105.7175468,22.1158465],[105.7176831,22.1160368],[105.717836,22.1163337],[105.7179104,22.1167002],[105.7179033,22.1174625],[105.7179601,22.1175974],[105.7180667,22.1176879],[105.7182625,22.1177799],[105.7184342,22.1178171],[105.7186351,22.117803],[105.7197699,22.1174593],[105.719963,22.1173599],[105.7207034,22.1167967],[105.7210081,22.1163338],[105.7210225,22.1161958],[105.7209957,22.1160281],[105.7209501,22.1159225],[105.7208861,22.115847],[105.7203312,22.115407],[105.7202286,22.1152727],[105.72014,22.1150788],[105.7201375,22.1149304],[105.7202334,22.1144864],[105.7203478,22.1142483],[105.7204606,22.1141072],[105.7206416,22.1139731],[105.7207613,22.1139333],[105.7208983,22.1139181],[105.7210466,22.1139283],[105.7219782,22.1141165],[105.7221329,22.1141172],[105.7223421,22.1140551],[105.7228169,22.1138289],[105.7233489,22.1137002],[105.7235622,22.1136729],[105.7242594,22.1136786],[105.7249489,22.1137317],[105.7256082,22.113748],[105.7259675,22.1137329],[105.7266061,22.1136273],[105.7269251,22.1135981],[105.727323,22.1135929],[105.7275106,22.1136209],[105.7276803,22.1137042],[105.7279633,22.1139326],[105.7283798,22.1141669],[105.7289672,22.1147011],[105.7291297,22.114818],[105.7292963,22.1148977],[105.7295403,22.1149606],[105.7302802,22.1150001],[105.7304049,22.1150639],[105.7304852,22.115195],[105.7304841,22.1153288],[105.7304504,22.1154218],[105.7302357,22.1158424],[105.7300716,22.1160366],[105.7296579,22.1162815],[105.7290982,22.1166544],[105.7288979,22.1167382],[105.7285126,22.1168543],[105.7283946,22.1169306],[105.728259,22.1170671],[105.728206,22.117159],[105.7281875,22.1172834],[105.7282415,22.1176521],[105.7283511,22.1178936],[105.7287419,22.118329],[105.7291925,22.1186943],[105.7292794,22.1188091],[105.7295175,22.1192561],[105.7296321,22.1193623],[105.7297357,22.1194012],[105.729907,22.1193965],[105.7300106,22.1193503],[105.730515,22.1189927],[105.7306848,22.1187371],[105.7307845,22.118674],[105.7310478,22.1186568],[105.7312985,22.1187353],[105.731408,22.1188086],[105.7315617,22.118957],[105.7317225,22.1191909],[105.7319266,22.1197417],[105.7321734,22.1203017],[105.7323484,22.1208628],[105.7324299,22.1209778],[105.732556,22.1210536],[105.7328778,22.121107],[105.733104,22.1211085],[105.7336074,22.1210449],[105.7337316,22.1210476],[105.7338985,22.1211006],[105.7340939,22.1212598],[105.7342515,22.121453],[105.7343104,22.1215821],[105.7342839,22.121665],[105.734136,22.1217819],[105.7340126,22.1219348],[105.7340044,22.1220703],[105.734089,22.1221985],[105.7340946,22.122253],[105.7337308,22.1229246],[105.7337341,22.1229905],[105.7337999,22.1231647],[105.7338978,22.123793],[105.7339739,22.1239291],[105.7342967,22.124208],[105.7345086,22.1243223],[105.7349324,22.1244813],[105.7351999,22.1245824],[105.7357451,22.1247596],[105.7363803,22.1249142],[105.7365109,22.1249099],[105.7366449,22.1248756],[105.7368197,22.1247716],[105.7371464,22.1244104],[105.7374939,22.1241285],[105.7376296,22.1239836],[105.7377273,22.1236564],[105.737994,22.1232371],[105.7381608,22.1229223],[105.7381528,22.1228201],[105.7380333,22.1226184],[105.7379556,22.122423],[105.7379102,22.1222055],[105.7379122,22.1218894],[105.7379376,22.1217422],[105.7379844,22.1216395],[105.7382311,22.1213607],[105.7384289,22.1212441],[105.7386687,22.121189],[105.7390607,22.1212009],[105.740361,22.1214577],[105.740894,22.1224977],[105.7412706,22.1230902],[105.741633,22.1232876],[105.7420593,22.1229124],[105.7423933,22.1222937],[105.7423933,22.1219514],[105.7425212,22.1213918],[105.7434378,22.1209047],[105.7445534,22.1199173],[105.744461,22.1191735],[105.7433668,22.1179688],[105.7433668,22.1177845],[105.7434947,22.1173764],[105.7439494,22.1170736],[105.7449655,22.1170538],[105.7459035,22.1175804],[105.7461806,22.1176133],[105.7463441,22.1174619],[105.746877,22.117146],[105.7476444,22.1169616],[105.7498827,22.1161322],[105.7508562,22.1155529],[105.7514175,22.1155002],[105.7526113,22.1151908],[105.7533787,22.1149144],[105.7552333,22.1138282],[105.7571305,22.1129263],[105.7580685,22.1129395],[105.7589851,22.1132028],[105.7598449,22.1137689],[105.7599586,22.1141178],[105.7598307,22.1156385],[105.7594044,22.1167642],[105.7591343,22.1180215],[105.7587435,22.1186139],[105.7590135,22.1189233],[105.7592907,22.1192854],[105.7597596,22.1214577],[105.7600865,22.1222081],[105.7600297,22.1228927],[105.7603992,22.1232745],[105.7607331,22.1232876],[105.7618061,22.12284],[105.762538,22.1229914],[105.7629075,22.1236431],[105.7631277,22.1244725],[105.7627014,22.1260259],[105.7628293,22.1265591],[105.7632272,22.1267763],[105.7638099,22.1274148],[105.7644352,22.127349],[105.7647834,22.1268027],[105.7648615,22.1256639],[105.7652381,22.1243869],[105.765629,22.1238077],[105.7661406,22.1236563],[105.7672562,22.1235773],[105.7674622,22.1241829],[105.7672135,22.1248214],[105.7674338,22.12519],[105.7678317,22.1252229],[105.7683078,22.1250386],[105.7689331,22.1248872],[105.7699137,22.1244198],[105.7704893,22.1242816],[105.7711075,22.1245054],[105.7718394,22.1245251],[105.7731752,22.1243803],[105.7736016,22.124512],[105.7744756,22.1248543],[105.7751222,22.1260062],[105.7755556,22.1268817],[105.7760601,22.1270067],[105.7763657,22.1267171],[105.776856,22.1266315],[105.7778579,22.1263748],[105.7785969,22.1263156],[105.779009,22.1264867],[105.779812,22.1276255],[105.7797338,22.1282442],[105.7794851,22.128626],[105.7794922,22.1290275],[105.7794211,22.1294027],[105.7788527,22.1302386],[105.7787958,22.1311009],[105.7790019,22.1313642],[105.7795348,22.1315617],[105.7803804,22.131305],[105.78129,22.1310943],[105.7818797,22.1309364],[105.7826827,22.1308903],[105.7832511,22.1311141],[105.7834075,22.131792],[105.7831872,22.132312],[105.7828532,22.1325819],[105.7826685,22.1327991],[105.7826685,22.1330558],[105.7828856,22.1337712],[105.7832156,22.134675],[105.7842774,22.1365556],[105.7849446,22.1373663],[105.7855974,22.1378116],[105.7863435,22.1380375],[105.7870466,22.1382568],[105.7875344,22.1385758],[105.7877353,22.1385558],[105.7878501,22.138383],[105.7877138,22.1379378],[105.7872833,22.1371271],[105.787642,22.1365556],[105.7881801,22.1361303],[105.7887182,22.135911],[105.7887253,22.135612],[105.7892275,22.1350538],[105.7896723,22.1341234],[105.7906767,22.1339041],[105.7911932,22.1341101],[105.7920971,22.1347215],[105.792915,22.134655],[105.7937831,22.1340237],[105.7942852,22.1338111],[105.7949237,22.1339506],[105.7953398,22.1347215],[105.7952537,22.1351601],[105.7952753,22.1354326],[105.7956053,22.1354791],[105.7959353,22.1356585],[105.7965451,22.1360439],[105.7966599,22.1364426],[105.7961362,22.1370606],[105.7954116,22.1373663],[105.7952968,22.1376188],[105.7953255,22.1381106],[105.7950959,22.1384561],[105.7951246,22.1390941],[105.7953542,22.1393134],[105.7967603,22.1395991],[105.7974562,22.1398383],[105.7977145,22.1404098],[105.7977862,22.1407221],[105.7987045,22.1409547],[105.799013,22.1411939],[105.7991923,22.1416259],[105.7984821,22.1419448],[105.7984749,22.1422571],[105.7986184,22.1425562],[105.7989269,22.1429947],[105.7998882,22.143513],[105.8007563,22.143832],[105.8025426,22.1440181],[105.8030376,22.1442573],[105.8032816,22.1457856],[105.8031596,22.1463903],[105.8032457,22.1467956],[105.8035255,22.1470082],[105.8043074,22.1471411],[105.8048096,22.1467026],[105.8052186,22.1460979],[105.8053046,22.1456394],[105.8055055,22.1453005],[105.8061225,22.1451942],[105.8068256,22.1454866],[105.8070766,22.1461976],[105.8070336,22.1468687],[105.8064597,22.1478654],[105.8064382,22.1481644],[105.8079304,22.1487159],[105.8089921,22.1488821],[105.8095374,22.1495598],[105.8097813,22.1502442],[105.8097239,22.150809],[105.8092432,22.1515067],[105.8090854,22.1518256],[105.80915,22.152098],[105.8096091,22.152211],[105.8100539,22.1524103],[105.8105346,22.1526495],[105.8115318,22.1529685],[105.8124716,22.1530283],[105.8132535,22.1529818],[105.813684,22.1529618],[105.8141646,22.1532608],[105.8141575,22.1536927],[105.8140714,22.1541047],[105.8137988,22.1551944],[105.8138203,22.1555332],[105.8139207,22.1563638],[105.8143081,22.1570415],[105.8145233,22.157573],[105.8148534,22.1578521],[105.815169,22.1576794],[105.8156712,22.1571345],[105.8161303,22.1568289],[105.8170486,22.1559917],[105.8174934,22.1558455],[105.8188565,22.1561246],[105.8197748,22.1564834],[105.8203057,22.1563771],[105.8206357,22.1559518],[105.8216544,22.1551412],[105.8224435,22.1543439],[105.8233188,22.1529884],[105.8248397,22.1516861],[105.8260019,22.1513007],[105.8276806,22.1513007],[105.8285702,22.1516196],[105.829345,22.1520582],[105.8298831,22.1525819],[105.8324299,22.1526683],[105.8350054,22.1533594],[105.8361604,22.1532198],[105.8379827,22.1535321],[105.8394892,22.1539574],[105.8409958,22.1532663],[105.8432843,22.1514856],[105.8439372,22.1512264],[105.8446618,22.1514922],[105.8452644,22.1522298],[105.8466992,22.1532331],[105.8480192,22.154077],[105.8494325,22.154449],[105.8509463,22.1544424],[105.8522233,22.1539108],[105.8529479,22.1531069],[105.8527542,22.1527082],[105.8526824,22.1521567],[105.8528187,22.1516118],[105.8531272,22.1512995],[105.8541316,22.1510138],[105.8555879,22.1514125],[105.8568075,22.1528012],[105.8578621,22.1533859],[105.859053,22.1532863],[105.8600431,22.1532464],[105.8626114,22.1546949],[105.864118,22.1550803],[105.8647493,22.1550869],[105.8668154,22.1558577],[105.8674683,22.1557248],[105.8690896,22.1545155],[105.8699936,22.1538976],[105.8702518,22.1533859],[105.8698931,22.1521102],[105.8699362,22.1495786],[105.8704097,22.1488078],[105.8708473,22.1486018],[105.8735735,22.1482762],[105.8747572,22.1480503],[105.8760127,22.148243],[105.8763785,22.1481234],[105.8769309,22.1477048],[105.8773757,22.1475586],[105.8785093,22.1479041],[105.8795782,22.148449],[105.8800876,22.1491002],[105.8802741,22.1497248],[105.8806184,22.1503427],[105.8813359,22.1510803],[105.8822613,22.1514657],[105.8826559,22.1517182],[105.8828065,22.15217],[105.8826559,22.1526617],[105.8826989,22.1529873],[105.8826487,22.1531866],[105.8823038,22.1535624],[105.8818472,22.1542108],[105.8812486,22.1545021],[105.8802341,22.1547276],[105.8799399,22.1551035],[105.8801326,22.1555827],[105.880508,22.1559961],[105.8814515,22.1559867],[105.8821313,22.1557424],[105.8827806,22.1551974],[105.8832473,22.1550941],[105.8848097,22.1557236],[105.8861793,22.1563062],[105.8868287,22.1563062],[105.8869403,22.1557612],[105.8872751,22.1554323],[105.8876099,22.1553854],[105.8885331,22.155733],[105.889294,22.156278],[105.889994,22.1571801],[105.8900346,22.1585237],[105.8896187,22.1592848],[105.889081,22.1596137],[105.8885534,22.1602338],[105.8882287,22.1609009],[105.888523,22.1615774],[105.8884114,22.162019],[105.8884621,22.1622633],[105.8888983,22.1624607],[105.8897506,22.1625734],[105.8900955,22.1621788],[105.8900651,22.1615774],[105.8903897,22.161211],[105.89111,22.1609385],[105.8915057,22.1606472],[105.8922869,22.1603654],[105.8927232,22.1594915],[105.892713,22.1588338],[105.892642,22.1575559],[105.8929058,22.1571988],[105.893616,22.1568606],[105.8949653,22.1568418],[105.8952596,22.1566539],[105.8953509,22.1560619],[105.8954828,22.1554041],[105.8953813,22.1542578],[105.8945595,22.1533839],[105.894245,22.153008],[105.8944276,22.1523221],[105.89459,22.1516267],[105.8942957,22.1507904],[105.893545,22.1500293],[105.8930377,22.1493809],[105.8930174,22.1489299],[105.8933116,22.1484413],[105.8941334,22.1478211],[105.8949958,22.147511],[105.8956654,22.147511],[105.8966901,22.1476707],[105.8973394,22.1473794],[105.8979988,22.1469659],[105.8986481,22.146233],[105.8991148,22.1460732],[105.8998352,22.1461296],[105.9003424,22.1465525],[105.9004845,22.147276],[105.9002714,22.1476989],[105.8993685,22.1479902],[105.899267,22.1483473],[105.8987699,22.1489487],[105.8984858,22.1496722],[105.897035,22.1511287],[105.8972481,22.1515892],[105.8978365,22.1520214],[105.8988308,22.1522281],[105.9000076,22.1523221],[105.9009207,22.1521154],[105.9026252,22.1504616],[105.9035383,22.1496628],[105.9040963,22.1495219],[105.9050395,22.1496699],[105.9075443,22.1504682],[105.90867,22.1509379],[105.9093393,22.1513136],[105.9101607,22.1515202],[105.9110733,22.151276],[105.9113877,22.150703],[105.9106576,22.1486461],[105.9094711,22.1471714],[105.9063274,22.1448327],[105.9050091,22.1434989],[105.904137,22.1413573],[105.9037111,22.139225],[105.9031432,22.1383702],[105.9022508,22.1378536],[105.9019364,22.1374591],[105.9011049,22.137074],[105.8998373,22.136238],[105.899746,22.1357589],[105.9000401,22.1352704],[105.9015713,22.1347726],[105.902048,22.1344626],[105.9015713,22.1329784],[105.9011252,22.1326872],[105.9001415,22.1326402],[105.8997257,22.1325275],[105.8995635,22.1321424],[105.8993302,22.1317572],[105.8993099,22.1311748],[105.8995635,22.1308273],[105.9001922,22.1305642],[105.9004863,22.1302448],[105.9006688,22.1295215],[105.9003747,22.1287794],[105.9000401,22.1275582],[105.9004051,22.1266188],[105.9008615,22.1261773],[105.901115,22.1257545],[105.9011252,22.1253882],[105.9007905,22.1249748],[105.8999792,22.1244206],[105.8994113,22.1241669],[105.8992592,22.1236878],[105.8996851,22.1227484],[105.9004153,22.122025],[105.9006587,22.1210856],[105.9012468,22.1199771],[105.9010237,22.1196013],[105.9010947,22.1185773],[105.9012367,22.1174969],[105.9010846,22.1168956],[105.9004761,22.1163038],[105.8998474,22.1149415],[105.899168,22.1145751],[105.8986305,22.1145],[105.8980119,22.1138047],[105.8966733,22.1132223],[105.8959127,22.1130531],[105.8948479,22.1131001],[105.8942598,22.1128934],[105.8939454,22.1125552],[105.8939251,22.1119164],[105.8948987,22.1108453],[105.8948378,22.1104225],[105.8940755,22.1096482],[105.8939321,22.1091433],[105.8942763,22.1084923],[105.893717,22.1070972],[105.8936453,22.1064195],[105.89376,22.1057552],[105.8942619,22.1051971],[105.8945918,22.104639],[105.8947209,22.1041208],[105.8951224,22.1035761],[105.8954236,22.1028851],[105.8958825,22.1020347],[105.8959542,22.101171],[105.8963701,22.1001213],[105.8968721,22.0980883],[105.8966713,22.0974637],[105.8967573,22.0968658],[105.8965422,22.0963741],[105.8965996,22.0957762],[105.8962124,22.0945802],[105.8959829,22.0934109],[105.8956674,22.0927996],[105.8946061,22.0918296],[105.8942046,22.0907798],[105.8939464,22.0902881],[105.893172,22.0897433],[105.892541,22.0895971],[105.892039,22.0892914],[105.8914367,22.088441],[105.8902646,22.0874608],[105.8898631,22.0864911],[105.889304,22.0856276],[105.8883148,22.0849767],[105.8880072,22.0848571],[105.887426,22.0846313],[105.8869099,22.0841397],[105.8870533,22.0833693],[105.8873686,22.0825058],[105.8868382,22.0820408],[105.8864655,22.0816157],[105.8855336,22.0809116],[105.8847738,22.0805795],[105.884057,22.0798223],[105.8828814,22.079158],[105.88248,22.0786001],[105.8825374,22.0779491],[105.8828097,22.0772051],[105.8825517,22.0753585],[105.8830391,22.0740433],[105.8830391,22.0734986],[105.8827954,22.0731532],[105.882523,22.0725686],[105.882222,22.0721966],[105.8811324,22.0717183],[105.880559,22.0713065],[105.8802722,22.0706953],[105.8783942,22.0682773],[105.8771756,22.0665236],[105.8767025,22.065102],[105.8754553,22.0635209],[105.8745234,22.0628965],[105.874208,22.062458],[105.8737636,22.0620461],[105.8731042,22.0611559],[105.8729465,22.0600399],[105.8726454,22.0588573],[105.8727888,22.056851],[105.8735342,22.0550706],[105.8744374,22.052267],[105.874165,22.0507655],[105.8726597,22.0469121],[105.8721723,22.0464868],[105.8711831,22.0463805],[105.8703659,22.0464603],[105.8696348,22.0461945],[105.8694341,22.0455966],[105.8673984,22.0440286],[105.8653626,22.0429124],[105.8644881,22.0428592],[105.8633126,22.0433907],[105.8628968,22.0438292],[105.8625814,22.0442013],[105.8615922,22.0445601],[105.8606174,22.0444804],[105.8597859,22.0446398],[105.8582232,22.0445202],[105.8563595,22.0438292],[105.8549976,22.0429522],[105.8536643,22.0422612],[105.8511125,22.0402015],[105.8502236,22.0393643],[105.8502236,22.0362947],[105.8497935,22.0357897],[105.848532,22.0354176],[105.8478438,22.0356435],[105.8468116,22.0355903],[105.8457364,22.0352183],[105.8433709,22.0347664],[105.8410485,22.0348329],[105.8396722,22.0348462],[105.8387834,22.0345139],[105.8379482,22.0344238],[105.8336055,22.0337595],[105.8325306,22.0333211],[105.8318856,22.0323911],[105.831599,22.030013],[105.830696,22.0284851],[105.8304811,22.0275285],[105.8301657,22.0269173],[105.8287038,22.0261866],[105.8275429,22.0247384],[105.82664,22.0230377],[105.8267117,22.0223468],[105.8270413,22.0214699],[105.8285175,22.0192112],[105.8288902,22.0180818],[105.8300797,22.0153314],[105.8301091,22.0151917],[105.8301079,22.0150495],[105.8300746,22.0149055],[105.8300101,22.014771],[105.8299171,22.0146517],[105.8297068,22.0144858],[105.8291772,22.0142363],[105.8288873,22.0140389],[105.8280382,22.0131857],[105.8279398,22.0130296],[105.8278752,22.0128589],[105.8278468,22.0126797],[105.8278706,22.0125562],[105.8279609,22.0124341],[105.8280576,22.0123761],[105.828915,22.0122069],[105.8291477,22.0121177],[105.829436,22.0119444],[105.8299271,22.0114763],[105.8302259,22.0112498],[105.8304003,22.0110882],[105.8310038,22.0102775],[105.8313364,22.0099294],[105.8323798,22.0089894],[105.8325916,22.0086934],[105.8326895,22.0084189],[105.832714,22.0081195],[105.8326575,22.0076697],[105.8326785,22.0075483],[105.8327298,22.0074331],[105.8329672,22.0071666],[105.8334423,22.0068598],[105.8336109,22.006719],[105.8337756,22.0065333],[105.8340217,22.0061267],[105.834151,22.0060254],[105.8343119,22.0059592],[105.8344724,22.0058312],[105.8345504,22.0057217],[105.834599,22.0055876],[105.8346155,22.0054469],[105.8345792,22.0052396],[105.8344746,22.0050543],[105.8339597,22.0044643],[105.8337487,22.0042886],[105.8335846,22.0042011],[105.833407,22.0041402],[105.8331505,22.004103],[105.8329688,22.0041102],[105.8327821,22.0041451],[105.8325729,22.0042197],[105.8321229,22.0044854],[105.8319882,22.0045157],[105.8318563,22.0045108],[105.8316325,22.0044238],[105.8314504,22.0043037],[105.8312913,22.0041581],[105.8311094,22.0039093],[105.8309996,22.0036472],[105.8309018,22.003194],[105.8308123,22.0021611],[105.8306181,22.0012886],[105.830504,22.0004754],[105.8304834,22.000191],[105.8304971,22.0000303],[105.8305428,21.9998747],[105.8306658,21.9996352],[105.8307192,21.9994573],[105.8307356,21.9992734],[105.8307154,21.9990948],[105.8304888,21.9985298],[105.8302772,21.9977467],[105.8301184,21.9974563],[105.8299792,21.9972813],[105.8293786,21.9968679],[105.8291164,21.9967565],[105.8289063,21.9967118],[105.8287451,21.9967099],[105.828064,21.9967667],[105.8275997,21.9968665],[105.8273972,21.9969581],[105.8272356,21.9970956],[105.8270529,21.9973584],[105.8268839,21.9975126],[105.8263798,21.997863],[105.8262563,21.9979105],[105.8261261,21.997923],[105.825937,21.9978772],[105.8253765,21.9975673],[105.8247553,21.9972961],[105.8245323,21.9971728],[105.8243139,21.9970161],[105.8238436,21.9965831],[105.8234504,21.9961577],[105.8231181,21.9956897],[105.8228284,21.9951326],[105.8226955,21.9947795],[105.8225924,21.994418],[105.8224817,21.9937895],[105.8224338,21.9932294],[105.8224478,21.992906],[105.8224935,21.9925985],[105.822528,21.9924466],[105.8225521,21.9923163],[105.8225433,21.9921795],[105.8224624,21.9919495],[105.8223655,21.991771],[105.8221684,21.9915417],[105.8217327,21.9911512],[105.8215745,21.9909034],[105.8214571,21.9905529],[105.8213958,21.9901171],[105.8214616,21.9898209],[105.8218358,21.9891432],[105.8219827,21.9889335],[105.8221136,21.988796],[105.8224701,21.9885361],[105.8225736,21.9884101],[105.8226433,21.9882757],[105.8226833,21.9881312],[105.8227123,21.9877941],[105.8227021,21.9875308],[105.8226503,21.9872534],[105.8225134,21.9870372],[105.822125,21.9867294],[105.8217645,21.9864835],[105.8209079,21.9859556],[105.8202295,21.9854493],[105.8197138,21.9849882],[105.8195106,21.9847339],[105.8193965,21.9845323],[105.8193065,21.9843029],[105.8191001,21.9833438],[105.8190519,21.9830005],[105.8190484,21.982385],[105.8190145,21.9821675],[105.8188775,21.9818987],[105.8186107,21.9816241],[105.8185288,21.9815057],[105.8184454,21.9812515],[105.8184389,21.9809244],[105.8184933,21.9805082],[105.8185806,21.9802004],[105.8187481,21.9798032],[105.8188928,21.9795394],[105.8190787,21.9792647],[105.8197286,21.9785426],[105.8198958,21.9783234],[105.8203787,21.9775176],[105.8205047,21.9772421],[105.820555,21.9770343],[105.8205711,21.9768084],[105.8205339,21.9762297],[105.8205307,21.9757729],[105.8204761,21.9754417],[105.82037,21.975144],[105.8202521,21.9749551],[105.8201065,21.9748568],[105.8199407,21.9748176],[105.819567,21.9748219],[105.8192525,21.9747898],[105.8188026,21.974677],[105.8185208,21.9745612],[105.8179522,21.9742752],[105.8169007,21.97382],[105.8162394,21.97346],[105.8157222,21.9730889],[105.8150304,21.9725134],[105.8146992,21.9722946],[105.8142015,21.9720172],[105.8139652,21.9718296],[105.8138376,21.9716883],[105.813607,21.9713401],[105.8134414,21.9710162],[105.8129317,21.969578],[105.8126961,21.9689834],[105.8126606,21.9687357],[105.8127218,21.9683353],[105.8127245,21.9680691],[105.8126767,21.9677932],[105.8126037,21.9675693],[105.8124375,21.9672046],[105.8120835,21.9666189],[105.8119184,21.966277],[105.8115739,21.9654199],[105.8111617,21.9641595],[105.8110207,21.9638672],[105.8108573,21.9636947],[105.8106595,21.963585],[105.8104956,21.9635468],[105.810347,21.9635417],[105.8095226,21.9636765],[105.8093557,21.9636836],[105.8091718,21.9636629],[105.808771,21.9635447],[105.8084187,21.96341],[105.8078443,21.9631264],[105.8074352,21.9628304],[105.8068348,21.9622842],[105.8060123,21.9617084],[105.8058339,21.9614833],[105.8057452,21.9612061],[105.80575,21.9609811],[105.8058247,21.9607629],[105.8060072,21.9605153],[105.8062675,21.9602527],[105.8064451,21.9601373],[105.8065876,21.9600816],[105.80743,21.9599208],[105.8076728,21.9598391],[105.8079019,21.9597284],[105.8082285,21.9594975],[105.8084142,21.9593105],[105.8085544,21.9591072],[105.8086262,21.9588752],[105.8086234,21.9586339],[105.8085466,21.9584036],[105.8082077,21.9579472],[105.8075918,21.9569871],[105.8074548,21.9567154],[105.8073589,21.9564417],[105.8073011,21.9561713],[105.8071348,21.9547034],[105.8070726,21.9538929],[105.807053,21.9532692],[105.8070913,21.9517042],[105.8072209,21.9503057],[105.8072388,21.9498821],[105.8071911,21.9486532],[105.8072823,21.9478371],[105.8072109,21.9472707],[105.8072034,21.9469231],[105.8073251,21.9460539],[105.8074647,21.9455981],[105.8076649,21.945212],[105.8077463,21.9450906],[105.80867,21.9440271],[105.8088139,21.9437677],[105.8088842,21.9434938],[105.8088719,21.9431154],[105.8087774,21.9428374],[105.8086051,21.942584],[105.8083646,21.9423781],[105.8081254,21.9422422],[105.8078705,21.9421337],[105.8074616,21.9420246],[105.8070356,21.9419857],[105.8065433,21.9420134],[105.8062202,21.9420703],[105.8058941,21.9421607],[105.80558,21.9422822],[105.8049934,21.9425774],[105.8045304,21.9427271],[105.8040788,21.9427909],[105.8033887,21.9427791],[105.8030035,21.942794],[105.8024291,21.9428684],[105.8018646,21.9430053],[105.8002844,21.9435879],[105.8000445,21.9436335],[105.7997997,21.9435949],[105.7995904,21.9434764],[105.7994159,21.9432947],[105.7992734,21.9430365],[105.7991445,21.9425529],[105.7990989,21.9420519],[105.7992782,21.940195],[105.7992943,21.9397767],[105.7992752,21.9393527],[105.7988001,21.9363505],[105.7986505,21.9357168],[105.7985119,21.9353579],[105.7983154,21.9350242],[105.797817,21.9344003],[105.7976049,21.934059],[105.7974548,21.9337006],[105.7973461,21.9332345],[105.7973367,21.933014],[105.7973633,21.9327745],[105.7976224,21.9317893],[105.7977279,21.9312017],[105.7977474,21.9308641],[105.7977313,21.9305099],[105.7976219,21.9299433],[105.797542,21.9297518],[105.7974253,21.9295555],[105.7971229,21.9292206],[105.7970014,21.9290343],[105.7969453,21.9288403],[105.7969075,21.9282741],[105.7968529,21.9278934],[105.7967548,21.9275019],[105.7965196,21.9269101],[105.7963295,21.9265448],[105.796119,21.9262064],[105.7957958,21.9258874],[105.7954109,21.9256342],[105.79513,21.9255079],[105.7948337,21.925417],[105.7936907,21.9251859],[105.7935913,21.9251364],[105.7935119,21.9250619],[105.7934588,21.9249669],[105.7934389,21.9248616],[105.7935011,21.9245393],[105.7935911,21.9242397],[105.7943112,21.9223845],[105.795046,21.9209916],[105.7960876,21.9191255],[105.7963103,21.9188231],[105.7966299,21.9184943],[105.7968536,21.9181704],[105.7971902,21.9174738],[105.7973747,21.9170387],[105.7975942,21.9162869],[105.7978361,21.9156341],[105.7978696,21.9154772],[105.7978672,21.915362],[105.7978104,21.9152],[105.7977,21.9150689],[105.7972429,21.9147972],[105.7970977,21.9146664],[105.7969907,21.9144766],[105.7967781,21.9138849],[105.7962804,21.9115977],[105.7961389,21.9111506],[105.7959634,21.9107141],[105.795648,21.9100999],[105.7954001,21.9097088],[105.7941475,21.9080763],[105.7940055,21.9078127],[105.7939266,21.9075273],[105.7939173,21.9071976],[105.7940197,21.906793],[105.7942154,21.9063253],[105.7943889,21.9060158],[105.794513,21.905847],[105.7948002,21.905591],[105.7952873,21.9053153],[105.7958139,21.9049069],[105.7963858,21.9043909],[105.7967144,21.9040573],[105.7967851,21.9039507],[105.7968334,21.9037691],[105.7968088,21.9035874],[105.7967217,21.9034321],[105.7965609,21.903268],[105.796524,21.9031689],[105.7965242,21.9030834],[105.7965517,21.9030018],[105.7970954,21.9020647],[105.7974741,21.9012705],[105.7975298,21.9010312],[105.7975486,21.9007046],[105.7974118,21.8999337],[105.7973152,21.8997844],[105.7971987,21.8997084],[105.7966141,21.8995541],[105.796152,21.8993744],[105.7958468,21.8993263],[105.7956406,21.8993404],[105.795365,21.8994213],[105.7952042,21.8995084],[105.7947827,21.8998213],[105.794574,21.8999237],[105.7943268,21.900005],[105.7939381,21.9000588],[105.7929971,21.9000015],[105.7921475,21.8998723],[105.7917756,21.8997881],[105.7915877,21.8997139],[105.7914377,21.8996222],[105.7913593,21.8995293],[105.7913122,21.8994196],[105.7913079,21.8992439],[105.7913822,21.8990826],[105.792154,21.8981313],[105.7928842,21.8971812],[105.7930322,21.8970495],[105.793154,21.8969912],[105.7932819,21.8969609],[105.793824,21.8969696],[105.7943761,21.896924],[105.7947471,21.8968559],[105.7951105,21.8967581],[105.7955936,21.896573],[105.7959205,21.8964089],[105.7964064,21.8960954],[105.7967026,21.8958533],[105.7969894,21.895586],[105.7972509,21.8952972],[105.797441,21.8950515],[105.7975576,21.8948513],[105.7976425,21.8946377],[105.7977021,21.8943534],[105.7977181,21.8939998],[105.7976991,21.8937412],[105.797613,21.8935626],[105.7974778,21.8934348],[105.7970926,21.8932814],[105.7969049,21.8931843],[105.7963054,21.8927525],[105.7960948,21.8926467],[105.7958194,21.8925811],[105.7954325,21.8925619],[105.7937124,21.8925884],[105.7933737,21.8925789],[105.7931274,21.8925404],[105.7928136,21.8924265],[105.7925424,21.892292],[105.7922786,21.89213],[105.7918518,21.8918073],[105.7916611,21.891696],[105.7913639,21.8915795],[105.7909471,21.8915162],[105.7904545,21.8915533],[105.7900713,21.8916235],[105.7895696,21.8917704],[105.7888333,21.8920455],[105.7882428,21.8921905],[105.7875895,21.8922585],[105.7872056,21.8922328],[105.7866374,21.892139],[105.7861572,21.8920046],[105.7858346,21.8918594],[105.7855297,21.8916845],[105.7851058,21.891365],[105.7850177,21.8912637],[105.784955,21.8911473],[105.7849205,21.8910198],[105.7849167,21.8908871],[105.7850138,21.890329],[105.7851286,21.8901416],[105.7852446,21.8900368],[105.7853897,21.8899569],[105.7855511,21.8899115],[105.7861974,21.889869],[105.7867795,21.8897871],[105.7872199,21.8896871],[105.7877056,21.8895367],[105.788042,21.8893631],[105.78819,21.8892389],[105.788307,21.889089],[105.7884061,21.8888619],[105.7884369,21.8886683],[105.7884262,21.8883722],[105.7883835,21.8882405],[105.7883084,21.888122],[105.7881153,21.8879677],[105.7875642,21.8877151],[105.7872874,21.8875011],[105.7867098,21.8868253],[105.7865435,21.886559],[105.7863762,21.8862035],[105.7863352,21.8860298],[105.7863256,21.8858028],[105.7863583,21.8857091],[105.7864598,21.8855671],[105.7864731,21.885487],[105.786456,21.8854066],[105.7862545,21.885177],[105.7856852,21.8840452],[105.7854778,21.8836929],[105.7852301,21.8833412],[105.7849395,21.8829949],[105.7846897,21.8827649],[105.7844193,21.8825559],[105.7839405,21.8822648],[105.7830706,21.8818588],[105.7829157,21.88175],[105.7827339,21.8815426],[105.7825175,21.8810236],[105.7823214,21.8803504],[105.7822522,21.8800006],[105.7822677,21.879543],[105.7822903,21.8794388],[105.7823995,21.879137],[105.7825014,21.8789836],[105.782661,21.8788591],[105.782884,21.8787844],[105.7830425,21.8787796],[105.7839089,21.8789155],[105.7847737,21.8789753],[105.7858036,21.8789672],[105.7865435,21.8789329],[105.7868381,21.8789024],[105.7872198,21.8788222],[105.7873713,21.8787655],[105.7875332,21.8786466],[105.7881485,21.8778387],[105.7896878,21.8760505],[105.7901591,21.8756137],[105.7907492,21.8751794],[105.7910147,21.8749509],[105.7913607,21.8745627],[105.791639,21.8741235],[105.7917809,21.8738101],[105.7921012,21.8728977],[105.792356,21.8720093],[105.792557,21.8711819],[105.7927453,21.8705856],[105.7929868,21.8700049],[105.7932088,21.8695629],[105.7932945,21.8694427],[105.7934689,21.8693001],[105.7936066,21.8692369],[105.7937554,21.8692015],[105.7939088,21.8691955],[105.7947715,21.8693096],[105.7949955,21.8693037],[105.7952156,21.8692646],[105.7954266,21.869193],[105.795714,21.8690287],[105.7958949,21.8688227],[105.7959547,21.8686868],[105.7959835,21.8685291],[105.7959731,21.8683693],[105.7959238,21.868216],[105.7957832,21.8680152],[105.7954081,21.8677281],[105.7951856,21.8675228],[105.7948417,21.8670957],[105.7943719,21.8661958],[105.7943046,21.8659317],[105.7943085,21.8657504],[105.7943485,21.8655821],[105.7944224,21.8654239],[105.7945274,21.8652817],[105.7946597,21.8651608],[105.7948986,21.8650286],[105.7953596,21.8649355],[105.7954947,21.8648746],[105.7956168,21.8647869],[105.7963627,21.8638069],[105.7964988,21.8637097],[105.7966071,21.8636744],[105.7967373,21.8636664],[105.7968645,21.8636933],[105.7994905,21.8650186],[105.7998001,21.8651491],[105.8002898,21.86528],[105.8007416,21.8653283],[105.8026323,21.8653039],[105.8030713,21.8652377],[105.8033299,21.8651565],[105.8035755,21.865046],[105.8045036,21.864466],[105.8047247,21.8643014],[105.8050073,21.8640141],[105.8058093,21.8628476],[105.80657,21.8618993],[105.8066815,21.8617178],[105.8067915,21.8614539],[105.8068022,21.8613295],[105.8067754,21.8611677],[105.8066197,21.8607952],[105.8064782,21.8605626],[105.8063084,21.8603463],[105.8059874,21.86005],[105.8058876,21.859928],[105.8057992,21.8597292],[105.8057776,21.8595869],[105.80581,21.8592126],[105.805877,21.8588435],[105.8059777,21.8584823],[105.8061907,21.8579589],[105.8063918,21.8576826],[105.8065577,21.8575192],[105.806745,21.8573772],[105.8070034,21.8572731],[105.8071884,21.8572419],[105.8073862,21.8572436],[105.80758,21.8572806],[105.8077624,21.8573515],[105.8085596,21.8578411],[105.8087831,21.857921],[105.8091343,21.8579898],[105.8095278,21.8579925],[105.8097979,21.8579493],[105.810084,21.8578618],[105.8105325,21.8576726],[105.8109371,21.85745],[105.8111933,21.8572394],[105.8112487,21.8571125],[105.8112432,21.8566541],[105.811311,21.8563457],[105.811429,21.8560395],[105.8116474,21.8555933],[105.8119225,21.8551757],[105.8130487,21.853736],[105.8136982,21.8528082],[105.8139608,21.852566],[105.8146487,21.8521417],[105.814989,21.8518453],[105.8158786,21.8508203],[105.8165046,21.8499977],[105.8166996,21.8497711],[105.816833,21.8496527],[105.8170643,21.8495121],[105.8172405,21.8494441],[105.8174257,21.8494016],[105.8181121,21.8493374],[105.8183507,21.8492746],[105.8185658,21.849188],[105.818767,21.8490764],[105.8191777,21.8487912],[105.819457,21.8485247],[105.81966,21.8482628],[105.8197235,21.8481289],[105.8197573,21.8479861],[105.8197599,21.8478379],[105.8196956,21.8474508],[105.8197431,21.8472086],[105.819819,21.8470599],[105.8200368,21.8468112],[105.8202324,21.8465182],[105.8203533,21.8462651],[105.8204399,21.8459538],[105.8204466,21.8457703],[105.8204207,21.8455872],[105.8202645,21.8450419],[105.8201184,21.8443559],[105.8200547,21.8439045],[105.8200337,21.8435476],[105.8200607,21.8432552],[105.8203944,21.8415201],[105.8205807,21.840867],[105.8205534,21.8407584],[105.8203125,21.8404487],[105.8202094,21.8402709],[105.8201266,21.8399854],[105.8201007,21.8395696],[105.820028,21.8392474],[105.8199055,21.8389437],[105.8194582,21.838063],[105.8193602,21.8377929],[105.8193012,21.8375195],[105.8192797,21.8372476],[105.819314,21.836628],[105.8193791,21.8361477],[105.8194568,21.8359033],[105.8196379,21.8355709],[105.8198771,21.8352952],[105.820068,21.835139],[105.8203928,21.8349534],[105.820629,21.8348655],[105.820921,21.8347847],[105.8218057,21.8346078],[105.8221284,21.8344821],[105.8223885,21.834304],[105.8225307,21.8341534],[105.8226784,21.8339099],[105.8227538,21.8336522],[105.8227318,21.8334677],[105.8226723,21.8333397],[105.822085,21.8327981],[105.8219245,21.8326072],[105.821762,21.8323295],[105.8215383,21.8317457],[105.8214427,21.8316239],[105.8211896,21.8314096],[105.8210769,21.8312552],[105.8206291,21.8302768],[105.8206019,21.8299953],[105.8206317,21.8298086],[105.8207511,21.8295379],[105.8209916,21.8292487],[105.8210638,21.829087],[105.8211992,21.8280677],[105.8213693,21.8270623],[105.8214688,21.8267385],[105.8216335,21.8264518],[105.8218401,21.8262196],[105.8220416,21.826081],[105.822219,21.8260427],[105.8224831,21.8260625],[105.8226303,21.8260493],[105.8233112,21.8258024],[105.8235079,21.8256681],[105.8236783,21.8255058],[105.8238178,21.8253198],[105.8239569,21.8250216],[105.8240031,21.8248289],[105.8240234,21.8244971],[105.8240046,21.8242277],[105.8239402,21.8239413],[105.8238644,21.8237835],[105.823749,21.8236295],[105.8234843,21.8234011],[105.823389,21.8232825],[105.8233188,21.8231403],[105.8232832,21.8229873],[105.8232468,21.8220674],[105.8232587,21.8218494],[105.8233327,21.8215296],[105.8234641,21.8212415],[105.8235204,21.8211511],[105.8238879,21.820805],[105.8240052,21.8207241],[105.8241392,21.8206683],[105.8242835,21.8206408],[105.8246029,21.8206468],[105.8247811,21.8206202],[105.8250546,21.8205186],[105.8252418,21.8203827],[105.8253283,21.8202667],[105.8253964,21.8200753],[105.8254121,21.8196246],[105.8254683,21.8193382],[105.8255428,21.8191566],[105.8256438,21.8189891],[105.8257698,21.8188369],[105.8259183,21.8187034],[105.8266605,21.8182057],[105.826873,21.8180255],[105.8271496,21.8177019],[105.8276457,21.8168333],[105.827966,21.8164559],[105.8282089,21.8162282],[105.8286459,21.8159056],[105.8289634,21.8157249],[105.8295269,21.8154492],[105.8301187,21.8150554],[105.8308698,21.8147659],[105.8312086,21.8145763],[105.8315134,21.8143158],[105.8329313,21.8128489],[105.833348,21.8123411],[105.8335932,21.8119781],[105.8338598,21.811503],[105.8340053,21.8111382],[105.8340714,21.8108343],[105.8340714,21.8105593],[105.8339011,21.8097845],[105.8339113,21.8096268],[105.8339809,21.809416],[105.8341098,21.8092308],[105.8355188,21.8080281],[105.8358344,21.8078562],[105.8360842,21.8077897],[105.8363836,21.8078012],[105.8368,21.8078836],[105.8369553,21.8079662],[105.8370846,21.8080716],[105.8373002,21.8083531],[105.8374701,21.8085227],[105.8376664,21.8086656],[105.837855,21.8087655],[105.838161,21.8088685],[105.8404103,21.809318],[105.8405944,21.8093299],[105.8408503,21.8093002],[105.841223,21.809176],[105.8415824,21.8091088],[105.8417082,21.8090482],[105.841816,21.8089628],[105.8419051,21.8088484],[105.8419989,21.8086396],[105.8420286,21.8084855],[105.8420278,21.8083233],[105.8419668,21.8080872],[105.8416848,21.8073971],[105.8416077,21.8070797],[105.8416307,21.8069747],[105.8416907,21.8068764],[105.8419169,21.8066753],[105.8420445,21.8064996],[105.8421031,21.8063629],[105.8421401,21.8061989],[105.8421433,21.8059378],[105.8420652,21.8054307],[105.8418939,21.8048394],[105.8418722,21.8045778],[105.8419175,21.8043168],[105.8420623,21.803933],[105.842149,21.8036106],[105.8422146,21.8030949],[105.84221,21.8027486],[105.8421412,21.8019115],[105.8420941,21.8016954],[105.841961,21.801396],[105.8415304,21.8008327],[105.8414363,21.8006653],[105.8413395,21.800321],[105.8413325,21.8000674],[105.8413525,21.7999112],[105.8414359,21.7996838],[105.8415285,21.7995414],[105.8417139,21.7993611],[105.8418723,21.7992621],[105.8421518,21.7991525],[105.8430282,21.7989565],[105.8432538,21.7988867],[105.8436316,21.7987102],[105.8438784,21.7985449],[105.8448715,21.7976105],[105.8453708,21.7972704],[105.8461449,21.7964429],[105.8465204,21.7960893],[105.8475316,21.7953421],[105.8476521,21.7952233],[105.8478723,21.7949689],[105.8480645,21.794692],[105.8482256,21.7943953],[105.8484338,21.7938914],[105.8486366,21.7935689],[105.8488887,21.79329],[105.8490926,21.7931704],[105.8496001,21.7930316],[105.8498135,21.792901],[105.8499336,21.7927867],[105.8500704,21.7925823],[105.8501279,21.7924307],[105.8503717,21.7912746],[105.8505045,21.7910029],[105.8507028,21.7907583],[105.8509578,21.7905581],[105.8511518,21.7904564],[105.8522683,21.7900772],[105.8525795,21.7899427],[105.8529022,21.7897368],[105.85325,21.7894346],[105.8534029,21.7892118],[105.8534964,21.7889512],[105.8535173,21.788672],[105.8533519,21.7876613],[105.8531856,21.7870337],[105.8530354,21.78669],[105.8527091,21.7861355],[105.8524773,21.7858023],[105.8522147,21.7854895],[105.851957,21.7852306],[105.8516782,21.7849914],[105.8514192,21.7848482],[105.8511252,21.7847812],[105.8504629,21.7847604],[105.849908,21.7846825],[105.8494471,21.7845586],[105.8490151,21.7843648],[105.8486215,21.7841043],[105.8483847,21.7838947],[105.8481753,21.7836613],[105.8477139,21.7830528],[105.8475852,21.7828394],[105.8474978,21.7826416],[105.847435,21.7824359],[105.8473963,21.7821811],[105.8473978,21.7819272],[105.8474378,21.7816795],[105.8476221,21.7810951],[105.8476456,21.7808714],[105.8476296,21.780662],[105.8475353,21.7803658],[105.8474328,21.7801913],[105.8473009,21.7800349],[105.846991,21.7797803],[105.8466337,21.7795805],[105.8463721,21.7794809],[105.8451766,21.7791672],[105.8449176,21.7790633],[105.8446743,21.7789307],[105.8443668,21.7787007],[105.8440318,21.7783506],[105.8438489,21.7781967],[105.8431515,21.7777907],[105.8429321,21.7776122],[105.8426474,21.7773183],[105.8424514,21.7771487],[105.8419884,21.7768564],[105.8414209,21.7765991],[105.840711,21.7763592],[105.8404505,21.7763062],[105.8401018,21.7762688],[105.8395332,21.7762813],[105.8391557,21.7763367],[105.8384961,21.7764861],[105.8380157,21.7765645],[105.8375221,21.7766139],[105.8365241,21.7766489],[105.8357888,21.7767271],[105.83534,21.7768103],[105.8349003,21.7769287],[105.8342653,21.7771705],[105.8338494,21.7773803],[105.8332668,21.7777568],[105.8322,21.7785504],[105.8320092,21.7786504],[105.8316969,21.7787442],[105.8313837,21.7787665],[105.8311801,21.7787447],[105.8309823,21.7786948],[105.8307419,21.7785962],[105.8305157,21.778472],[105.8303069,21.7783239],[105.8301124,21.7781481],[105.8299375,21.7779452],[105.8297914,21.7777234],[105.8296419,21.7773723],[105.8295818,21.7769989],[105.8295933,21.7767471],[105.8296444,21.7765042],[105.8297932,21.7761651],[105.8299385,21.7759604],[105.8301163,21.7757793],[105.8303225,21.7756262],[105.8306037,21.7753656],[105.8309589,21.7749656],[105.8311467,21.7747003],[105.8312935,21.774432],[105.8314115,21.7741516],[105.8315011,21.7738547],[105.8315583,21.7735509],[105.8315825,21.7732433],[105.8315733,21.7729351],[105.831213,21.769952],[105.8312273,21.7695195],[105.8313121,21.7691021],[105.8314579,21.7687165],[105.8315885,21.7684724],[105.8324511,21.7671501],[105.8328116,21.766639],[105.8335046,21.7657584],[105.8335894,21.7655928],[105.8336501,21.7654092],[105.8336806,21.7652192],[105.8336759,21.7650086],[105.8336002,21.7647011],[105.83342,21.7643726],[105.8332782,21.7642001],[105.8331344,21.7640677],[105.8328067,21.7638664],[105.8326294,21.7638083],[105.8323309,21.7637759],[105.8320941,21.7637909],[105.8313958,21.763946],[105.8310521,21.7639936],[105.8306251,21.7639871],[105.8302045,21.7639189],[105.8296972,21.763747],[105.829153,21.7634585],[105.8287088,21.7631361],[105.8284932,21.7629524],[105.8283197,21.7627652],[105.828174,21.7625586],[105.8280203,21.7622409],[105.8279339,21.7619133],[105.8278862,21.7615349],[105.8278826,21.7612666],[105.8279085,21.7609994],[105.8280275,21.7604791],[105.8283161,21.7596232],[105.8284851,21.75926],[105.8286005,21.7591086],[105.8287359,21.7589828],[105.8291341,21.7587531],[105.8292749,21.7586458],[105.8293945,21.7585182],[105.8295233,21.758305],[105.8295768,21.7581496],[105.8296412,21.7578207],[105.829659,21.757361],[105.8296246,21.756988],[105.8295523,21.7565515],[105.8294427,21.7561218],[105.8292925,21.7557132],[105.8290136,21.755215],[105.827703,21.753385],[105.827583,21.7531575],[105.8274245,21.7526586],[105.8274225,21.7524035],[105.8274624,21.752235],[105.8275341,21.7520758],[105.8276511,21.751922],[105.8278924,21.7517124],[105.828166,21.7515547],[105.8298841,21.750988],[105.8305497,21.750747],[105.8315227,21.7503309],[105.8321518,21.7500183],[105.8322601,21.7499434],[105.8325444,21.7496763],[105.8326903,21.7494754],[105.8327996,21.7492647],[105.8329131,21.7489208],[105.8329656,21.7486743],[105.8329897,21.7483476],[105.8329242,21.7480502],[105.8328381,21.7478938],[105.8326339,21.7476783],[105.8323449,21.7474772],[105.8319896,21.7473148],[105.8316069,21.7472089],[105.8312037,21.7471639],[105.8307846,21.7471853],[105.8303882,21.7472615],[105.8301135,21.747288],[105.8298236,21.7472829],[105.8294365,21.747218],[105.8288653,21.7470636],[105.8283108,21.7468394],[105.8281647,21.7467477],[105.8280407,21.7466312],[105.8279065,21.74642],[105.8278565,21.7462629],[105.827844,21.7460318],[105.8278728,21.7458843],[105.8280131,21.7454667],[105.8280326,21.7451497],[105.828005,21.7449961],[105.8278733,21.7446315],[105.827697,21.7440929],[105.8276215,21.7440118],[105.827363,21.7438843],[105.8272265,21.7437918],[105.8271087,21.7436734],[105.827018,21.7435359],[105.8268204,21.7431211],[105.8266521,21.7426953],[105.8264264,21.7419565],[105.8262981,21.7416146],[105.8258535,21.7407292],[105.8257869,21.7404952],[105.8257547,21.7402551],[105.8257724,21.7398888],[105.8258302,21.7396446],[105.8259237,21.7394101],[105.8262072,21.7388724],[105.8262724,21.7386727],[105.8263047,21.7384774],[105.8262904,21.7379598],[105.8262359,21.7373479],[105.8262446,21.7367771],[105.8263099,21.7362808],[105.8264324,21.7357846],[105.8265219,21.7352824],[105.8265936,21.7345237],[105.8265996,21.7340185],[105.8265637,21.7335073],[105.8265569,21.7329925],[105.8265796,21.7324756],[105.8266854,21.7313725],[105.8266752,21.7310372],[105.8266012,21.7305931],[105.8264728,21.730273],[105.826346,21.7300779],[105.8261892,21.7299025],[105.8260001,21.7297464],[105.8257874,21.7296192],[105.8255562,21.7295237],[105.8248823,21.7293353],[105.8244431,21.7291737],[105.8238208,21.728851],[105.8228249,21.7281793],[105.8219862,21.7275404],[105.8216596,21.7272192],[105.8214819,21.7269748],[105.8212612,21.7265171],[105.8211842,21.7262422],[105.8211986,21.7260465],[105.8212825,21.7258427],[105.822984,21.7240321],[105.8231272,21.7238281],[105.8232031,21.7236115],[105.8232039,21.7233618],[105.823156,21.7230695],[105.823041,21.7226112],[105.8229094,21.7219187],[105.8227107,21.721247],[105.8226702,21.7210271],[105.8226601,21.7207723],[105.8227359,21.7203017],[105.8227336,21.7199702],[105.8226836,21.7197538],[105.8225949,21.7195453],[105.8223957,21.7192652],[105.821373,21.7183978],[105.8210657,21.7181825],[105.8207472,21.718001],[105.8202542,21.7177888],[105.8195424,21.7175745],[105.8191005,21.7174115],[105.8188269,21.7172655],[105.8185744,21.7170925],[105.8176341,21.7163563],[105.8174229,21.7161863],[105.8172365,21.7159929],[105.8170095,21.7156658],[105.8168527,21.7153044],[105.8166249,21.7142517],[105.8164442,21.7135883],[105.8162302,21.7129336],[105.8158833,21.712052],[105.8153343,21.7108653],[105.8149099,21.7101478],[105.8146845,21.709886],[105.8144152,21.7096744],[105.8142199,21.7095717],[105.813911,21.7094779],[105.8136097,21.7094524],[105.8133738,21.7094747],[105.8129722,21.7095719],[105.8126797,21.709617],[105.8123839,21.7096343],[105.8120712,21.7096223],[105.8110321,21.7094549],[105.8093781,21.7093467],[105.8089029,21.709271],[105.8084249,21.7091583],[105.8069447,21.7086637],[105.8064632,21.708467],[105.8059994,21.7082366],[105.8053516,21.707837],[105.8048086,21.7074225],[105.8044177,21.7070451],[105.8042062,21.7067856],[105.8037516,21.7061189],[105.8034301,21.7057625],[105.8031834,21.7055527],[105.8029135,21.7053694],[105.8024606,21.7051436],[105.8021346,21.7050326],[105.8017972,21.7049568],[105.8011111,21.7049084],[105.800443,21.7048972],[105.7991939,21.7049615],[105.7989158,21.7049488],[105.7986411,21.7049066],[105.7983645,21.7048324],[105.7979599,21.7046587],[105.7975043,21.7043631],[105.796909,21.7039023],[105.7963853,21.7034203],[105.7956549,21.702653],[105.7948268,21.7016943],[105.7942934,21.7010159],[105.7937753,21.7003025],[105.7932866,21.6995714],[105.7921111,21.6976981],[105.7917892,21.6972378],[105.79145,21.696821],[105.7911491,21.6965755],[105.7908064,21.6963956],[105.7904449,21.6962867],[105.7892986,21.6961854],[105.7887017,21.6960575],[105.7883162,21.6959317],[105.7877479,21.6956758],[105.7873871,21.6954625],[105.7869536,21.695139],[105.7867054,21.6948648],[105.7865237,21.6945489],[105.7864165,21.6942048],[105.7863887,21.6938394],[105.7864492,21.693461],[105.7866929,21.6928959],[105.7869774,21.6924358],[105.7873039,21.6920332],[105.7891205,21.6902726],[105.7897372,21.689598],[105.7902408,21.6889344],[105.7912412,21.687363],[105.7914343,21.6870928],[105.7924533,21.6859611],[105.7931281,21.6851345],[105.7933014,21.6848418],[105.7934011,21.6845227],[105.7934248,21.6843045],[105.7934142,21.6840853],[105.7932229,21.6831504],[105.7929537,21.6821496],[105.7921569,21.6797441],[105.7921087,21.6794494],[105.7921003,21.6791515],[105.79216,21.6787195],[105.7923008,21.6783099],[105.7938858,21.6749723],[105.7939806,21.6746756],[105.7940375,21.6743706],[105.7940502,21.6739068],[105.7940097,21.6735981],[105.7939306,21.673296],[105.7937418,21.6728641],[105.7934194,21.6723541],[105.7929118,21.6716208],[105.7919221,21.6703394],[105.7917842,21.6701023],[105.7916469,21.6697432],[105.7915054,21.668888],[105.7910975,21.6673461],[105.7910701,21.6670021],[105.7911075,21.6667232],[105.7911678,21.6665666],[105.7913067,21.6663615],[105.7917596,21.6659938],[105.7919832,21.6658814],[105.7923433,21.6657659],[105.7925999,21.6657255],[105.7937973,21.665742],[105.7941201,21.6657085],[105.7945887,21.665589],[105.794884,21.665465],[105.796627,21.6645528],[105.7970864,21.6642472],[105.7975301,21.6638646],[105.798076,21.6632744],[105.7984577,21.6628101],[105.7995011,21.6613564],[105.7998961,21.6608544],[105.8002045,21.6605148],[105.8005562,21.6601715],[105.8012918,21.6595489],[105.8016266,21.659223],[105.8019324,21.6588731],[105.8022071,21.6585016],[105.8025572,21.6579091],[105.803444,21.6559694],[105.803773,21.655104],[105.8042196,21.6536752],[105.8044744,21.6530776],[105.8046255,21.6527777],[105.8047645,21.6525743],[105.80503,21.6523169],[105.8053447,21.6521283],[105.8084844,21.650801],[105.8088656,21.6505992],[105.8092389,21.6503609],[105.8094327,21.6501811],[105.8096019,21.649981],[105.8097465,21.6497588],[105.8098608,21.6495219],[105.8099229,21.6493173],[105.8099289,21.6491513],[105.809871,21.648915],[105.8094,21.6480729],[105.8091921,21.6477819],[105.8089793,21.6475364],[105.8086601,21.6472365],[105.8062309,21.6452376],[105.8057348,21.6447074],[105.8051002,21.6438458],[105.80423,21.6428629],[105.8024939,21.6413785],[105.802286,21.6411426],[105.8021693,21.6409521],[105.8020824,21.6407482],[105.8020272,21.6405349],[105.8019463,21.6397271],[105.801917,21.6391918],[105.8019366,21.63843],[105.8020735,21.6373892],[105.8021801,21.636964],[105.8022864,21.6366853],[105.8024216,21.6364126],[105.8029505,21.6356052],[105.8034092,21.6350007],[105.804428,21.633776],[105.804768,21.6332971],[105.8050708,21.6327581],[105.8056515,21.6314353],[105.8059949,21.6307471],[105.8065528,21.6298445],[105.8074433,21.6286602],[105.8076379,21.6283638],[105.8078771,21.6278929],[105.8080545,21.6273793],[105.8081583,21.6268389],[105.8081835,21.6264735],[105.8081012,21.6257424],[105.8079406,21.6250466],[105.8077929,21.6246006],[105.8076125,21.6241652],[105.8065362,21.6221132],[105.8063377,21.6216693],[105.8061163,21.620998],[105.8059717,21.6202357],[105.8059747,21.6200169],[105.8060148,21.6198012],[105.80609,21.6195964],[105.8061971,21.6194072],[105.8063344,21.6192356],[105.8066394,21.618946],[105.8073543,21.6183473],[105.808094,21.617823],[105.8086023,21.6175101],[105.8091277,21.6172227],[105.8124392,21.6157323],[105.8140278,21.6149567],[105.8151036,21.61439],[105.8159162,21.6140432],[105.8171386,21.613598],[105.8183363,21.6132448],[105.8191457,21.6130495],[105.8199612,21.6128849],[105.8208096,21.6127417],[105.8214551,21.6125846],[105.8218926,21.6124417],[105.8223188,21.6122719],[105.823056,21.6119002],[105.8233972,21.611755],[105.8239335,21.6115971],[105.8244825,21.6115147],[105.8250385,21.6115073],[105.8264762,21.611657],[105.8269752,21.6117326],[105.8274673,21.6118405],[105.8279484,21.6119794],[105.8284162,21.6121484],[105.8288704,21.6123471],[105.8298235,21.6128698],[105.8305602,21.6133621],[105.8310252,21.6137217],[105.8314824,21.6141187],[105.8324829,21.6151157],[105.8332052,21.6157334],[105.8335038,21.6159489],[105.8338213,21.6161396],[105.834339,21.6163807],[105.8348923,21.6165577],[105.8352732,21.6166368],[105.8356601,21.6166841],[105.8362272,21.6166912],[105.8369987,21.6166082],[105.8373874,21.6165245],[105.8376787,21.616397],[105.8379346,21.6162153],[105.838147,21.6159827],[105.8382565,21.6158063],[105.8383668,21.6155297],[105.8384446,21.6152437],[105.8384885,21.6149572],[105.8384936,21.6145317],[105.8384578,21.6142499],[105.8382433,21.6133532],[105.8379385,21.6123941],[105.8376557,21.6117767],[105.8374033,21.6113214],[105.8371204,21.6108819],[105.8368081,21.61046],[105.8356688,21.6091313],[105.8354335,21.6088047],[105.8351597,21.6083235],[105.8349574,21.6078366],[105.8343186,21.605772],[105.833978,21.6045181],[105.8336445,21.603149],[105.8335544,21.6026571],[105.8334836,21.6019283],[105.8334804,21.6013497],[105.8335343,21.601015],[105.8336055,21.6007992],[105.8337148,21.6005734],[105.8339356,21.6002643],[105.8342171,21.6000011],[105.8346011,21.5997606],[105.835237,21.5994266],[105.8357229,21.5992189],[105.8366433,21.5989002],[105.8372912,21.5987386],[105.8379972,21.598639],[105.8386426,21.5986162],[105.8391041,21.5986744],[105.8395547,21.5988141],[105.8397329,21.5989088],[105.8398943,21.5990266],[105.8400981,21.5992413],[105.8402038,21.5994054],[105.8406674,21.6002921],[105.8411438,21.6010145],[105.8416755,21.6016762],[105.8424152,21.6024484],[105.8432944,21.6032401],[105.844167,21.6039185],[105.844436,21.6040819],[105.8447206,21.6042207],[105.845012,21.6043316],[105.8453133,21.6044166],[105.848811,21.6050117],[105.8519914,21.6056098],[105.8536367,21.6057954],[105.8543283,21.6058366],[105.8551786,21.6057958],[105.8556747,21.6057319],[105.8561051,21.6056389],[105.8565224,21.6054912],[105.8567923,21.605361],[105.8571287,21.6051516],[105.8572722,21.6050193],[105.8573878,21.6048653],[105.857499,21.6046122],[105.8575357,21.6043569],[105.8575221,21.6041854],[105.8570373,21.6025099],[105.8568978,21.6018815],[105.8567737,21.6011546],[105.8565693,21.5994367],[105.8562509,21.5978883],[105.8561683,21.597208],[105.856167,21.5965246],[105.8562112,21.5960708],[105.8563474,21.5954684],[105.8564848,21.5950782],[105.8567621,21.59451],[105.8569909,21.5941523],[105.8574173,21.5936191],[105.8577446,21.5932786],[105.8582835,21.592812],[105.8600325,21.5915001],[105.8604383,21.5911427],[105.860973,21.590587],[105.8612959,21.5901907],[105.8621953,21.5889702],[105.8630853,21.5878753],[105.8637428,21.5871323],[105.8651135,21.5857047],[105.865275,21.5854743],[105.8654053,21.5852273],[105.8655023,21.5849674],[105.8655655,21.5846938],[105.865591,21.5842751],[105.8655616,21.5839967],[105.8654953,21.5837237],[105.8653388,21.5833229],[105.8650971,21.5828611],[105.8648887,21.5825454],[105.8646534,21.5822466],[105.8643673,21.5819403],[105.8638473,21.5814893],[105.8632687,21.581105],[105.8626413,21.5807939],[105.8606839,21.5800188],[105.8604349,21.579841],[105.8602455,21.5796081],[105.8601594,21.5794304],[105.8601103,21.5792506],[105.8600996,21.5789731],[105.8601348,21.5787906],[105.8605242,21.5778241],[105.8612028,21.5765139],[105.8616766,21.5753977],[105.8619715,21.5748688],[105.8623365,21.5743814],[105.8630534,21.5736497],[105.8636486,21.5729719],[105.8639987,21.5725129],[105.8653694,21.5705435],[105.865615,21.5702314],[105.8660681,21.5697553],[105.8664685,21.5694133],[105.8667271,21.5692446],[105.8670044,21.569104],[105.867278,21.5689992],[105.8675865,21.568948],[105.867883,21.5689554],[105.868274,21.569038],[105.8686702,21.56916],[105.8690536,21.5693135],[105.8695489,21.5695664],[105.8700251,21.5698495],[105.870457,21.5701448],[105.8710335,21.570606],[105.8713913,21.5709466],[105.8717251,21.571314],[105.8726585,21.5725262],[105.8728203,21.5726972],[105.8730984,21.5729203],[105.8733271,21.5730564],[105.8736992,21.5732097],[105.8755177,21.5737983],[105.8761104,21.5739406],[105.8766925,21.5739964],[105.8770469,21.5739914],[105.877369,21.5739565],[105.8779621,21.5738058],[105.8782817,21.5736784],[105.8785759,21.5735263],[105.8790166,21.5732028],[105.8793008,21.5729229],[105.8795732,21.5725462],[105.8798954,21.571939],[105.8800453,21.5717131],[105.8802398,21.571484],[105.8804626,21.5712785],[105.880843,21.571018],[105.8812627,21.5708089],[105.8818157,21.5706163],[105.8822179,21.5705457],[105.8826325,21.5705439],[105.8831727,21.5706505],[105.8839774,21.5710496],[105.8844807,21.5713437],[105.8852005,21.5718328],[105.8857812,21.5722784],[105.8886446,21.574732],[105.8889403,21.5749444],[105.8894151,21.5752103],[105.8897442,21.57535],[105.8902598,21.5755067],[105.8906708,21.5755863],[105.8911445,21.5756433],[105.8916217,21.5756641],[105.8935153,21.5756641],[105.8942108,21.5755834],[105.8945654,21.5754998],[105.8951003,21.575314],[105.8955544,21.5750832],[105.8959401,21.574801],[105.8962136,21.5744917],[105.8963458,21.5742782],[105.896448,21.5740508],[105.8965771,21.5735455],[105.8966041,21.5730648],[105.8965648,21.5725587],[105.8964218,21.5718491],[105.8963685,21.5714543],[105.8963401,21.5706804],[105.8962678,21.5701155],[105.8961789,21.5697453],[105.8957978,21.5685771],[105.8955595,21.5680909],[105.8952372,21.5676233],[105.8942144,21.5665772],[105.894018,21.5663253],[105.89359,21.5655675],[105.893321,21.5651802],[105.8924091,21.5641599],[105.8917826,21.5633568],[105.8914149,21.5628207],[105.8908552,21.5618743],[105.8906678,21.5614654],[105.8904566,21.5608586],[105.8903181,21.5602486],[105.8902634,21.5597381],[105.8902487,21.5592251],[105.8902742,21.5587126],[105.8903396,21.5582031],[105.8905066,21.5574691],[105.8909228,21.55623],[105.8911282,21.5557334],[105.8914121,21.555144],[105.8926377,21.5528768],[105.8928694,21.5525995],[105.8931499,21.5523871],[105.893444,21.5522477],[105.8937621,21.5521661],[105.8956359,21.5520882],[105.8968306,21.5520713],[105.8974751,21.552086],[105.8984086,21.5521617],[105.8992747,21.5522904],[105.899561,21.5523457],[105.9010041,21.5527449],[105.9017824,21.5528882],[105.9021784,21.5529355],[105.9024476,21.552942],[105.9027153,21.5529145],[105.9029728,21.5528546],[105.9031713,21.5527199],[105.9033322,21.5525054],[105.9034698,21.5520434],[105.9035332,21.5517214],[105.9035871,21.5509356],[105.9035481,21.5505842],[105.9034397,21.5502456],[105.9032415,21.5498976],[105.9029702,21.5495951],[105.902195,21.5489579],[105.9013497,21.5483215],[105.8974106,21.545457],[105.8968126,21.544972],[105.8965209,21.5446252],[105.8963692,21.5443675],[105.8962648,21.5441222],[105.8961677,21.5437373],[105.8961439,21.5434744],[105.8961785,21.542905],[105.8962471,21.5423341],[105.8963502,21.5417635],[105.8964872,21.5411991],[105.896624,21.5408024],[105.8967065,21.5406457],[105.8968145,21.540503],[105.89703,21.5403145],[105.8973724,21.5401473],[105.8976459,21.5400614],[105.8979092,21.5400099],[105.898177,21.5399866],[105.8991109,21.5400077],[105.8993134,21.5400355],[105.8995074,21.5400963],[105.8996895,21.54019],[105.8998504,21.5403128],[105.900591,21.5411741],[105.9014118,21.5420324],[105.9016094,21.5421846],[105.9019314,21.542367],[105.902153,21.5424557],[105.9024387,21.5425306],[105.9027865,21.5425856],[105.9031483,21.542609],[105.9035208,21.5425979],[105.9038901,21.5425513],[105.9041983,21.5424821],[105.9044963,21.5423816],[105.9048044,21.5422386],[105.9051969,21.5419813],[105.9053878,21.5418],[105.9057462,21.5413812],[105.9058819,21.5412743],[105.9061233,21.5411698],[105.9066153,21.5410793],[105.9068268,21.541002],[105.9070256,21.5408997],[105.9080476,21.540276],[105.9083119,21.5400426],[105.9085424,21.5397617],[105.9087396,21.5394197],[105.9089085,21.5390056],[105.9090156,21.5385671],[105.9090561,21.5381054],[105.9090372,21.5378531],[105.9089887,21.5376043],[105.9088601,21.5372402],[105.9086636,21.5368939],[105.908407,21.5365835],[105.9065678,21.5350099],[105.9062559,21.534651],[105.9060842,21.5343879],[105.9059473,21.5341176],[105.9058415,21.5338355],[105.9057301,21.5333797],[105.9056818,21.5330456],[105.9056849,21.5324502],[105.9057946,21.5318846],[105.905897,21.5315862],[105.9060421,21.5312714],[105.9065831,21.5303959],[105.9068191,21.5299717],[105.9073635,21.5287107],[105.9075509,21.5284001],[105.9077027,21.5282239],[105.9081334,21.5278409],[105.9083829,21.5275739],[105.9096937,21.5257661],[105.9100322,21.5253397],[105.9104007,21.5249353],[105.9107886,21.5245629],[105.9111924,21.5242225],[105.911619,21.523907],[105.9123135,21.5234451],[105.9125698,21.52318],[105.9127151,21.5229047],[105.9128281,21.5224742],[105.9129675,21.5221624],[105.9130899,21.5219755],[105.9134308,21.521553],[105.9136467,21.5211774],[105.9141737,21.5198015],[105.9144381,21.5192287],[105.9147867,21.5186354],[105.9152689,21.5179809],[105.9157026,21.517471],[105.915929,21.5172422],[105.91618,21.5170368],[105.9164406,21.516859],[105.9166138,21.5167026],[105.9167594,21.5165028],[105.9168461,21.5162958],[105.9169606,21.5161007],[105.9172475,21.5157742],[105.9177522,21.5154298],[105.9181166,21.5152402],[105.9186567,21.5150323],[105.9192224,21.5148953],[105.919603,21.5148485],[105.9201702,21.5148425],[105.9205607,21.5148787],[105.9209597,21.5149507],[105.9244412,21.5160087],[105.925434,21.5163358],[105.9257206,21.5163978],[105.926013,21.5164279],[105.926528,21.516403],[105.9267948,21.5163473],[105.9270926,21.5162437],[105.9272253,21.5161285],[105.9272892,21.5160228],[105.9273221,21.5159054],[105.9273219,21.5157841],[105.9271288,21.5147261],[105.9267204,21.5135214],[105.9264099,21.5128397],[105.925895,21.5119613],[105.9254793,21.5113329],[105.9248006,21.5104241],[105.9239209,21.509396],[105.9229875,21.5085326],[105.922622,21.5082814],[105.922215,21.5080934],[105.9219189,21.5080042],[105.9216135,21.5079486],[105.9211311,21.5079087],[105.9209171,21.5078564],[105.9207113,21.5077759],[105.9200584,21.5073624],[105.9193626,21.5068364],[105.9186476,21.5062019],[105.9171295,21.5046297],[105.9168216,21.5042689],[105.9162736,21.5035421],[105.9156063,21.5027251],[105.9152839,21.5022603],[105.9150964,21.5019345],[105.9148843,21.5014747],[105.9147102,21.5010012],[105.9145884,21.5005736],[105.9144947,21.5001322],[105.9144312,21.4996786],[105.9143293,21.498276],[105.9143498,21.4980685],[105.9144003,21.4978656],[105.9144795,21.4976718],[105.9145853,21.4974907],[105.9147906,21.4972478],[105.9154612,21.4966589],[105.9164214,21.4960449],[105.9167147,21.4959049],[105.917153,21.4957547],[105.919286,21.4952613],[105.9197587,21.4951963],[105.9203478,21.4952054],[105.9207106,21.4952807],[105.9208685,21.4953563],[105.9212258,21.495652],[105.9227514,21.4972678],[105.9231897,21.4976809],[105.9236553,21.4980674],[105.9241462,21.4984258],[105.9246719,21.4987613],[105.9255014,21.4992036],[105.9261038,21.499465],[105.9270698,21.4998183],[105.928058,21.5001112],[105.928892,21.5003062],[105.9293926,21.5003698],[105.9300148,21.5003698],[105.9304408,21.5003036],[105.9308035,21.5001715],[105.931015,21.5000551],[105.9312312,21.4999026],[105.9315713,21.4996057],[105.9318907,21.4992373],[105.9321499,21.4988301],[105.9329352,21.4971465],[105.93304,21.496854],[105.9331036,21.4965671],[105.9331306,21.4962908],[105.9331251,21.4960133],[105.9330806,21.4957159],[105.9329385,21.4954036],[105.9328124,21.4952813],[105.9326768,21.4952022],[105.9322719,21.4950429],[105.9319552,21.4948187],[105.9316672,21.4946724],[105.9307766,21.4943878],[105.930385,21.4942081],[105.9301595,21.4940567],[105.9299569,21.4938794],[105.9297036,21.4935715],[105.9290043,21.4923742],[105.9287437,21.492008],[105.9283872,21.4916339],[105.9272649,21.4907378],[105.9267176,21.4902585],[105.926217,21.4897795],[105.9255409,21.4890605],[105.9239209,21.4870853],[105.9220484,21.4847327],[105.9216622,21.4841339],[105.9213481,21.4834997],[105.9211797,21.4830579],[105.9210455,21.4826028],[105.9210141,21.482368],[105.9210209,21.4821314],[105.921102,21.4817849],[105.9212043,21.4815626],[105.9213451,21.4813532],[105.9215195,21.4811669],[105.921723,21.4810083],[105.9220006,21.4808707],[105.9223446,21.4807564],[105.9226997,21.4806772],[105.9230638,21.4806338],[105.9234329,21.4806273],[105.9238004,21.4806581],[105.9241623,21.4807259],[105.9245086,21.4808246],[105.9250045,21.4810304],[105.925202,21.4811586],[105.9254425,21.4813929],[105.9256073,21.4816514],[105.9257574,21.4820346],[105.9258735,21.482483],[105.9263876,21.4862691],[105.9264518,21.4864681],[105.9265457,21.4866566],[105.9266674,21.4868307],[105.9268207,21.4869927],[105.926998,21.4871319],[105.9273004,21.4872913],[105.9289098,21.4877542],[105.9293067,21.4879139],[105.9298216,21.4881779],[105.9301224,21.4883054],[105.9304347,21.4884032],[105.9307551,21.4884706],[105.9310812,21.4885073],[105.9314096,21.4885129],[105.9321499,21.488448],[105.932861,21.4882945],[105.9330763,21.4882187],[105.9332977,21.4881073],[105.9335929,21.487889],[105.9342527,21.487285],[105.934815,21.4868734],[105.9354173,21.486514],[105.9363931,21.4860221],[105.9366404,21.4858255],[105.9367664,21.4856717],[105.9368599,21.4855086],[105.9370395,21.4849415],[105.9372426,21.4845098],[105.9374174,21.4842409],[105.9376875,21.483902],[105.9377948,21.4837114],[105.9378898,21.4834015],[105.9379009,21.4830803],[105.937828,21.4827663],[105.9376753,21.4824781],[105.937452,21.482233],[105.9371299,21.4819993],[105.9363985,21.4815445],[105.9355564,21.4811167],[105.9352666,21.4809905],[105.934875,21.4808707],[105.9343617,21.480748],[105.934124,21.480646],[105.9339761,21.480545],[105.933672,21.4802757],[105.9333258,21.4800656],[105.9330567,21.4798606],[105.9328151,21.4796277],[105.9326073,21.4793744],[105.9324322,21.4791005],[105.9322921,21.4788098],[105.9319788,21.4779382],[105.9319271,21.4776527],[105.9319438,21.4773515],[105.9319961,21.4771519],[105.9322236,21.4766688],[105.9323806,21.4762082],[105.9324464,21.475881],[105.9325517,21.47502],[105.9326573,21.4744953],[105.9327936,21.4739768],[105.9329359,21.4737143],[105.933064,21.4735585],[105.9332143,21.4734228],[105.9334737,21.4732622],[105.933665,21.4731862],[105.9339734,21.4731207],[105.9341858,21.4731106],[105.934486,21.47314],[105.934656,21.4731902],[105.9348634,21.4733137],[105.9349712,21.4734207],[105.9350547,21.473545],[105.9355348,21.474456],[105.9356032,21.4746218],[105.9357548,21.475135],[105.9358435,21.4758735],[105.9359228,21.4761105],[105.9369633,21.4779038],[105.9371094,21.4781168],[105.9372865,21.4783082],[105.9374924,21.4784754],[105.9377235,21.4786143],[105.9379754,21.478713],[105.9383715,21.4788104],[105.9386529,21.4788411],[105.9389463,21.4788408],[105.9392376,21.4788077],[105.9398639,21.4786892],[105.9427297,21.4779904],[105.9449729,21.4773845],[105.9459905,21.4770428],[105.9469696,21.4766285],[105.9475994,21.4763131],[105.9482783,21.4759361],[105.9492613,21.4753191],[105.9502215,21.4746243],[105.9505337,21.4743762],[105.9507354,21.4741356],[105.9508666,21.4738561],[105.95091,21.4736618],[105.9509193,21.4734689],[105.9508717,21.4731831],[105.9506249,21.4723494],[105.9503816,21.4714046],[105.9501743,21.4704524],[105.9499061,21.4691594],[105.9497913,21.4683554],[105.9497151,21.4675475],[105.9496845,21.4665209],[105.949764,21.4650285],[105.9497291,21.4641794],[105.9496057,21.4633234],[105.9493482,21.4621951],[105.9492873,21.4617473],[105.9492624,21.4612965],[105.949274,21.4608362],[105.9493858,21.4596689],[105.9494738,21.457955],[105.9496044,21.4568866],[105.9497965,21.4558317],[105.9498118,21.455571],[105.9497961,21.4553104],[105.9496792,21.4548175],[105.9492007,21.4537498],[105.9488332,21.4530537],[105.9481452,21.4519451],[105.9477496,21.4509817],[105.9472872,21.4501541],[105.9472293,21.4499681],[105.9472079,21.4497904],[105.9472346,21.4495237],[105.9473789,21.448943],[105.9475886,21.4482779],[105.94773,21.448014],[105.9479374,21.4477812],[105.9481604,21.447605],[105.9485268,21.4473804],[105.9490779,21.4471042],[105.9494501,21.4468226],[105.9497297,21.4465213],[105.9501904,21.4458464],[105.9507275,21.4451347],[105.9516454,21.4440274],[105.9531948,21.4423557],[105.9542164,21.4412004],[105.95541,21.4399171],[105.9557563,21.4395854],[105.9561246,21.439275],[105.956529,21.4389764],[105.9569702,21.4386937],[105.9574312,21.4384399],[105.9583039,21.4380445],[105.9597465,21.4375251],[105.9599058,21.4374568],[105.9603099,21.4372359],[105.960637,21.4370045],[105.9608074,21.436854],[105.9609534,21.4366828],[105.9610721,21.4364942],[105.9611615,21.4362914],[105.9612193,21.4360788],[105.9612443,21.4358608],[105.9612362,21.4356416],[105.9611845,21.4353802],[105.9610905,21.4350802],[105.9609673,21.4347934],[105.9608168,21.434522],[105.9606393,21.4342651],[105.9601579,21.4337329],[105.9598517,21.4334658],[105.9595244,21.4332284],[105.9591753,21.4330196],[105.9587713,21.4328165],[105.9585672,21.4326797],[105.9583878,21.4325213],[105.9581683,21.4322509],[105.9579018,21.4317272],[105.9576484,21.4310684],[105.9574646,21.4303898],[105.9573412,21.4295908],[105.9573214,21.4291793],[105.9573322,21.4287675],[105.9574106,21.4281239],[105.9575814,21.427434],[105.9578609,21.4266525],[105.9580182,21.4261066],[105.9581336,21.4255745],[105.9582888,21.4245741],[105.9583606,21.4238378],[105.9583891,21.4232764],[105.9583769,21.4228993],[105.9582961,21.42235],[105.9580493,21.4215509],[105.957942,21.4212713],[105.957833,21.4210655],[105.9572554,21.4201876],[105.9569268,21.4196249],[105.9566928,21.419179],[105.9565058,21.4186808],[105.9564279,21.4183462],[105.9563774,21.4178495],[105.9563857,21.4175168],[105.9564838,21.4166318],[105.9564469,21.4163461],[105.9563852,21.4161593],[105.9562951,21.4159827],[105.9558552,21.4153435],[105.9546605,21.4138857],[105.9544638,21.4135288],[105.9543532,21.4131461],[105.9543613,21.412799],[105.9544092,21.4126105],[105.9548914,21.4114961],[105.9555286,21.4101701],[105.9557283,21.4095823],[105.9561192,21.4081757],[105.9562898,21.4077673],[105.9564528,21.4074932],[105.9566477,21.4072377],[105.9576228,21.4062166],[105.9582874,21.4055895],[105.9585482,21.4052527],[105.9586866,21.4050081],[105.9588709,21.404573],[105.9591952,21.4039112],[105.9592728,21.4035024],[105.9592494,21.4032023],[105.9587681,21.4019788],[105.958595,21.4016498],[105.9583551,21.4013595],[105.9581573,21.4011892],[105.9578186,21.4009849],[105.9574928,21.40086],[105.9571544,21.4007682],[105.9566999,21.4007],[105.9564158,21.4006877],[105.9560645,21.4007227],[105.9557211,21.4008201],[105.9555088,21.4009256],[105.9552222,21.4011297],[105.95507,21.4013006],[105.9550041,21.4014357],[105.9549703,21.4015807],[105.9549701,21.4017291],[105.9550054,21.4018792],[105.9551219,21.4020819],[105.9553761,21.4023096],[105.9555052,21.4024659],[105.9556523,21.4027354],[105.9557148,21.4029382],[105.9557426,21.4031475],[105.9557645,21.4038997],[105.9557346,21.4042343],[105.9556599,21.4046487],[105.9555662,21.4048863],[105.9554689,21.4050373],[105.9551507,21.405368],[105.9548329,21.4058615],[105.9545672,21.4061505],[105.9543685,21.4063116],[105.9540485,21.4065049],[105.9537479,21.4066303],[105.9535135,21.4066675],[105.9533551,21.4066556],[105.9532024,21.4066146],[105.9530604,21.4065455],[105.9529352,21.4064505],[105.9528331,21.4063339],[105.9525869,21.4059623],[105.9520917,21.4054274],[105.9516604,21.4049136],[105.9512579,21.404531],[105.9509649,21.4043086],[105.9506518,21.4041114],[105.9495467,21.4035221],[105.9491862,21.4032984],[105.9481387,21.4025824],[105.9471926,21.4018316],[105.9469488,21.4015812],[105.9465144,21.4010529],[105.9462637,21.4008051],[105.9459042,21.4005254],[105.9456227,21.4003593],[105.9453228,21.4002239],[105.9450084,21.4001208],[105.944531,21.4000309],[105.9443825,21.4000422],[105.9442405,21.400084],[105.9440639,21.4001916],[105.9437576,21.4005784],[105.9434956,21.4007651],[105.9431204,21.4009137],[105.942855,21.4009697],[105.9425837,21.4009899],[105.942212,21.4009585],[105.941971,21.4009001],[105.9417738,21.4008265],[105.9415568,21.4006879],[105.9414377,21.4005676],[105.9413476,21.4004362],[105.9412635,21.4002285],[105.9411951,21.3999247],[105.9410119,21.3996014],[105.9409533,21.399442],[105.9408506,21.3985079],[105.9407775,21.3982266],[105.9406686,21.3979432],[105.9406612,21.3978298],[105.9406847,21.3977184],[105.940995,21.3970425],[105.9412549,21.3963636],[105.9414091,21.3961973],[105.9416675,21.3960571],[105.9417757,21.3959227],[105.9418135,21.3958196],[105.9418787,21.3953586],[105.9419476,21.3951285],[105.9422185,21.3945471],[105.9424317,21.3942055],[105.9426769,21.3938879],[105.9430986,21.3934604],[105.9434143,21.3932085],[105.9439996,21.392798],[105.9442455,21.3925659],[105.944554,21.392177],[105.9447831,21.3917547],[105.9449387,21.3912702],[105.9450542,21.39068],[105.9451066,21.3899534],[105.9451198,21.3892971],[105.9450607,21.3880319],[105.9449333,21.3871943],[105.9447494,21.3864724],[105.9443781,21.3854571],[105.9442026,21.3849026],[105.9440636,21.3843372],[105.9439621,21.3837631],[105.9438819,21.3828935],[105.9438014,21.3804268],[105.9436931,21.3795652],[105.9435713,21.3789981],[105.9433198,21.3781767],[105.9429882,21.3773876],[105.9427231,21.3768793],[105.9409685,21.3739941],[105.9405456,21.3734654],[105.9400565,21.3729889],[105.9397169,21.3727183],[105.9392,21.3723786],[105.9386462,21.3720936],[105.938261,21.3719421],[105.9376582,21.3717816],[105.9372452,21.3717205],[105.9368344,21.3716969],[105.936228,21.3717289],[105.935829,21.3717941],[105.9298282,21.3731716],[105.9289109,21.37334],[105.9271485,21.3735797],[105.9263788,21.3737207],[105.9256241,21.3739269],[105.9246339,21.374292],[105.9241084,21.3744582],[105.9233837,21.3746298],[105.9228101,21.3746988],[105.9224033,21.3747054],[105.9219767,21.3746749],[105.9214172,21.3745773],[105.9211474,21.3744985],[105.9208884,21.3743929],[105.9205313,21.37419],[105.9203202,21.3740308],[105.920049,21.3737803],[105.919781,21.3735953],[105.9189534,21.3732526],[105.9187018,21.3731007],[105.9184706,21.3729229],[105.9182426,21.3728057],[105.9178752,21.3726831],[105.917606,21.3726375],[105.9173327,21.3726268],[105.9170604,21.3726512],[105.9167943,21.3727103],[105.9165394,21.372803],[105.9161834,21.3730047],[105.9158805,21.3732712],[105.915032,21.3742367],[105.9147649,21.3744688],[105.9144759,21.3746768],[105.9140962,21.3748959],[105.9136265,21.3751208],[105.9131421,21.3753319],[105.9124495,21.3755908],[105.9120467,21.3757105],[105.9115365,21.3758243],[105.9112318,21.3758347],[105.9110311,21.3758027],[105.9107565,21.375703],[105.9104493,21.3754861],[105.9098978,21.3749253],[105.9094798,21.3743879],[105.9091069,21.3739538],[105.9088684,21.3735811],[105.9081776,21.372008],[105.9077264,21.3713162],[105.9075412,21.3709913],[105.9069157,21.3696708],[105.9063784,21.3683817],[105.9059194,21.3671273],[105.9055471,21.3659286],[105.9051189,21.3642861],[105.9049469,21.3637708],[105.9046348,21.3630303],[105.904389,21.3625519],[105.9030747,21.3604836],[105.9026232,21.359721],[105.9010805,21.357008],[105.9007734,21.3565488],[105.9004532,21.3561352],[105.8999547,21.3555879],[105.8993232,21.3550204],[105.8988928,21.3547219],[105.8985976,21.3545545],[105.8976138,21.3540637],[105.8970378,21.3537001],[105.8966771,21.3534283],[105.8961739,21.3529782],[105.8957201,21.3524799],[105.895539,21.3521811],[105.8954641,21.351963],[105.8954287,21.3517429],[105.8954305,21.351527],[105.8954679,21.3513138],[105.89554,21.3511086],[105.895645,21.3509161],[105.8958166,21.3506817],[105.8960115,21.3504637],[105.8962405,21.3502535],[105.8965049,21.3500567],[105.8967903,21.3498872],[105.8970934,21.3497469],[105.8973509,21.349667],[105.8977237,21.349597],[105.8982487,21.3495771],[105.8988488,21.3496183],[105.8994761,21.3497364],[105.9000841,21.3499282],[105.9006704,21.3501802],[105.9012295,21.3504795],[105.9017319,21.350812],[105.902517,21.3514056],[105.9028606,21.3516107],[105.9032053,21.3517829],[105.9037819,21.3520104],[105.9042283,21.3521486],[105.9049147,21.3523],[105.9054006,21.3523649],[105.9061356,21.3523992],[105.9068462,21.3523606],[105.907603,21.3522441],[105.9078922,21.3521392],[105.9080653,21.3520331],[105.9082194,21.351899],[105.9083485,21.3517395],[105.908446,21.3515616],[105.9085089,21.3513707],[105.9085484,21.3511284],[105.9085411,21.3507612],[105.9084906,21.3505078],[105.90841,21.3502613],[105.9082332,21.3499084],[105.907727,21.349244],[105.9071395,21.3483119],[105.9066426,21.3476321],[105.9060588,21.3469352],[105.9054253,21.3462863],[105.9047523,21.3456925],[105.9041852,21.3452502],[105.9036809,21.3449304],[105.9026688,21.3444615],[105.9019952,21.3441996],[105.8999366,21.3435564],[105.8979544,21.3430218],[105.8975171,21.3429337],[105.8970746,21.3428724],[105.8966043,21.3428371],[105.8961081,21.3428327],[105.8951415,21.3428991],[105.8946741,21.3429668],[105.8941892,21.3430704],[105.8937138,21.3432066],[105.893115,21.3434318],[105.8925304,21.3436873],[105.8919943,21.343955],[105.8910316,21.3445257],[105.8894862,21.3455845],[105.8892077,21.3457399],[105.8888267,21.3459142],[105.8883056,21.3460913],[105.8880503,21.3461396],[105.8877902,21.3461538],[105.8874025,21.3461108],[105.8871534,21.3460402],[105.8869176,21.3459375],[105.8866997,21.3458049],[105.886504,21.3456449],[105.8860593,21.3450669],[105.8856814,21.3444646],[105.8849924,21.3432126],[105.8842188,21.3419975],[105.8834017,21.3408731],[105.8825793,21.3398559],[105.8818745,21.3388248],[105.8813056,21.338059],[105.8811829,21.3378297],[105.8810957,21.3375867],[105.8810459,21.3373348],[105.8810344,21.3370788],[105.8810898,21.3366959],[105.8812308,21.3363313],[105.8815896,21.3358627],[105.8818585,21.3355718],[105.8822001,21.3352564],[105.8825694,21.3349692],[105.8841646,21.3339133],[105.884648,21.3334931],[105.8851161,21.3329882],[105.8855209,21.3324378],[105.885753,21.332049],[105.8869829,21.3295728],[105.88734,21.3289882],[105.8877639,21.3284438],[105.8880812,21.3281064],[105.8886396,21.3276159],[105.8890445,21.3273242],[105.8896946,21.326944],[105.8903879,21.3266373],[105.890924,21.326524],[105.8914715,21.3264774],[105.8918393,21.3264839],[105.8923862,21.3265503],[105.8961749,21.3273229],[105.8965767,21.3273446],[105.8969749,21.3272911],[105.897365,21.3271596],[105.8976088,21.3270293],[105.8978305,21.3268686],[105.8981126,21.3265773],[105.8991563,21.3248561],[105.8993428,21.3244388],[105.8994254,21.3241473],[105.8994842,21.3237006],[105.8994646,21.323252],[105.8993674,21.3228122],[105.8990827,21.3220717],[105.8988637,21.3213703],[105.8987422,21.3208564],[105.8986516,21.3203371],[105.898574,21.3195513],[105.8984939,21.3169531],[105.8983809,21.3156833],[105.8981889,21.3144676],[105.8976151,21.311841],[105.8974859,21.3109822],[105.8974367,21.3104059],[105.8974169,21.3097858],[105.8974427,21.3093217],[105.8975562,21.308633],[105.8977421,21.3080048],[105.8979014,21.3076125],[105.8980908,21.3072319],[105.8984291,21.3066876],[105.8990896,21.3058634],[105.8996683,21.3052432],[105.9011435,21.3039988],[105.9019948,21.3033937],[105.9028723,21.3028732],[105.9037386,21.3024472],[105.9045153,21.3021437],[105.9055292,21.3018576],[105.9063698,21.3017015],[105.9072396,21.3016201],[105.9078283,21.3016083],[105.9084042,21.3016287],[105.9092448,21.3017157],[105.9103302,21.3019144],[105.9106815,21.3020146],[105.9109083,21.3021174],[105.9112179,21.3023195],[105.9124566,21.3034801],[105.9130557,21.3039543],[105.9136959,21.3043606],[105.9141433,21.3045941],[105.914607,21.3047979],[105.9153523,21.3050595],[105.915879,21.3051667],[105.9162351,21.305202],[105.9165931,21.3052083],[105.9167926,21.3051908],[105.9169862,21.3051423],[105.9171681,21.3050641],[105.9173334,21.3049584],[105.9174826,21.3048222],[105.9176039,21.3046637],[105.9176934,21.3044878],[105.9177484,21.3043],[105.9177625,21.3040088],[105.9176094,21.3033071],[105.9172947,21.3023025],[105.9162479,21.2985747],[105.9161157,21.2979216],[105.916061,21.2972581],[105.9160682,21.2968142],[105.9161103,21.2963719],[105.9161518,21.29611],[105.9162269,21.2958547],[105.9163999,21.2954922],[105.9165537,21.2952687],[105.9167354,21.2950641],[105.9169422,21.2948815],[105.9171713,21.2947235],[105.9175831,21.2945144],[105.9179214,21.2943794],[105.9184231,21.2942372],[105.9192202,21.294121],[105.91981,21.2940681],[105.9204018,21.2940427],[105.9210812,21.2940476],[105.922097,21.2941227],[105.9281997,21.2951871],[105.9286291,21.295228],[105.9290607,21.2952305],[105.9297037,21.2951623],[105.9301022,21.2950752],[105.9304906,21.2949548],[105.9307729,21.2948436],[105.9309474,21.2947463],[105.9311738,21.2945562],[105.9313038,21.2943925],[105.9314463,21.2940944],[105.9314988,21.2937719],[105.9314766,21.293349],[105.9313989,21.2928832],[105.9313064,21.292554],[105.9311338,21.2921364],[105.9309482,21.2918635],[105.9306695,21.2915851],[105.9303368,21.2913641],[105.9299634,21.2912094],[105.9280447,21.2907918],[105.9274336,21.2905927],[105.9268098,21.2903255],[105.9257738,21.2898023],[105.9249714,21.2893079],[105.9241998,21.2887346],[105.9239464,21.2884863],[105.9237187,21.2882173],[105.9234236,21.2877696],[105.9232597,21.2874371],[105.9231318,21.2870912],[105.9230411,21.2867352],[105.9228619,21.28575],[105.9227127,21.2847594],[105.9225935,21.2837643],[105.9225047,21.2827664],[105.9224462,21.2816454],[105.9223304,21.2782801],[105.9223078,21.276093],[105.9223598,21.2744299],[105.9224952,21.2726374],[105.9225655,21.2720565],[105.9226689,21.2714799],[105.9228051,21.2709093],[105.9229786,21.2703362],[105.9233045,21.2695154],[105.9235558,21.2690072],[105.9238396,21.268514],[105.9243238,21.2678064],[105.9267855,21.2646605],[105.9279061,21.263357],[105.9285488,21.2625193],[105.9290962,21.2616791],[105.9309268,21.2585814],[105.9326756,21.2558517],[105.9350037,21.252112],[105.9355616,21.2513021],[105.9359944,21.2507384],[105.9375787,21.2489022],[105.9377554,21.2486699],[105.938089,21.2481926],[105.9383951,21.2476996],[105.938813,21.2468916],[105.9389517,21.2464176],[105.9389949,21.2460923],[105.938985,21.2456081],[105.9388876,21.2451324],[105.9386185,21.2445383],[105.9382868,21.2439724],[105.9378699,21.2434088],[105.9376401,21.2431368],[105.9372047,21.2425759],[105.9366644,21.241777],[105.9362569,21.2410636],[105.9359962,21.2404825],[105.9357441,21.239718],[105.9355587,21.238779],[105.9355474,21.2383143],[105.9356235,21.2378749],[105.9357779,21.2374643],[105.9359224,21.2372071],[105.9360981,21.2369674],[105.93642,21.2366377],[105.9369642,21.2361849],[105.9376324,21.235735],[105.9382719,21.235259],[105.9393628,21.2343143],[105.9399973,21.233843],[105.9404789,21.2335359],[105.9410172,21.2332373],[105.941932,21.2328261],[105.9423029,21.2327146],[105.94267,21.232641],[105.9430289,21.2326022],[105.9435688,21.2326435],[105.9439623,21.2327422],[105.945923,21.2334423],[105.9476053,21.2341075],[105.9482811,21.2343366],[105.9493482,21.2346173],[105.9498115,21.2347017],[105.9502796,21.2347592],[105.951215,21.2348123],[105.951772,21.2347734],[105.9521267,21.2347049],[105.9524624,21.2346065],[105.9529424,21.2344023],[105.9532324,21.2342354],[105.9535041,21.2340435],[105.9538721,21.2337129],[105.9542018,21.2333147],[105.9543888,21.2330175],[105.9545419,21.2327041],[105.955919,21.2289893],[105.9561337,21.2284689],[105.9563894,21.2280459],[105.9567082,21.2276619],[105.9570836,21.2273247],[105.9575075,21.2270418],[105.9576961,21.2269632],[105.9578959,21.2269138],[105.9582049,21.2268968],[105.9585355,21.226957],[105.9587417,21.2270408],[105.9589291,21.2271568],[105.959149,21.2274019],[105.9593273,21.2276899],[105.9596814,21.2286472],[105.9598294,21.2289471],[105.9600121,21.2292299],[105.9602272,21.229492],[105.9604742,21.2297321],[105.9608432,21.2300201],[105.9610978,21.2301732],[105.9613687,21.2302995],[105.9616582,21.230399],[105.9619634,21.2304688],[105.962275,21.2305059],[105.9626473,21.2305156],[105.9630773,21.2304953],[105.9637141,21.2303971],[105.9641046,21.2302946],[105.964598,21.2301083],[105.9651145,21.2298579],[105.9655779,21.2295343],[105.9662733,21.2288752],[105.9664355,21.228657],[105.966568,21.228422],[105.9667118,21.2280261],[105.9667614,21.2277511],[105.9668316,21.2266454],[105.9668971,21.2263806],[105.9669994,21.2261249],[105.9672187,21.2257688],[105.9674048,21.2255567],[105.9677988,21.2252259],[105.9680861,21.2250336],[105.9685707,21.2247818],[105.9689204,21.2246472],[105.9712582,21.223868],[105.9727102,21.2234315],[105.9733286,21.2232785],[105.9739554,21.2231587],[105.9745931,21.2230721],[105.9754019,21.2230112],[105.9760257,21.2230117],[105.9767149,21.2230723],[105.9770904,21.2231341],[105.9775198,21.2232633],[105.9777194,21.2233609],[105.977922,21.22346],[105.9781705,21.2236279],[105.9784985,21.2239236],[105.9787605,21.2242627],[105.9788954,21.2245116],[105.979031,21.2249016],[105.9790778,21.2251716],[105.9791716,21.2261914],[105.9792817,21.2268168],[105.9797108,21.228562],[105.9799468,21.229342],[105.9802029,21.2300582],[105.9807086,21.2313422],[105.9809983,21.2318022],[105.9812104,21.232053],[105.9814489,21.2322822],[105.9822214,21.2328823],[105.9829187,21.2332623],[105.9839197,21.233649],[105.9880012,21.2345783],[105.9892955,21.2351119],[105.9903178,21.2357712],[105.9909994,21.2366805],[105.991435,21.237986],[105.9915761,21.2393837],[105.9913641,21.2412052],[105.9906758,21.2427476],[105.989012,21.2451106],[105.9876683,21.2477727],[105.9874451,21.2482702],[105.9872447,21.2488051],[105.9870768,21.2493497],[105.986942,21.2499022],[105.986837,21.2504868],[105.9867689,21.2510762],[105.9867349,21.2516507],[105.9867366,21.2522085],[105.9867779,21.252765],[105.9869068,21.253561],[105.9870349,21.2540737],[105.9872907,21.2548263],[105.987703,21.255748],[105.9880502,21.2564085],[105.9884334,21.2570515],[105.9911706,21.2612129],[105.9915984,21.2619109],[105.9921345,21.2628973],[105.9923036,21.26316],[105.9924931,21.2634019],[105.9928107,21.2637256],[105.9930044,21.2638582],[105.9932156,21.2639653],[105.9935564,21.2640739],[105.9938002,21.2641103],[105.9940535,21.2641145],[105.994305,21.2640852],[105.9946674,21.2639798],[105.9950423,21.2637822],[105.9954583,21.2634726],[105.9957963,21.2631206],[105.996201,21.2626358],[105.9967321,21.2619109],[105.9975047,21.2606351],[105.9977597,21.2602669],[105.9980452,21.2599187],[105.9983596,21.2595928],[105.9988843,21.2591476],[105.9992691,21.2588818],[105.9996758,21.2586458],[106.0001016,21.2584414],[106.0007107,21.2582067],[106.0013164,21.2580482],[106.0019498,21.2579614],[106.0025954,21.2579514],[106.003441,21.2580512],[106.0065758,21.2584214],[106.0080174,21.258485],[106.0091241,21.2584489],[106.0098674,21.258383],[106.0106064,21.2582837],[106.0129306,21.2575888],[106.0247581,21.2531547],[106.0269753,21.2518719],[106.0309098,21.2486358],[106.0333378,21.2471174],[106.0349817,21.2461154],[106.0354935,21.2457221],[106.0357944,21.245211],[106.0358666,21.2446062],[106.0357069,21.243968],[106.0345599,21.241956],[106.0334638,21.2388396],[106.0332182,21.2367887],[106.0333009,21.2352316],[106.0338708,21.2325554],[106.0347627,21.2299035],[106.0349655,21.2290566],[106.03504,21.2273064],[106.0345051,21.2215422],[106.0342317,21.2185957],[106.0344058,21.2148785],[106.0350901,21.2120691],[106.0363084,21.2093613],[106.0364163,21.2091742],[106.0367425,21.2087165],[106.0368322,21.2085868],[106.0369155,21.2084853],[106.037525,21.207595],[106.0379285,21.2069937],[106.0384488,21.2061025],[106.0387279,21.2056144],[106.039498,21.2044737],[106.0404824,21.2029971],[106.0409342,21.2022714],[106.0416905,21.2017227],[106.0424406,21.2014007],[106.0431869,21.2013055],[106.0439271,21.2014399],[106.0446573,21.2017829],[106.0461959,21.2024776],[106.0465815,21.2027118],[106.0469126,21.2030363],[106.0471078,21.2033889],[106.0471716,21.2038787],[106.0470646,21.2043839],[106.0468331,21.2047037],[106.046534,21.2050633],[106.0453337,21.2062285],[106.0448053,21.2068286],[106.0443842,21.2073687],[106.0439574,21.2079707],[106.0433094,21.2089661],[106.0430889,21.2093581],[106.0429014,21.2097543],[106.0427459,21.2101521],[106.0426186,21.2105585],[106.0424223,21.211428],[106.0423184,21.212098],[106.0422645,21.2126858],[106.042258,21.2131887],[106.0422878,21.2136909],[106.0423861,21.2143957],[106.0424753,21.2148027],[106.0426702,21.2153987],[106.0429358,21.2159704],[106.0431557,21.2163423],[106.0434056,21.2166973],[106.0436841,21.2170333],[106.0441516,21.2174975],[106.0445675,21.2178417],[106.0455204,21.2185293],[106.0458553,21.2187959],[106.046311,21.2192413],[106.0467012,21.2197299],[106.0469237,21.2200767],[106.0473008,21.220799],[106.0475478,21.2213546],[106.0479788,21.2224515],[106.048222,21.2229711],[106.048506,21.2235022],[106.0493846,21.2248175],[106.0497885,21.2253103],[106.0502207,21.2257817],[106.0506578,21.2262012],[106.0511234,21.2265932],[106.0516155,21.2269559],[106.052132,21.2272879],[106.0525917,21.2275403],[106.0529908,21.2277125],[106.0536164,21.2279069],[106.0540584,21.2279458],[106.054494,21.2279099],[106.0558587,21.2276469],[106.0576343,21.2273419],[106.0591479,21.2270014],[106.0598145,21.2268158],[106.0604234,21.2266463],[106.0605727,21.2266047],[106.0618597,21.2261783],[106.0631532,21.22567],[106.0639965,21.2252917],[106.0649949,21.2248091],[106.0664642,21.2240365],[106.0673367,21.2235275],[106.0678941,21.2231544],[106.0686904,21.2225463],[106.0692108,21.2220938],[106.0699416,21.2213685],[106.0703936,21.2208561],[106.0724622,21.2182616],[106.0725367,21.2181682],[106.0730339,21.2175883],[106.0737491,21.2168956],[106.0740427,21.2167272],[106.074366,21.2166155],[106.074728,21.2165638],[106.0750936,21.2165833],[106.0754699,21.2166804],[106.0758254,21.2168563],[106.0787936,21.2192597],[106.0792479,21.2195649],[106.0797412,21.2198122],[106.0800975,21.219946],[106.0804756,21.2200519],[106.0808625,21.2201248],[106.0812551,21.2201641],[106.0815996,21.2201711],[106.0818928,21.2201464],[106.0823214,21.2200485],[106.0826002,21.2199411],[106.0829866,21.2197221],[106.0832173,21.219541],[106.0862333,21.216289],[106.0866344,21.2158304],[106.087077,21.2152578],[106.0872054,21.2150171],[106.0873037,21.2147645],[106.0873921,21.2143701],[106.0874106,21.2141021],[106.0873963,21.2138338],[106.0873142,21.2134386],[106.0871597,21.2130428],[106.0869877,21.2126942],[106.0857278,21.2104685],[106.0855829,21.2100564],[106.0855117,21.2096279],[106.0855169,21.2091842],[106.0855644,21.2088914],[106.0855904,21.2088098],[106.0857,21.208466],[106.0858317,21.2081967],[106.0859947,21.2079426],[106.0866005,21.2073377],[106.0870372,21.2069651],[106.0875067,21.2066127],[106.0880085,21.2062835],[106.0888016,21.2058484],[106.0889913,21.2057587],[106.0900384,21.2052638],[106.090883,21.2049131],[106.0917393,21.2045955],[106.0930477,21.2041796],[106.0943806,21.2038379],[106.0977419,21.2031162],[106.101092,21.2024533],[106.1029466,21.2021209],[106.1051724,21.2017938],[106.1066366,21.2016163],[106.1088003,21.2014],[106.1125054,21.2010126],[106.1132768,21.2008884],[106.1140421,21.2007348],[106.1152401,21.2004317],[106.1164458,21.2000455],[106.1174529,21.1996504],[106.118092,21.199324],[106.1197558,21.1983084],[106.12019,21.1981232],[106.1204946,21.1980363],[106.120805,21.1979802],[106.12112,21.1979547],[106.1215935,21.1979744],[106.1222541,21.1980813],[106.1225375,21.1981849],[106.1225666,21.1981992],[106.1228069,21.1983171],[106.123182,21.1985695],[106.1234102,21.1987747],[106.1236114,21.1990031],[106.123912,21.1994335],[106.124146,21.1998108],[106.1243466,21.2002046],[106.1245125,21.200612],[106.1246405,21.2010221],[106.1247665,21.2016517],[106.1248118,21.2022907],[106.1245059,21.2068271],[106.1245108,21.2074065],[106.1245902,21.2082724],[106.1246908,21.2088442],[106.124829,21.2094092],[106.1250041,21.2099638],[106.1252154,21.2105073],[106.1254623,21.2110377],[106.1257438,21.2115529],[106.1260588,21.2120508],[106.1264062,21.2125298],[106.1268164,21.2130227],[106.1274837,21.2137217],[106.1279613,21.2141586],[106.1287236,21.2147673],[106.129546,21.2153226],[106.1301338,21.2156644],[106.1307412,21.2159751],[106.1316848,21.2163805],[106.1322018,21.2165176],[106.1327286,21.2166178],[106.1332619,21.2166805],[106.1340412,21.2167043],[106.1348186,21.2166483],[106.1353312,21.2165669],[106.135836,21.2164507],[106.1363304,21.2163005],[106.1376339,21.2158173],[106.1389482,21.2153603],[106.1400654,21.2149989],[106.1404628,21.2148703],[106.1419898,21.2144151],[106.1464476,21.2129799],[106.147512,21.2125735],[106.1485377,21.2120886],[106.1495183,21.2115282],[106.1504418,21.2109001],[106.1510193,21.2104496],[106.1515705,21.2099714],[106.1523446,21.209205],[106.1530514,21.2083839],[106.1538933,21.2072549],[106.1544865,21.206393],[106.1578986,21.2009646],[106.1588851,21.1992856],[106.1597299,21.1977362],[106.1602354,21.1969486],[106.1606097,21.1964459],[106.1610023,21.1959746],[106.1643433,21.1922346],[106.1649175,21.1914847],[106.1654591,21.190714],[106.1662196,21.1895034],[106.1666822,21.1886733],[106.169601,21.1829387],[106.1700086,21.1822861],[106.1703139,21.1818708],[106.1708869,21.1812105],[106.1713068,21.1808013],[106.1717548,21.1804189],[106.1723881,21.1799626],[106.1727192,21.1797766],[106.1730657,21.179617],[106.1743599,21.1791711],[106.1752045,21.1788095],[106.1754691,21.1786795],[106.1774902,21.1775031],[106.1780488,21.177214],[106.1786247,21.1769558],[106.1795133,21.1766298],[106.180346,21.1763947],[106.1810354,21.1762655],[106.1814821,21.1762207],[106.1819115,21.1762057],[106.1829364,21.1762314],[106.1840057,21.1762137],[106.1847361,21.1762488],[106.1850388,21.1762923],[106.1853348,21.1763658],[106.1857581,21.17653],[106.1861126,21.1767282],[106.1864032,21.1769712],[106.1865683,21.1771656],[106.1867056,21.1773837],[106.1868089,21.1776176],[106.1871347,21.1790214],[106.1872977,21.1794348],[106.187454,21.1797071],[106.1877483,21.1800801],[106.1880802,21.1803805],[106.1884357,21.1806563],[106.1890089,21.1810204],[106.1894117,21.1812268],[106.1900444,21.1814812],[106.1904818,21.1816127],[106.1911547,21.1817507],[106.1922394,21.181884],[106.1955535,21.1821309],[106.19663,21.1820801],[106.1974267,21.181951],[106.1982214,21.1817399],[106.1987413,21.1815537],[106.199491,21.1812105],[106.2028119,21.1795539],[106.2036032,21.179122],[106.204619,21.1785211],[106.2057094,21.1780576],[106.2085462,21.1769187],[106.2092075,21.1766982],[106.2098802,21.1765098],[106.2105624,21.176354],[106.2115216,21.1761926],[106.2126693,21.1760826],[106.2133246,21.1760771],[106.2137604,21.1761084],[106.2142448,21.1761764],[106.2166357,21.1767136],[106.217105,21.1767977],[106.2177962,21.1768609],[106.2184464,21.1768562],[106.2190727,21.1767829],[106.2196412,21.1766205],[106.2201762,21.1763785],[106.2205041,21.1761784],[106.2208086,21.1759483],[106.2212146,21.1755523],[106.2214113,21.175286],[106.2215447,21.1750323],[106.2216514,21.1747678],[106.2217612,21.1743453],[106.221803,21.1739124],[106.2217697,21.1733479],[106.2216647,21.172939],[106.2214792,21.1725334],[106.2212152,21.1721555],[106.2210015,21.17193],[106.2182096,21.1694299],[106.2176852,21.1689292],[106.2171882,21.1684048],[106.2167076,21.1678429],[106.2162584,21.1672587],[106.2158418,21.166654],[106.2148159,21.1650026],[106.2145224,21.1646071],[106.2142046,21.1642278],[106.2138639,21.1638662],[106.2094581,21.1595802],[106.2088657,21.1589408],[106.2085058,21.1584882],[106.2080567,21.15783],[106.2076825,21.1571689],[106.2075599,21.1568383],[106.2075275,21.1566067],[106.2075551,21.1562579],[106.2076235,21.1560333],[106.2077293,21.1558229],[106.2078701,21.1556312],[106.2080422,21.1554632],[106.2083488,21.1552649],[106.2086976,21.1551411],[106.209686,21.1549916],[106.2102685,21.1549446],[106.2127808,21.1548568],[106.2157594,21.1546586],[106.2173438,21.1546174],[106.2185152,21.1546235],[106.2202707,21.1546907],[106.2220216,21.1548276],[106.2237602,21.1550621],[106.2242721,21.1551537],[106.2250256,21.1553479],[106.225561,21.1555314],[106.2260813,21.1557493],[106.2265841,21.1560006],[106.2278408,21.1567295],[106.2288077,21.1573841],[106.2297106,21.1580879],[106.230266,21.1585722],[106.2310552,21.1593401],[106.2328577,21.1613612],[106.2353682,21.1641227],[106.236242,21.1649527],[106.2375989,21.1661537],[106.2389973,21.1672908],[106.2404215,21.1683548],[106.2413393,21.1689792],[106.2419762,21.1693614],[106.2426317,21.1697155],[106.2433496,21.1700612],[106.2440851,21.1703731],[106.2452173,21.170776],[106.2479544,21.1716429],[106.2485649,21.1718155],[106.2491837,21.1719602],[106.2501465,21.1721272],[106.2511652,21.1722297],[106.2520661,21.1722479],[106.252501,21.1722075],[106.2529313,21.1721366],[106.25333,21.1720425],[106.2537204,21.1719222],[106.2541008,21.1717764],[106.2543496,21.1716366],[106.2545763,21.1714672],[106.2547767,21.1712712],[106.2549444,21.1710565],[106.2550806,21.1708233],[106.2554848,21.1699256],[106.2559941,21.1689766],[106.2563753,21.1683648],[106.2572164,21.1671274],[106.2575915,21.1665756],[106.2578521,21.1660356],[106.2580291,21.1654601],[106.2581159,21.1648636],[106.2581141,21.1645128],[106.2580383,21.1640676],[106.2578755,21.1635921],[106.2576339,21.1631467],[106.2572685,21.1626753],[106.2569174,21.1623002],[106.2562466,21.1616614],[106.255938,21.1612851],[106.2557702,21.1610106],[106.255635,21.1607209],[106.2555037,21.1602974],[106.2554547,21.160007],[106.2554357,21.1597003],[106.2554473,21.1593801],[106.255818,21.155641],[106.2559963,21.1544069],[106.2563109,21.1529765],[106.2563905,21.1527656],[106.256492,21.152497],[106.2567517,21.1520501],[106.2569654,21.1517758],[106.2573346,21.1514125],[106.2577597,21.1511069],[106.2580691,21.1509389],[106.2583955,21.1508017],[106.259275,21.1505122],[106.2599711,21.1502429],[106.2609164,21.1498059],[106.2615038,21.1494893],[106.2620735,21.1491457],[106.2629774,21.1485274],[106.2638781,21.147827],[106.2647292,21.1470745],[106.265837,21.1459936],[106.2666039,21.1451179],[106.2672976,21.1441905],[106.2677189,21.1435436],[106.2682858,21.1425339],[106.2686171,21.1418397],[106.2689101,21.1411306],[106.2691641,21.1404085],[106.2701592,21.1372466],[106.2705636,21.1362151],[106.2708807,21.1355451],[106.2712099,21.1349348],[106.2715706,21.1343402],[106.2719618,21.1337626],[106.2725369,21.1330225],[106.273042,21.1325141],[106.2734118,21.1322064],[106.2737494,21.1319719],[106.2740512,21.1318125],[106.2743696,21.1316843],[106.2746885,21.1315915],[106.2750032,21.1315317],[106.2753228,21.1315013],[106.2756922,21.1315003],[106.2761083,21.131535],[106.276417,21.1315848],[106.2767953,21.1316913],[106.2773177,21.1319098],[106.2776094,21.1320057],[106.277916,21.1321065],[106.2785304,21.1322427],[106.2792309,21.1323398],[106.2799358,21.1324029],[106.2809553,21.1324334],[106.282796,21.1323479],[106.2840238,21.1322271],[106.2848821,21.132104],[106.2857789,21.1319405],[106.2866676,21.1317427],[106.2875469,21.1315107],[106.289019,21.1310767],[106.2900292,21.1307024],[106.2906855,21.1304156],[106.2913217,21.1301022],[106.2922374,21.129584],[106.2931114,21.1290065],[106.294014,21.1283265],[106.2950101,21.1274931],[106.2956395,21.1269033],[106.2961443,21.126386],[106.2966801,21.1257741],[106.2971833,21.1251386],[106.2978745,21.1241444],[106.2982912,21.1234566],[106.2986443,21.1228042],[106.2989406,21.1221923],[106.2993336,21.1212543]]}},{"type":"Feature","properties":{"id":2},"geometry":{"type":"LineString","coordinates":[[106.6119022,21.6840299],[106.6113603,21.6837009],[106.6108507,21.6835463],[106.6103572,21.6835314],[106.6100675,21.6834915],[106.6099173,21.6833719],[106.6097403,21.6828784],[106.6097457,21.6825045],[106.6095955,21.6821207],[106.6093414,21.681663],[106.609397,21.6812782],[106.6094828,21.6810389],[106.6097564,21.6807598],[106.6101534,21.6805654],[106.6106093,21.6802663],[106.6109508,21.6798834],[106.6110278,21.6795833],[106.6108722,21.6793241],[106.6105699,21.6791606],[106.6086352,21.6791098],[106.608367,21.6789702],[106.6080237,21.6784717],[106.6075712,21.6781985],[106.606788,21.6779642],[106.6064232,21.6778296],[106.6062749,21.6777887],[106.6061944,21.6775544],[106.6062588,21.6771606],[106.6064554,21.6767479],[106.6067791,21.6764777],[106.606924,21.6762783],[106.6068918,21.676029],[106.6066718,21.6756352],[106.6063017,21.6752164],[106.6057687,21.6747289],[106.6056185,21.6746691],[106.6054093,21.6747289],[106.6052771,21.674703],[106.6050303,21.6745135],[106.6048461,21.6743401],[106.6046065,21.674344],[106.6043311,21.6745195],[106.6040326,21.6745983],[106.6028183,21.674694],[106.6025573,21.6746531],[106.6024179,21.6745534],[106.6022838,21.6740051],[106.6024393,21.6735564],[106.6025144,21.6726989],[106.6025091,21.6721556],[106.6025895,21.6715224],[106.6025895,21.6713579],[106.6024876,21.6711485],[106.6017259,21.6705004],[106.6013807,21.6701575],[106.6010231,21.6696031],[106.6006476,21.6693638],[106.5997517,21.6690198],[106.5994567,21.6687905],[106.5993065,21.6684365],[106.5994513,21.6675541],[106.5996284,21.6667714],[106.5999985,21.6661433],[106.6000843,21.6658242],[106.6000522,21.6653755],[106.599825,21.6644941],[106.5995407,21.6639058],[106.5994192,21.6637303],[106.5987325,21.6633165],[106.5980459,21.6630772],[106.5972895,21.6625038],[106.5968711,21.6623493],[106.5963507,21.6622346],[106.5958464,21.6620701],[106.5955621,21.6618158],[106.5953958,21.6614918],[106.595133,21.6613272],[106.5941137,21.6605196],[106.5934164,21.6598365],[106.5927565,21.6591834],[106.5925849,21.6590588],[106.5924221,21.6591047],[106.5923703,21.6592632],[106.5924704,21.6597478],[106.5923416,21.6599123],[106.5920573,21.6600719],[106.5920109,21.6602105],[106.5920431,21.6604099],[106.5922147,21.6606143],[106.5929389,21.6611976],[106.5932232,21.6614868],[106.5934306,21.6618617],[106.5936041,21.6623393],[106.5936505,21.6630981],[106.5936309,21.6632766],[106.5934754,21.6633963],[106.5932428,21.6633773],[106.592896,21.6631918],[106.5925849,21.6629575],[106.5919358,21.6626584],[106.5914744,21.6622795],[106.5912491,21.6620103],[106.5912204,21.661767],[106.5902084,21.6606442],[106.5895111,21.6599363],[106.5890336,21.6595524],[106.5886635,21.6591735],[106.588068,21.6588394],[106.5875673,21.6584366],[106.5872454,21.6580228],[106.5869469,21.6576229],[106.5865714,21.6573437],[106.5864032,21.6573846],[106.5862369,21.6576887],[106.5859169,21.6582112],[106.585815,21.6584705],[106.5857667,21.6588195],[106.5858579,21.6591585],[106.5858901,21.6596072],[106.5858453,21.6599821],[106.5859687,21.6604558],[106.5859633,21.66072],[106.5858828,21.6609344],[106.5856004,21.6613223],[106.585359,21.6614519],[106.5851157,21.661398],[106.5848582,21.6612684],[106.584431,21.6612026],[106.5838623,21.6609683],[106.5833366,21.6606193],[106.5829378,21.6602563],[106.5824622,21.6597319],[106.5820974,21.6591037],[106.5815288,21.6584356],[106.581164,21.6580666],[106.5808905,21.6576877],[106.5805525,21.6571094],[106.5803808,21.6564712],[106.5801818,21.6560566],[106.5795762,21.6553644],[106.5792168,21.6548907],[106.5786052,21.6543672],[106.5781921,21.6540381],[106.5777737,21.6538437],[106.5772837,21.6537101],[106.5768921,21.6536652],[106.5765989,21.6535146],[106.5763629,21.6533052],[106.5759587,21.6525334],[106.5757084,21.6521983],[106.5753651,21.6518992],[106.5748769,21.651615],[106.5744049,21.6514654],[106.5736646,21.6513906],[106.5732818,21.6512221],[106.5729243,21.6508123],[106.5726507,21.6501441],[106.5724469,21.6493613],[106.5723216,21.648749],[106.5721679,21.6484339],[106.5719963,21.6481946],[106.5716886,21.6479413],[106.5712237,21.6478107],[106.5707463,21.6476461],[106.5702743,21.6473619],[106.5698808,21.6470189],[106.5694803,21.6469232],[106.5687991,21.6470079],[106.5684986,21.6469979],[106.56815,21.6468085],[106.5677369,21.6463049],[106.5676028,21.6457664],[106.5676135,21.6452378],[106.5676116,21.6448948],[106.5673238,21.6445398],[106.5668177,21.6441319],[106.5665514,21.6441209],[106.566292,21.6442516],[106.5661222,21.6442007],[106.5660417,21.6439564],[106.565677,21.6434628],[106.5653173,21.6429048],[106.5651242,21.6423264],[106.5651456,21.6420572],[106.5650491,21.6418677],[106.5639976,21.6410699],[106.5638903,21.6406211],[106.5636962,21.6404396],[106.5632144,21.640282],[106.5625385,21.6401624],[106.5622059,21.6402222],[106.5619795,21.6403598],[106.5615407,21.6407807],[106.5613798,21.6408305],[106.5610257,21.6407707],[106.5606824,21.6403618],[106.5605215,21.6398133],[106.5605644,21.6393047],[106.5608648,21.638826],[106.5618401,21.6382855],[106.5619688,21.6380162],[106.5618733,21.6377789],[106.5616587,21.6376094],[106.5609292,21.6374797],[106.5607575,21.6373102],[106.5603713,21.6371606],[106.5600601,21.637011],[106.5597597,21.636642],[106.5592662,21.6363428],[106.5584294,21.6361334],[106.5582255,21.6361832],[106.5580646,21.6363528],[106.5580217,21.6367018],[106.5579144,21.6368414],[106.5575496,21.6369212],[106.5570883,21.6368614],[106.5567771,21.6366719],[106.5562289,21.636261],[106.5562085,21.6360636],[106.5562729,21.6358043],[106.556241,21.6355295],[106.556139,21.6352951],[106.5558708,21.6351406],[106.5556012,21.6349645],[106.5554256,21.6346469],[106.5554148,21.6344125],[106.5555168,21.6341482],[106.5556348,21.6339239],[106.5556562,21.6337593],[106.5555758,21.6336197],[106.555447,21.6335299],[106.554932,21.6333055],[106.5546155,21.6332108],[106.5543527,21.6329964],[106.5538538,21.6325625],[106.5535105,21.6322833],[106.5534515,21.6321686],[106.5534407,21.6317647],[106.5533764,21.6314056],[106.5531832,21.6311762],[106.5526897,21.630902],[106.5511877,21.6297301],[106.5508873,21.6297351],[106.5505708,21.6296154],[106.5503723,21.6293461],[106.550324,21.629017],[106.5501577,21.6287278],[106.5499324,21.6285233],[106.5498037,21.6282191],[106.5496374,21.6272766],[106.549691,21.6269774],[106.550029,21.6266333],[106.5500933,21.6263441],[106.5500343,21.6261446],[106.5498573,21.6259502],[106.5497768,21.6255263],[106.5497554,21.6251323],[106.5496052,21.6248979],[106.5493316,21.6247982],[106.5490473,21.6248132],[106.5482051,21.6250126],[106.5480227,21.6250176],[106.5478564,21.6249428],[106.5471536,21.6242746],[106.5467245,21.623731],[106.5463972,21.6231475],[106.5460164,21.6229431],[106.545673,21.6228932],[106.5451849,21.6224943],[106.5450025,21.6220803],[106.5448416,21.621841],[106.5444231,21.6216315],[106.5442998,21.621432],[106.5443802,21.6210331],[106.5443319,21.6208635],[106.5441603,21.6208037],[106.5433127,21.6204496],[106.5428728,21.6200806],[106.5422291,21.6194472],[106.5416927,21.6188188],[106.5409899,21.6177317],[106.5405339,21.6173327],[106.5401852,21.6170534],[106.5394771,21.6169088],[106.5391821,21.6167442],[106.5385813,21.6162954],[106.5382704,21.6158316],[106.5380558,21.6151483],[106.5380076,21.6147394],[106.5381149,21.6146446],[106.5385116,21.6145399],[106.5389032,21.6140611],[106.5390051,21.6137718],[106.5389353,21.6136472],[106.5383402,21.6135973],[106.5378252,21.6132931],[106.5377179,21.6128642],[106.5374979,21.6126198],[106.5369025,21.6124402],[106.5363231,21.6123954],[106.535438,21.6124502],[106.5341559,21.6121659],[106.5332708,21.612146],[106.5330347,21.6123056],[106.5328255,21.6123904],[106.5324715,21.6123056],[106.5322569,21.6119515],[106.5322998,21.6113829],[106.5325412,21.610979],[106.5329972,21.6107645],[106.534113,21.6104902],[106.5344349,21.6102907],[106.5344617,21.6101211],[106.5343919,21.6099765],[106.5332601,21.6091237],[106.5325021,21.6088828],[106.5321174,21.608585],[106.5318278,21.6085302],[106.5309158,21.6087496],[106.5306959,21.6087297],[106.5305349,21.608595],[106.5299556,21.6079317],[106.5295962,21.6077272],[106.5286145,21.6065352],[106.5281585,21.605822],[106.528019,21.605418],[106.5276006,21.6048344],[106.5272358,21.6042509],[106.5271393,21.603792],[106.5269086,21.6027646],[106.5267208,21.6025801],[106.5263453,21.6022708],[106.5259215,21.6021162],[106.5254495,21.6016972],[106.5245697,21.6011935],[106.5242961,21.6011237],[106.5240762,21.6011586],[106.5238348,21.6012733],[106.523588,21.6012533],[106.5234324,21.600994],[106.5235666,21.6008094],[106.5236577,21.60057],[106.5236041,21.6003456],[106.5236417,21.600161],[106.5239313,21.5997271],[106.523985,21.5992882],[106.5239635,21.5988243],[106.5237919,21.598555],[106.5234324,21.5983655],[106.523293,21.5979664],[106.5232447,21.5975325],[106.5233412,21.5971634],[106.5235435,21.5968975],[106.5236846,21.5962955],[106.52347,21.5950336],[106.5235236,21.594854],[106.5239099,21.5944899],[106.5239726,21.5943338],[106.5236041,21.5933477],[106.5225044,21.5917415],[106.5220913,21.5914123],[106.5216085,21.5910682],[106.5213403,21.5907489],[106.5213242,21.5905195],[106.5214476,21.5903798],[106.5218285,21.5903299],[106.5221611,21.5901304],[106.5225795,21.5898261],[106.5227887,21.5892974],[106.5228102,21.5889981],[106.5227817,21.5888171],[106.522601,21.5887038],[106.5222511,21.5887405],[106.5214656,21.5883654],[106.5208215,21.5874046],[106.5201917,21.5861477],[106.5196467,21.586128],[106.519123,21.5858845],[106.5189461,21.5853317],[106.5190805,21.5838773],[106.5188045,21.5832718],[106.5171555,21.5821991],[106.516738,21.582107],[106.51637,21.5822189],[106.5159807,21.5821267],[106.5155844,21.5815213],[106.5154216,21.5801524],[106.5152518,21.5798299],[106.5151937,21.5796174],[106.5151676,21.579484],[106.5151796,21.5793331],[106.5155773,21.5780727],[106.5157684,21.5770987],[106.516285,21.5764274],[106.5163204,21.5759733],[106.5159595,21.5755324],[106.515457,21.5754797],[106.5150465,21.5754271],[106.514353,21.5754534],[106.5135674,21.5754139],[106.5128172,21.5756969],[106.5122652,21.5763287],[106.5117485,21.5764011],[106.5109134,21.5759272],[106.5099155,21.574736],[106.5101703,21.5743082],[106.5102552,21.5733802],[106.5101349,21.5727484],[106.5101774,21.5716888],[106.5096607,21.5715111],[106.509222,21.5713202],[106.508232,21.5711545],[106.5076621,21.571047],[106.5067803,21.5712478],[106.5057329,21.5712544],[106.5052021,21.5711557],[106.5049048,21.5706094],[106.5044024,21.5701619],[106.5034965,21.5685428],[106.5032275,21.5667657],[106.5030081,21.5664103],[106.5023783,21.566384],[106.5022084,21.5664761],[106.5016352,21.566746],[106.5011256,21.5674502],[106.5010336,21.5681018],[106.5014724,21.5687666],[106.5015432,21.5689706],[106.5011751,21.569767],[106.500524,21.5700434],[106.4997809,21.5700631],[106.4990944,21.5697736],[106.4986203,21.5681413],[106.4994341,21.5663906],[106.4993209,21.566101],[106.498684,21.5658838],[106.4980258,21.565943],[106.4964759,21.566226],[106.4952657,21.5660022],[106.4944801,21.5656863],[106.494013,21.5653901],[106.4933831,21.5650676],[106.4931071,21.5646661],[106.4929372,21.5639421],[106.4931495,21.5635143],[106.4937652,21.5630668],[106.4941757,21.5628298],[106.4947914,21.5618426],[106.494756,21.5614345],[106.4944729,21.5611581],[106.4934751,21.5610923],[106.4930222,21.5609146],[106.4923782,21.5610528],[106.4921092,21.5614016],[106.4919394,21.5618887],[106.4918049,21.562277],[106.4914369,21.5625205],[106.4908071,21.5626916],[106.4906443,21.5628891],[106.4905736,21.5635143],[106.4904037,21.5639619],[106.4899366,21.5641593],[106.4887123,21.5643897],[106.4885425,21.56462],[106.4880896,21.5645937],[106.4875447,21.5645279],[106.4857118,21.5648964],[106.4844875,21.565186],[106.483893,21.5649491],[106.4829588,21.5641922],[106.4821804,21.5630799],[106.4822936,21.5623691],[106.4825342,21.5613885],[106.4821309,21.5609014],[106.4814727,21.5606776],[106.480765,21.5606316],[106.4802343,21.5600655],[106.4802201,21.5596048],[106.479862,21.5587817],[106.4790013,21.5583814],[106.4780405,21.5585676],[106.4770197,21.5587537],[106.4762691,21.5584559],[106.4751782,21.5575344],[106.4743575,21.5565198],[106.4739372,21.5564174],[106.4732959,21.5563471],[106.4721953,21.5552956],[106.4709446,21.5545976],[106.4690435,21.5532483],[106.4686133,21.5530622],[106.4671525,21.5529691],[106.466322,21.5523456],[106.466182,21.5515267],[106.4657617,21.5507729],[106.4646111,21.5504472],[106.4636806,21.5505681],[106.4629102,21.5502704],[106.4624299,21.5503448],[106.4617595,21.5508101],[106.460759,21.5511358],[106.4601786,21.5515453],[106.4601447,21.5519269],[106.4596502,21.5526496],[106.458968,21.552876],[106.4584477,21.5525131],[106.4575372,21.552206],[106.4570669,21.5518245],[106.4561864,21.5498795],[106.4556261,21.5492001],[106.4551158,21.5472458],[106.4544855,21.5465106],[106.453665,21.545701],[106.4528346,21.5456451],[106.4524244,21.545822],[106.451824,21.5471435],[106.4515539,21.5474692],[106.4510936,21.5474506],[106.4504233,21.5469294],[106.448242,21.5454683],[106.4470814,21.5447424],[106.4466211,21.5437094],[106.4465111,21.5421459],[106.4465011,21.5415968],[106.4456906,21.5411222],[106.4436395,21.540936],[106.442779,21.5413828],[106.4420386,21.542211],[106.4416384,21.543393],[106.4407279,21.5443329],[106.4401075,21.5451333],[106.4397974,21.5452077],[106.4393471,21.5448727],[106.4386267,21.543151],[106.4381465,21.542695],[106.4375561,21.5426671],[106.4368357,21.5427601],[106.4360153,21.5432162],[106.4353049,21.5441375],[106.4340442,21.5453101],[106.4333638,21.5456731],[106.4330737,21.5455149],[106.4324933,21.5434581],[106.4320431,21.5422855],[106.4316529,21.5411036],[106.4314027,21.5409546],[106.4307324,21.5407778],[106.430162,21.5409546],[106.4298919,21.5415875],[106.4293516,21.5420435],[106.4286112,21.5423134],[106.4278608,21.5422297],[106.4272204,21.5418574],[106.4269703,21.5412711],[106.4274706,21.5388606],[106.4280809,21.5382836],[106.4285311,21.5365897],[106.4277207,21.5350727],[106.4272504,21.5351099],[106.4265501,21.5356311],[106.42639,21.5362733],[106.4257996,21.5371761],[106.4250792,21.5373994],[106.4236184,21.5373064],[106.4223477,21.5373343],[106.4213472,21.5370458],[106.419296,21.5358079],[106.4186757,21.5349796],[106.4188358,21.5343654],[106.4188258,21.5339186],[106.4184956,21.53296],[106.4181954,21.5327552],[106.4171849,21.5327924],[106.4167246,21.5325877],[106.4165845,21.5322526],[106.4160943,21.5320199],[106.4152338,21.5323643],[106.4139231,21.5334067],[106.4124623,21.5352681],[106.4121221,21.5353705],[106.4116518,21.5350355],[106.4107713,21.5335556],[106.410161,21.5330623],[106.4091704,21.5333509],[106.4082299,21.5340954],[106.4069692,21.5361988],[106.4062888,21.5363384],[106.4057986,21.5360872],[106.4055684,21.5357056],[106.4055885,21.5345794],[106.4053183,21.5341048],[106.4050081,21.5339186],[106.4040976,21.5338535],[106.4032472,21.534626],[106.4028469,21.5347749],[106.4015462,21.5344677],[106.4011212,21.5342441],[106.4008458,21.5339279],[106.3999653,21.5333881],[106.3991649,21.5335836],[106.3983745,21.5334253],[106.397484,21.532839],[106.3967336,21.5319641],[106.395723,21.531173],[106.395683,21.5306518],[106.3951327,21.5298793],[106.3935918,21.5281667],[106.3927514,21.5265565],[106.3931316,21.5260911],[106.3941321,21.5257653],[106.3951227,21.5251975],[106.3953528,21.5243505],[106.3963834,21.5235128],[106.3969937,21.5223401],[106.3969737,21.5218188],[106.3965234,21.521493],[106.3961232,21.5215582],[106.395743,21.5217164],[106.3954829,21.5223401],[106.3942622,21.5234011],[106.3936919,21.5233546],[106.3928814,21.5242761],[106.3924212,21.5243226],[106.3916708,21.5236432],[106.3914506,21.5229544],[106.3918809,21.521372],[106.3919409,21.5207484],[106.3914106,21.51992],[106.3908803,21.5188868],[106.3899898,21.5185424],[106.3891994,21.5185703],[106.3887291,21.5181049],[106.3885791,21.5175092],[106.3887191,21.5169693],[106.3897897,21.5157871],[106.3898397,21.5152566],[106.3892995,21.5147446],[106.3882088,21.5138882],[106.3870282,21.5138231],[106.3840966,21.5128829],[106.3835363,21.5124361],[106.383146,21.5114587],[106.3821455,21.5091595],[106.3818954,21.5068881],[106.3814351,21.5062737],[106.3806447,21.5060038],[106.3786736,21.5055942],[106.3769926,21.5056687],[106.3763223,21.5053522],[106.3761822,21.5048495],[106.3766224,21.5043002],[106.3774729,21.5032483],[106.3784434,21.5025594],[106.3797542,21.5012375],[106.3800944,21.5006231],[106.3800543,21.5000739],[106.3795941,21.4995525],[106.3782734,21.4990126],[106.377623,21.4989102],[106.3767225,21.4990964],[106.3753017,21.5000459],[106.3748114,21.500167],[106.3742011,21.5000925],[106.3737609,21.4998132],[106.3735007,21.4992267],[106.3731805,21.4966108],[106.3730004,21.4963035],[106.3725702,21.4960987],[106.3702789,21.4949816],[106.3689182,21.4947023],[106.3669426,21.4947714],[106.3657328,21.4944752],[106.3639994,21.4938564],[106.3631221,21.4934285],[106.3626552,21.4929728],[106.3626608,21.4927601],[106.3626417,21.4925036],[106.3625631,21.4921512],[106.3621922,21.491211],[106.3619587,21.4908251],[106.3615109,21.4902797],[106.3613041,21.4899868],[106.3610592,21.4895536],[106.3609037,21.4892017],[106.3608387,21.4888977],[106.3608488,21.4887283],[106.3608959,21.4885499],[106.3609788,21.4883831],[106.3610934,21.4882356],[106.3619019,21.4875763],[106.3622994,21.4873178],[106.3629785,21.4869584],[106.3633579,21.4867259],[106.3636044,21.4865573],[106.3639062,21.4862894],[106.364074,21.4860995],[106.3650048,21.4848341],[106.3656566,21.4840529],[106.3660777,21.4834115],[106.3669896,21.4815587],[106.3671315,21.4811801],[106.3672558,21.4805905],[106.367426,21.4801054],[106.3676012,21.4798074],[106.3678233,21.4794998],[106.3680758,21.4792132],[106.3684863,21.4788215],[106.3687465,21.4785245],[106.36891,21.4782552],[106.3690476,21.4778515],[106.3693473,21.4760734],[106.3697335,21.4746258],[106.3698296,21.4741479],[106.3698631,21.4737974],[106.3698649,21.4734177],[106.3697886,21.4724067],[106.3697188,21.4720631],[106.3696182,21.4717254],[106.3695135,21.4714934],[106.3694141,21.471347],[106.3692212,21.4711488],[106.3690024,21.4709929],[106.3687626,21.4708667],[106.3684321,21.4707523],[106.368202,21.470707],[106.3673274,21.4706697],[106.3669622,21.4706797],[106.3664234,21.4707553],[106.3655684,21.4710057],[106.3652247,21.4710814],[106.3648577,21.4711296],[106.364302,21.4711413],[106.3634234,21.4710514],[106.3629255,21.4709699],[106.362518,21.4708693],[106.3619308,21.4706518],[106.361575,21.4704726],[106.3612521,21.4702731],[106.3607949,21.4699181],[106.3603601,21.4695015],[106.3601008,21.4692014],[106.3599569,21.4689431],[106.359871,21.4686552],[106.3597872,21.4680653],[106.3596399,21.46606],[106.3595924,21.4657545],[106.3595116,21.4654551],[106.3593898,21.465146],[106.3592327,21.4648511],[106.359044,21.4646095],[106.3588035,21.4644117],[106.3585172,21.4642653],[106.3565632,21.4637283],[106.3560868,21.4635308],[106.3556074,21.4632672],[106.3552639,21.4630412],[106.3549219,21.4627757],[106.3545876,21.4624684],[106.3541043,21.4619605],[106.3538508,21.461743],[106.3528919,21.4610468],[106.3526629,21.4608398],[106.3523688,21.4604983],[106.3521494,21.460129],[106.3520053,21.4597302],[106.3519419,21.4593272],[106.3520014,21.4590798],[106.3520794,21.4589572],[106.3521849,21.4588539],[106.352669,21.4585801],[106.3528812,21.4584158],[106.3530803,21.4582138],[106.3538253,21.4572325],[106.3542867,21.4566634],[106.3545477,21.456263],[106.3548441,21.4556411],[106.3553635,21.4542027],[106.3555271,21.4535695],[106.3556358,21.4528315],[106.3556546,21.4525394],[106.3556331,21.4522249],[106.3555222,21.4518475],[106.3553445,21.4514734],[106.3551894,21.4512348],[106.3544252,21.4504098],[106.3541721,21.4501889],[106.3537679,21.4499017],[106.3534927,21.4497434],[106.3528848,21.4494533],[106.3526816,21.4493243],[106.352447,21.4491072],[106.352275,21.4488647],[106.3520926,21.4484603],[106.3519741,21.448036],[106.3519317,21.4477463],[106.3518035,21.4461246],[106.3516854,21.4453948],[106.3515674,21.4449003],[106.3514543,21.4445352],[106.3513472,21.444302],[106.351129,21.4439679],[106.35094,21.443756],[106.3505354,21.4434327],[106.3499331,21.4430758],[106.349287,21.4427932],[106.3485761,21.4425735],[106.3478418,21.4424193],[106.3471699,21.4423392],[106.346471,21.4423375],[106.3456933,21.4424244],[106.3454731,21.442411],[106.3451611,21.4423303],[106.3448903,21.4421892],[106.3447326,21.4420642],[106.3445659,21.4418709],[106.3444814,21.4417228],[106.3444315,21.4415595],[106.3444213,21.4413983],[106.3444456,21.4412469],[106.3448372,21.4404464],[106.3450786,21.4398872],[106.3454354,21.4389908],[106.3454917,21.4387088],[106.3454276,21.4383622],[106.3452636,21.4380507],[106.3450868,21.4378674],[106.3449475,21.4377951],[106.3447935,21.4377562],[106.3445512,21.4377658],[106.3443979,21.4378185],[106.3433544,21.4385125],[106.3428664,21.4389295],[106.3418604,21.439977],[106.341508,21.4402992],[106.3412131,21.4405229],[106.3408944,21.440716],[106.3404512,21.4409177],[106.3399824,21.4410606],[106.3395884,21.4411319],[106.3391885,21.4411654],[106.3386424,21.4411499],[106.3371125,21.4409382],[106.3365489,21.4408358],[106.3357385,21.4406201],[106.3334656,21.4398114],[106.3324174,21.4395467],[106.331829,21.4394746],[106.3314101,21.4394627],[106.3309655,21.4395144],[106.3305357,21.4396325],[106.3301518,21.4398033],[106.3298008,21.440027],[106.329248,21.440546],[106.3290054,21.4407737],[106.3288485,21.4410047],[106.3287601,21.4412653],[106.3287467,21.4415465],[106.3287864,21.4418162],[106.3288577,21.4423011],[106.3288577,21.4424964],[106.3288255,21.4426928],[106.3286239,21.4433455],[106.3286045,21.4435372],[106.3286152,21.4437668],[106.3287373,21.4441588],[106.3290995,21.4447701],[106.3292585,21.4451479],[106.3294815,21.445918],[106.3294685,21.4461112],[106.329421,21.4462378],[106.3292912,21.4464069],[106.3291208,21.446543],[106.3281174,21.4470793],[106.3273566,21.4476321],[106.3271239,21.4477562],[106.3263541,21.4480708],[106.3260793,21.4481347],[106.3257951,21.4481233],[106.3254014,21.4480029],[106.3237368,21.4473361],[106.3226589,21.4468672],[106.3220116,21.4466623],[106.3217853,21.4466322],[106.3215454,21.4466312],[106.3206069,21.4467828],[106.3193455,21.4468076],[106.3189719,21.4467638],[106.3187326,21.4466923],[106.3185072,21.4465887],[106.3182968,21.4464521],[106.3181075,21.446284],[106.3179482,21.4460908],[106.3178228,21.445877],[106.317586,21.4452997],[106.3173796,21.4448659],[106.3172134,21.4445663],[106.3170825,21.4444079],[106.3168476,21.4442244],[106.3165989,21.4441114],[106.3162664,21.4440789],[106.3159957,21.4441261],[106.3156056,21.4443109],[106.3153201,21.4445278],[106.3150594,21.4448254],[106.314708,21.4453796],[106.3143352,21.4462534],[106.314246,21.446519],[106.3142154,21.4467048],[106.3142265,21.4473509],[106.3142076,21.4476379],[106.3141528,21.447921],[106.3140773,21.4481592],[106.3139764,21.4483891],[106.3133642,21.4494938],[106.3127556,21.4504663],[106.3123771,21.4509916],[106.3122033,21.451196],[106.3119051,21.4514709],[106.3116395,21.4516592],[106.3112761,21.4518556],[106.3110129,21.4519476],[106.3106887,21.45199],[106.3103562,21.451963],[106.3100441,21.451878],[106.3097593,21.4517406],[106.3077691,21.4504175],[106.3070165,21.4499402],[106.3062566,21.4495028],[106.305122,21.4489214],[106.304765,21.4487174],[106.3042441,21.4483568],[106.3041364,21.4482352],[106.3040529,21.4480953],[106.3039818,21.4478611],[106.3037938,21.4465394],[106.3038132,21.4462737],[106.3038692,21.4461036],[106.3039622,21.4459392],[106.3040871,21.4457943],[106.3044485,21.4455344],[106.3045737,21.4454148],[106.3048472,21.4450401],[106.305044,21.4448204],[106.305283,21.444611],[106.3058045,21.4442589],[106.3059548,21.4441159],[106.3061706,21.443806],[106.3063779,21.4433471],[106.3063931,21.4430453],[106.3063514,21.442859],[106.3062724,21.4426833],[106.3060688,21.4424187],[106.3059008,21.442268],[106.3057252,21.4421496],[106.3054571,21.4420242],[106.3052338,21.4420069],[106.3050801,21.4420294],[106.3046214,21.4421916],[106.3041418,21.4422819],[106.3035635,21.4424555],[106.3026246,21.4425885],[106.301913,21.4427369],[106.3012864,21.4429369],[106.3009021,21.4431105],[106.3006507,21.4433041],[106.300512,21.4434604],[106.3004003,21.4436342],[106.3003179,21.4438218],[106.3000712,21.4446406],[106.2998805,21.4451234],[106.2995455,21.445829],[106.2992853,21.4462933],[106.2991649,21.4464194],[106.2990238,21.4465172],[106.2988695,21.4465854],[106.2986951,21.4466125],[106.2984322,21.4466032],[106.2981829,21.4465367],[106.2979375,21.4463944],[106.2977713,21.4462227],[106.2974059,21.4455172],[106.2968445,21.4445895],[106.296418,21.4437668],[106.2961122,21.4432775],[106.2960178,21.4431756],[106.2957743,21.4430329],[106.2955379,21.4429887],[106.295188,21.443022],[106.2949262,21.4431],[106.2947068,21.4432176],[106.2934998,21.4441638],[106.2931672,21.4444745],[106.2926012,21.445075],[106.2919816,21.4456158],[106.2916735,21.4459131],[106.2904957,21.4472395],[106.2900638,21.447681],[106.2892015,21.4485002],[106.2888671,21.4488547],[106.2884194,21.4494147],[106.2882308,21.4496922],[106.2881614,21.4498334],[106.2881118,21.4500053],[106.2881146,21.4501883],[106.2881805,21.4503808],[106.2883226,21.450631],[106.2883848,21.450717],[106.2894607,21.4517721],[106.2898432,21.4521994],[106.2902248,21.4526717],[106.2904152,21.4529888],[106.2904913,21.4531996],[106.2905543,21.4534721],[106.2906252,21.4539699],[106.2906349,21.4544646],[106.2906083,21.4547911],[106.2905173,21.4551506],[106.2904203,21.4553613],[106.2903048,21.4555439],[106.2900669,21.4558032],[106.2898156,21.4559865],[106.2896932,21.4560343],[106.2895565,21.4560513],[106.2893477,21.4560093],[106.288704,21.4557298],[106.2882129,21.4554459],[106.2879047,21.4552305],[106.2874272,21.4548261],[106.2853728,21.4528395],[106.2850133,21.4525744],[106.2846646,21.4523996],[106.284375,21.4523105],[106.2837033,21.4521868],[106.2828629,21.4521056],[106.2820451,21.4519717],[106.2813841,21.4518194],[106.2806795,21.4516228],[106.2799761,21.4514759],[106.2796143,21.4514266],[106.2786413,21.4513753],[106.2777793,21.4512088],[106.2764499,21.4510262],[106.2762146,21.4509714],[106.2758768,21.4508423],[106.2755655,21.4506592],[106.2735836,21.4490555],[106.273112,21.4487657],[106.272777,21.448605],[106.2724154,21.4484674],[106.2720421,21.4483604],[106.2683132,21.4474572],[106.267464,21.4473316],[106.2668922,21.4472919],[106.2661051,21.4472942],[106.2658382,21.447335],[106.2652588,21.447559],[106.2626196,21.4484708],[106.2615895,21.4487324],[106.2601975,21.4491792],[106.2596343,21.4493017],[106.2592506,21.449339],[106.2587714,21.4493352],[106.257561,21.449184],[106.2567428,21.4491393],[106.2561554,21.4491543],[106.2555678,21.4492249],[106.2553614,21.4492941],[106.2551361,21.4494239],[106.2550385,21.4495555],[106.2549672,21.449701],[106.2549238,21.4498577],[106.2548001,21.4507618],[106.2547835,21.4511516],[106.2548009,21.451426],[106.2549842,21.4523595],[106.2552285,21.4531344],[106.2554616,21.4536897],[106.2558267,21.4543697],[106.2560547,21.4548627],[106.2563996,21.4558061],[106.2565389,21.4563139],[106.2568876,21.4580114],[106.2569314,21.4584523],[106.2569413,21.4588951],[106.25692,21.4593066],[106.2568781,21.4596168],[106.2568138,21.4598217],[106.2566664,21.4600985],[106.2564267,21.4603733],[106.2562449,21.4604805],[106.2560466,21.460524],[106.2558496,21.4605077],[106.2553883,21.4603978],[106.2547097,21.4601559],[106.2542096,21.4598831],[106.2536924,21.4595088],[106.2534425,21.4592304],[106.2530116,21.4584979],[106.2526736,21.4580371],[106.2513835,21.4564756],[106.2509939,21.4560922],[106.2508029,21.455952],[106.2506122,21.4558483],[106.250335,21.4557472],[106.2497001,21.4556462],[106.2487297,21.4555452],[106.247937,21.4555183],[106.2476535,21.4555087],[106.2474175,21.4554756],[106.2472534,21.4554174],[106.2470903,21.4553233],[106.2465075,21.4547986],[106.2462051,21.4544556],[106.2460327,21.454207],[106.2458171,21.4537994],[106.2456698,21.4534],[106.2455849,21.4529598],[106.2455696,21.452351],[106.2455285,21.4519192],[106.245161,21.4498483],[106.2449926,21.4492263],[106.2448418,21.4488222],[106.2447561,21.4486453],[106.2446367,21.4484862],[106.2444878,21.4483504],[106.2441954,21.4481906],[106.2440251,21.4481613],[106.2438521,21.4481657],[106.2436911,21.448201],[106.2435409,21.4482655],[106.2432079,21.4485611],[106.243017,21.4487849],[106.2427832,21.4491537],[106.2426161,21.4495591],[106.242423,21.4503296],[106.2421891,21.4510466],[106.2419842,21.4514522],[106.2417141,21.4518318],[106.2413764,21.4521803],[106.2407109,21.4527284],[106.2400373,21.4533539],[106.2378728,21.4549151],[106.2376666,21.4550902],[106.2374067,21.4553952],[106.2372163,21.4557372],[106.2371289,21.4560341],[106.2371348,21.4563572],[106.2372269,21.4566249],[106.2384376,21.4582219],[106.2389954,21.4588446],[106.2396802,21.4595355],[106.2400827,21.4600025],[106.240449,21.4604751],[106.2407803,21.4609508],[106.2411001,21.4614792],[106.2413078,21.4620083],[106.2413635,21.4623515],[106.2413567,21.4625789],[106.2413178,21.4628066],[106.2412462,21.4630305],[106.2411434,21.4632437],[106.2410112,21.4634423],[106.240852,21.4636229],[106.2406771,21.4637718],[106.2403804,21.4639537],[106.2401611,21.4640459],[106.2399275,21.4641119],[106.2395647,21.4641569],[106.2380692,21.4641871],[106.2378603,21.4641673],[106.2376573,21.4641174],[106.2373747,21.4639887],[106.2372047,21.4638676],[106.237055,21.4637198],[106.2368983,21.4634836],[106.236653,21.4627093],[106.236148,21.4612671],[106.2356982,21.4598337],[106.2355236,21.4593662],[106.2352176,21.4587151],[106.2348768,21.4581457],[106.2341483,21.4573408],[106.2331953,21.4560147],[106.2329232,21.4555708],[106.2327209,21.4550957],[106.2326003,21.4546405],[106.2325555,21.4543305],[106.232496,21.4535049],[106.2324795,21.452834],[106.2325251,21.4517433],[106.2327399,21.4499916],[106.2327548,21.4489649],[106.2327212,21.4487533],[106.2326202,21.4484776],[106.2324865,21.4482655],[106.2323386,21.4481436],[106.2322193,21.4480908],[106.2320841,21.4480633],[106.2318514,21.4480764],[106.2315686,21.4481527],[106.2312985,21.4483018],[106.2295237,21.4498533],[106.2269637,21.452022],[106.2265867,21.4523192],[106.2260102,21.4527078],[106.225471,21.4530061],[106.2249308,21.4532217],[106.2243733,21.4533657],[106.2240004,21.4534035],[106.2237328,21.4533482],[106.2235816,21.4532784],[106.2234467,21.453184],[106.2226929,21.452407],[106.2221075,21.4517038],[106.221815,21.4512987],[106.2215173,21.4508269],[106.2203881,21.4488447],[106.2200999,21.4482737],[106.2197893,21.4478372],[106.2195733,21.4476663],[106.2194101,21.4475947],[106.2192382,21.4475575],[106.2190658,21.447554],[106.2186725,21.4476794],[106.2183979,21.4478261],[106.2182187,21.4479749],[106.2181007,21.4481698],[106.2180628,21.4483154],[106.2181833,21.4499981],[106.2181723,21.450416],[106.2180978,21.4508289],[106.2180132,21.4510976],[106.2176558,21.4518089],[106.2175814,21.4520277],[106.2175386,21.4522466],[106.2175408,21.4527537],[106.217665,21.4535974],[106.2176793,21.4538949],[106.2176365,21.4543226],[106.2175734,21.4545801],[106.2174954,21.4547791],[106.2174029,21.4549143],[106.2172192,21.4550829],[106.2170625,21.4551719],[106.2168794,21.455234],[106.2153451,21.4554307],[106.2150808,21.4554223],[106.214695,21.4553524],[106.214336,21.4552188],[106.2140098,21.4550258],[106.2113744,21.4530465],[106.2108073,21.4525744],[106.2083074,21.4502577],[106.2077577,21.4497183],[106.2072372,21.4491543],[106.2060099,21.4477063],[106.2052336,21.4468925],[106.2048759,21.4465775],[106.2044711,21.4463167],[106.2041795,21.446176],[106.2038763,21.4460641],[106.2035626,21.4459812],[106.2023692,21.4457637],[106.2019506,21.4456342],[106.2017199,21.4455218],[106.2014414,21.4453398],[106.2012908,21.4451674],[106.2012311,21.445027],[106.2012113,21.4448659],[106.2012291,21.444693],[106.2013125,21.4444623],[106.2014034,21.4443236],[106.2015513,21.4441588],[106.2017111,21.4440227],[106.201964,21.4438667],[106.2024364,21.4436833],[106.2027573,21.4436001],[106.2030773,21.4435472],[106.2035638,21.4435214],[106.204295,21.4435738],[106.2046677,21.443647],[106.2051854,21.4438093],[106.2054099,21.4439237],[106.2056896,21.4441288],[106.2059122,21.4443985],[106.2065888,21.445588],[106.2068116,21.4459328],[106.2071581,21.4463686],[106.2073976,21.4465906],[106.2075354,21.4466586],[106.2076852,21.446699],[106.2078407,21.4467102],[106.208008,21.4466889],[106.2082394,21.4465946],[106.2086013,21.4462885],[106.2089279,21.4459158],[106.209155,21.4455943],[106.2093002,21.4453418],[106.2094151,21.4450761],[106.2095286,21.4446551],[106.2095627,21.444361],[106.2095466,21.4441613],[106.2094645,21.4439152],[106.2093184,21.4436964],[106.2071863,21.4414825],[106.2065813,21.4409367],[106.2059843,21.4404651],[106.2056688,21.4402417],[106.2054217,21.4400992],[106.2051529,21.4399781],[106.2048641,21.4398818],[106.2032795,21.4395777],[106.2028679,21.4395476],[106.2025486,21.4395621],[106.2020771,21.4396426],[106.2016458,21.4397836],[106.2012519,21.4399783],[106.2003922,21.4404814],[106.1999723,21.4406771],[106.198895,21.4410601],[106.1982293,21.4413512],[106.1975321,21.4416007],[106.1970566,21.441731],[106.1965117,21.4418395],[106.1963838,21.4418317],[106.1962621,21.4417943],[106.1961544,21.4417296],[106.1960613,21.4416335],[106.1959825,21.4414546],[106.1958115,21.4399207],[106.1958659,21.4392282],[106.1958584,21.4379828],[106.1959252,21.4374275],[106.1960873,21.4368163],[106.1964789,21.4357577],[106.1969293,21.4344101],[106.1972889,21.4335257],[106.1977825,21.432482],[106.1978797,21.4321506],[106.1979052,21.4319226],[106.1978986,21.4316953],[106.1978611,21.4314726],[106.1977932,21.4312561],[106.1976795,21.431008],[106.1973644,21.430531],[106.1969368,21.4300699],[106.1967326,21.4299136],[106.1965136,21.4297823],[106.1955669,21.4293561],[106.1945285,21.428908],[106.1939982,21.4287167],[106.1935248,21.4285769],[106.1928296,21.4284245],[106.1920402,21.4283298],[106.1910877,21.4283199],[106.1908644,21.4283532],[106.1907182,21.4284035],[106.1905137,21.4285222],[106.1901572,21.4288843],[106.1899366,21.4291639],[106.1880718,21.4322535],[106.1875552,21.4330363],[106.1868766,21.4340001],[106.1865494,21.4343696],[106.1861095,21.4347141],[106.1859284,21.4348204],[106.1857307,21.4348969],[106.1855221,21.4349413],[106.1852237,21.4349476],[106.1850275,21.4349155],[106.1832262,21.4343124],[106.1815175,21.433643],[106.1813142,21.4335025],[106.1812126,21.4333764],[106.1811475,21.43324],[106.1811166,21.4331021],[106.1811168,21.4329612],[106.1811977,21.4325334],[106.1812909,21.4322228],[106.181654,21.4313378],[106.1821869,21.4302568],[106.1827111,21.4288817],[106.1831267,21.4279068],[106.1832106,21.4276075],[106.1831993,21.4274311],[106.1831329,21.4272848],[106.1828806,21.4270256],[106.1823758,21.4264155],[106.1809377,21.4245806],[106.1805109,21.4240755],[106.1802138,21.4238015],[106.1798789,21.423593],[106.1795062,21.4234375],[106.1789906,21.4232893],[106.1784652,21.4230965],[106.1781395,21.4229346],[106.1777289,21.4226889],[106.1759234,21.4213671],[106.1744505,21.4201332],[106.1737401,21.4195743],[106.1731317,21.4191477],[106.172501,21.4187503],[106.1713798,21.4179663],[106.1710487,21.4176747],[106.1707468,21.417357],[106.1704064,21.4169158],[106.1691945,21.41505],[106.1689987,21.4146987],[106.168836,21.4143332],[106.1686588,21.4137748],[106.1685866,21.4133941],[106.1685544,21.4128119],[106.168605,21.4122684],[106.168727,21.411754],[106.1694429,21.4097673],[106.1697115,21.408902],[106.1699221,21.4079013],[106.169926,21.4077153],[106.1698883,21.4075326],[106.1698107,21.4073612],[106.1697003,21.4072127],[106.1694805,21.4070362],[106.1693065,21.4069564],[106.1676121,21.4066295],[106.1673072,21.4065279],[106.1670172,21.4063937],[106.1667482,21.4062301],[106.1665035,21.4060402],[106.1663704,21.4058604],[106.1663051,21.4056506],[106.1663126,21.4054399],[106.1663561,21.4053049],[106.1666935,21.4047085],[106.1669257,21.4042211],[106.167123,21.4037244],[106.1673536,21.4029654],[106.1675067,21.4021895],[106.1677234,21.4002035],[106.1677623,21.3994265],[106.1677481,21.3989081],[106.1676934,21.3983239],[106.167446,21.3966678],[106.1673735,21.3958553],[106.167383,21.395673],[106.1674312,21.3954961],[106.1675145,21.3953337],[106.1676284,21.3951914],[106.1677695,21.3950722],[106.1680807,21.3949523],[106.1683844,21.3949265],[106.1685859,21.3949543],[106.168778,21.3950172],[106.1699035,21.395633],[106.170318,21.3958077],[106.1706091,21.3958873],[106.1709077,21.3959363],[106.1713476,21.3959113],[106.171709,21.3958066],[106.1719323,21.3956965],[106.172101,21.3955767],[106.1724205,21.3953169],[106.1727048,21.3950422],[106.1729569,21.3947076],[106.1731232,21.394313],[106.1735309,21.3927496],[106.1736912,21.3919587],[106.1738063,21.3911999],[106.1738981,21.3902941],[106.1739059,21.3899174],[106.1737938,21.3889085],[106.1737616,21.3878846],[106.1738088,21.3872114],[106.1738742,21.3867657],[106.173932,21.386544],[106.1740674,21.3862262],[106.1742901,21.3858936],[106.1744748,21.3856967],[106.1750812,21.3851573],[106.1756713,21.3845079],[106.1759271,21.3841101],[106.1763302,21.3833415],[106.1764585,21.3829392],[106.1766828,21.3808475],[106.1768676,21.3796426],[106.1769465,21.3793543],[106.1771653,21.3788424],[106.1778493,21.3776595],[106.1783997,21.3767851],[106.1787665,21.3763099],[106.1799682,21.3750169],[106.1801189,21.3748785],[106.1804344,21.3746157],[106.180899,21.3742851],[106.1812894,21.3741122],[106.1816855,21.3740254],[106.1820796,21.374015],[106.1824836,21.374078],[106.1831252,21.3742926],[106.1834026,21.3743533],[106.184176,21.3744514],[106.1849035,21.3744574],[106.1851319,21.3744261],[106.1853541,21.3743675],[106.1857242,21.3741977],[106.1858588,21.3741101],[106.1859693,21.3739972],[106.1860799,21.3737896],[106.1861097,21.3736363],[106.186104,21.3734603],[106.1860354,21.3731736],[106.1855887,21.3720135],[106.1853942,21.3716299],[106.185161,21.3712392],[106.1847372,21.3706558],[106.1816097,21.3668242],[106.1809886,21.3659594],[106.1804653,21.3651215],[106.1801784,21.3645279],[106.179995,21.3640415],[106.1797,21.3629425],[106.1796824,21.3627871],[106.179695,21.3626313],[106.1797376,21.3624802],[106.1798108,21.3623354],[106.1799752,21.3621439],[106.1801143,21.3620437],[106.1804816,21.3618868],[106.1807828,21.3617963],[106.1811099,21.3617295],[106.1814607,21.3616921],[106.1818138,21.3616889],[106.1821653,21.3617201],[106.1826612,21.3618287],[106.1835428,21.3621013],[106.1857207,21.3629947],[106.1863719,21.3632183],[106.1867274,21.3633122],[106.1870764,21.3633573],[106.1873096,21.3633495],[106.1876107,21.3632877],[106.1877466,21.3632172],[106.1878918,21.3631047],[106.1880616,21.3628941],[106.188173,21.3625955],[106.1883474,21.3619283],[106.1884507,21.36138],[106.1885193,21.3608271],[106.1886881,21.3576708],[106.1887657,21.3573458],[106.1889499,21.3570016],[106.1890555,21.3568862],[106.1891667,21.3568227],[106.1892916,21.3567875],[106.1894214,21.3567827],[106.1901875,21.3570241],[106.1905977,21.3571144],[106.1912423,21.3571864],[106.1917195,21.3571743],[106.1921025,21.3570972],[106.1923302,21.3569931],[106.1925688,21.3567824],[106.1926497,21.3566626],[106.1927225,21.3564954],[106.1927587,21.3563183],[106.192757,21.356138],[106.1925853,21.3551138],[106.192486,21.3540181],[106.1924678,21.3527933],[106.1925218,21.3513185],[106.1926014,21.3503374],[106.1927603,21.3490434],[106.1930875,21.3470354],[106.1935239,21.3446641],[106.1935509,21.3443468],[106.1935291,21.3438979],[106.1933391,21.343043],[106.193075,21.3422186],[106.1927541,21.3414503],[106.1910927,21.336971],[106.1907883,21.3363222],[106.1905357,21.3358804],[106.1898002,21.3347807],[106.1894154,21.3342422],[106.1887521,21.3333607],[106.1882415,21.3327453],[106.1854615,21.3296268],[106.1851197,21.3293044],[106.1846131,21.328894],[106.1828358,21.3277224],[106.1823946,21.3274068],[106.1819871,21.3270536],[106.1816374,21.3266502],[106.1813473,21.3261956],[106.1811238,21.325687],[106.1809683,21.3251058],[106.1808885,21.3246468],[106.1808374,21.3240272],[106.1808697,21.3235586],[106.180979,21.3231043],[106.1811617,21.3226732],[106.1821099,21.321147],[106.1823029,21.3209151],[106.1826377,21.3206141],[106.1830109,21.3203768],[106.1832809,21.3202521],[106.1842239,21.3199773],[106.184597,21.3198457],[106.1849534,21.3196787],[106.1853703,21.3194222],[106.1879333,21.3173173],[106.1886538,21.3166322],[106.1897439,21.3154484],[106.190291,21.3149836],[106.1906878,21.3147071],[106.1911064,21.3144601],[106.1935768,21.313162],[106.1940041,21.3128681],[106.1943794,21.3125179],[106.1947017,21.3121078],[106.1950006,21.3115332],[106.1953823,21.3105564],[106.1957064,21.3096113],[106.1959838,21.3086937],[106.1962276,21.307768],[106.1966264,21.3060529],[106.1967247,21.3053937],[106.1967444,21.3047285],[106.1966772,21.3040125],[106.1965052,21.3032251],[106.1962187,21.3022895],[106.1959998,21.3017232],[106.1957497,21.3011683],[106.195208,21.3001451],[106.1948267,21.2995256],[106.1944142,21.2990014],[106.1939442,21.298521],[106.1937269,21.2983521],[106.1933597,21.2981542],[106.1930941,21.298063],[106.1928177,21.2980062],[106.1925592,21.2979856],[106.1922999,21.2979951],[106.1916737,21.2980722],[106.1913603,21.2980728],[106.1910219,21.2980428],[106.190685,21.2979813],[106.190353,21.297888],[106.1900327,21.2977643],[106.1897033,21.2975973],[106.1892021,21.2972815],[106.1888559,21.2970169],[106.188533,21.2967277],[106.1882356,21.2964158],[106.1876992,21.295745],[106.1874747,21.2953823],[106.187229,21.2948723],[106.1870481,21.2943393],[106.1867492,21.2928693],[106.1865844,21.2922265],[106.1863898,21.2915909],[106.1859314,21.2903894],[106.1844131,21.2871441],[106.1842361,21.2867209],[106.1840966,21.2863064],[106.183991,21.2859037],[106.1839127,21.2854956],[106.183834,21.2848832],[106.1837851,21.2842863],[106.1837625,21.2834162],[106.1838682,21.2822884],[106.184043,21.2811681],[106.1842948,21.2800262],[106.1845299,21.2791884],[106.1847496,21.2785076],[106.1852616,21.277131],[106.1854245,21.2767148],[106.1857654,21.2756286],[106.1859159,21.2752753],[106.1861072,21.2749207],[106.1890449,21.2703234],[106.1903287,21.2682223],[106.1906344,21.2677249],[106.1908356,21.2674415],[106.1910652,21.2671774],[106.191321,21.2669351],[106.1916095,21.2667107],[106.1919204,21.2665142],[106.1922507,21.2663473],[106.1925971,21.2662118],[106.1929563,21.266109],[106.1934034,21.2660286],[106.1939352,21.2659717],[106.1947451,21.265953],[106.1952943,21.2659867],[106.1961094,21.2661072],[106.1969054,21.2663102],[106.1985855,21.2669034],[106.199024,21.2669775],[106.1994696,21.2669701],[106.1997538,21.2669219],[106.2000291,21.2668403],[106.200291,21.2667268],[106.2005353,21.2665832],[106.200758,21.2664117],[106.2009555,21.2662152],[106.2011669,21.2659617],[106.2013546,21.2656925],[106.2014773,21.2654616],[106.2017488,21.2649506],[106.2029621,21.2622304],[106.2041347,21.2597693],[106.2045391,21.2589546],[106.2069362,21.2543421],[106.2073269,21.2536575],[106.2077253,21.2530294],[106.2090515,21.2511725],[106.2093169,21.2507586],[106.209664,21.2501116],[106.2098299,21.249734],[106.2099379,21.2494158],[106.2100564,21.2488615],[106.2100921,21.2482972],[106.2099543,21.246473],[106.2098412,21.2458027],[106.209618,21.2448066],[106.2094031,21.2440498],[106.209151,21.243303],[106.2083731,21.24122],[106.2083045,21.2408472],[106.2083196,21.2404761],[106.2083723,21.2402426],[106.2084575,21.2400176],[106.2086257,21.2397662],[106.2088241,21.2395286],[106.209175,21.2392073],[106.2099875,21.23864],[106.2110714,21.2378401],[106.211939,21.2373001],[106.212772,21.2368625],[106.2136367,21.2364821],[106.214132,21.236352],[106.2144705,21.2362993],[106.2148195,21.2362742],[106.2153542,21.236292],[106.2158813,21.2363775],[106.2170565,21.2366523],[106.2174746,21.2367368],[106.2179196,21.2367817],[106.2183124,21.2367955],[106.218759,21.2367815],[106.2192033,21.2367363],[106.2208415,21.2364707],[106.2213288,21.2364198],[106.2220972,21.236391],[106.2229321,21.2364305],[106.2235983,21.2364968],[106.2242606,21.2365913],[106.2249175,21.2367138],[106.225656,21.2368868],[106.2263838,21.2370951],[106.2270991,21.2373383],[106.2274471,21.237494],[106.2279395,21.2377776],[106.2282404,21.2379948],[106.2286471,21.2383569],[106.228881,21.2386181],[106.2291763,21.2390474],[106.2293334,21.2393545],[106.2295004,21.2398206],[106.2295935,21.2403043],[106.2296107,21.2407954],[106.2295164,21.2418331],[106.2292273,21.2433199],[106.22919,21.2436974],[106.2291838,21.2440765],[106.2292089,21.244455],[106.2292521,21.2447202],[106.2293325,21.2449778],[106.2295145,21.2453321],[106.2296671,21.2455375],[106.2299438,21.2458089],[106.230345,21.2460834],[106.2306636,21.2462475],[106.2310489,21.246367],[106.231443,21.2464588],[106.2318645,21.2465246],[106.2323115,21.2465595],[106.2342607,21.2465533],[106.2354767,21.2465724],[106.2367572,21.2465059],[106.2376039,21.246416],[106.2388592,21.2462141],[106.2396323,21.2460302],[106.2401432,21.2458156],[106.2405819,21.245547],[106.2409716,21.2452194],[106.2414708,21.2447006],[106.2417753,21.2443327],[106.2420135,21.244002],[106.2422181,21.2436524],[106.2424355,21.2431632],[106.2430922,21.2410184],[106.2432236,21.2406616],[106.2434723,21.2401489],[106.244273,21.2388345],[106.2445215,21.2383471],[106.2447352,21.2378451],[106.2449902,21.2370708],[106.2451603,21.2363006],[106.2452526,21.2355189],[106.2452526,21.2342882],[106.2452112,21.2334135],[106.2451353,21.2325409],[106.2442726,21.2250686],[106.244289,21.2247934],[106.244334,21.2245756],[106.244453,21.2242621],[106.2445828,21.2240556],[106.2447435,21.2238689],[106.244934,21.2237042],[106.2451512,21.223566],[106.2464049,21.2229739],[106.2469604,21.2226648],[106.2478449,21.2221249],[106.2483681,21.221882],[106.2488612,21.2217194],[106.2491623,21.2216588],[106.2494303,21.2216489],[106.2498197,21.2216985],[106.2500584,21.221769],[106.250285,21.2218684],[106.2511329,21.2224307],[106.2519708,21.2228961],[106.2523124,21.2231157],[106.2530929,21.2234967],[106.2539854,21.22385],[106.2563583,21.2246324],[106.2573677,21.2250472],[106.2581153,21.2254316],[106.2603421,21.2267419],[106.2609934,21.2270763],[106.2619553,21.2275033],[106.2631527,21.2279575],[106.2637045,21.2281312],[106.2642664,21.2282737],[106.2648276,21.228383],[106.2653947,21.2284612],[106.2658265,21.2284905],[106.2664753,21.228473],[106.2671396,21.2283774],[106.2679418,21.2281196],[106.2683143,21.2279343],[106.2687888,21.227605],[106.269243,21.2271856],[106.2694578,21.2269034],[106.2696,21.2265838],[106.2696507,21.2263578],[106.2696646,21.2261192],[106.2696389,21.2258814],[106.2695742,21.2256502],[106.269472,21.225431],[106.2688117,21.224336],[106.2686251,21.2239219],[106.2684778,21.2234942],[106.2683797,21.2230998],[106.2682899,21.2224304],[106.2682937,21.221933],[106.2683723,21.2213944],[106.2685284,21.2208919],[106.2689133,21.21993],[106.269216,21.2192867],[106.2697422,21.218324],[106.2701328,21.2177025],[106.2705542,21.2170986],[106.2710179,21.2165225],[106.2715199,21.2159741],[106.2723174,21.2151892],[106.2731735,21.2144456],[106.2740941,21.2137418],[106.275061,21.2130942],[106.276376,21.2123319],[106.2773108,21.2117363],[106.278219,21.2110672],[106.2788016,21.2105834],[106.279359,21.2100745],[106.2802686,21.2093692],[106.2812454,21.2087061],[106.2823101,21.2080801],[106.2855335,21.2064045],[106.2886415,21.2050244],[106.2894509,21.2046899],[106.2906891,21.2042427],[106.2919537,21.2038617],[106.2932401,21.2035486],[106.2936729,21.2034595],[106.2941747,21.203388],[106.2946802,21.2033455],[106.2951875,21.2033323],[106.2956905,21.2033481],[106.2964406,21.2034257],[106.296864,21.2035],[106.2972073,21.2035957],[106.2975369,21.2037269],[106.2978484,21.203892],[106.2982467,21.204176],[106.2984833,21.2043964],[106.2986937,21.2046389],[106.2988755,21.2049007],[106.2990266,21.2051789],[106.2991565,21.2055201],[106.2992607,21.2059211],[106.2993383,21.2064543],[106.2993489,21.2067671],[106.299324,21.2070331],[106.2992675,21.207295],[106.2991322,21.2076578],[106.2986448,21.2084714],[106.2980413,21.2093147],[106.2973708,21.2101127],[106.2969836,21.2105089],[106.2965715,21.2108827],[106.296136,21.2112327],[106.2956787,21.2115576],[106.2949556,21.2119954],[106.2948442,21.2121262],[106.2947614,21.2122743],[106.29471,21.2124343],[106.2946964,21.2126923],[106.2947449,21.212863],[106.2949015,21.2130935],[106.2950356,21.2132128],[106.2952617,21.2133371],[106.2954287,21.2133868],[106.2961143,21.213516],[106.2966885,21.2137127],[106.2972038,21.2139739],[106.2975229,21.214185],[106.297819,21.2144234],[106.2981689,21.2147576],[106.2987664,21.2154046],[106.2991327,21.21586],[106.2998542,21.2168737],[106.3002022,21.2172544],[106.3006131,21.2176024],[106.3009333,21.2178183],[106.3012733,21.2180058],[106.3016107,21.2181513],[106.302142,21.2183078],[106.3025124,21.2183707],[106.3030829,21.2184026],[106.3034634,21.2183811],[106.3046112,21.2182019],[106.3053669,21.2180376],[106.306121,21.2178356],[106.3070764,21.2175152],[106.3076945,21.2172228],[106.3082734,21.2168674],[106.3088011,21.2164557],[106.3092748,21.2159903],[106.3095627,21.2156276],[106.309944,21.2150098],[106.3102514,21.2143519],[106.3104809,21.2136567],[106.3111798,21.2105579],[106.3113023,21.2096518],[106.311352,21.2087361],[106.311344,21.2081199],[106.3113026,21.2075049],[106.3107672,21.2027342],[106.310744,21.2019669],[106.3107972,21.2012009],[106.3108756,21.2006907],[106.3109887,21.2001827],[106.3112219,21.1994355],[106.312521,21.1964099],[106.3128578,21.1954366],[106.3130461,21.1947575],[106.3132029,21.1940515],[106.3132433,21.1937558],[106.3132019,21.1934604],[106.3130552,21.1931048],[106.3128906,21.192947],[106.312691,21.1926747],[106.3114893,21.190494],[106.3109826,21.1894578],[106.3105057,21.1884093],[106.3100589,21.1873494],[106.3094643,21.1857695],[106.3093206,21.185251],[106.309212,21.184725],[106.309139,21.1841937],[106.3091019,21.1836592],[106.3091013,21.1831055],[106.3091412,21.1825349],[106.3092774,21.1816869],[106.3094187,21.1811305],[106.3100517,21.1793347],[106.3107884,21.177397],[106.3112426,21.1760934],[106.3118968,21.1740246],[106.3126045,21.1714539],[106.3128609,21.1707477],[106.3130735,21.1702918],[106.3133185,21.1698502],[106.3135957,21.1694233],[106.3139044,21.1690132],[106.314242,21.1686235],[106.3147994,21.168081],[106.3152025,21.1677497],[106.3157531,21.1673496],[106.316091,21.167051],[106.3164031,21.166729],[106.3167745,21.1662689],[106.3183738,21.1637672],[106.3199182,21.1612382],[106.3204708,21.1602157],[106.3209516,21.1591621],[106.3214125,21.1579192],[106.3219036,21.1563282],[106.3223147,21.1547175],[106.3225517,21.153523],[106.3227048,21.1523166],[106.3227735,21.1511035],[106.3227574,21.1498887],[106.3226983,21.1490679],[106.322534,21.1478243],[106.3223749,21.1470021],[106.3221765,21.1461874],[106.3219392,21.1453818],[106.3210412,21.143189],[106.3204014,21.1417423],[106.3194678,21.1397725],[106.3189174,21.1387129],[106.3183303,21.1376706],[106.3177715,21.1367488],[106.3169825,21.1355451],[106.3159311,21.1341441],[106.3147684,21.1327461],[106.3135326,21.1314037],[106.3126695,21.1305415],[106.3122546,21.1301826],[106.3118177,21.1298472],[106.3111246,21.1293906],[106.3103322,21.1289647],[106.3097812,21.1287207],[106.3079488,21.1280396],[106.3063717,21.127309],[106.3055157,21.1268514],[106.3046793,21.1263633],[106.3036844,21.125721],[106.3028496,21.125089],[106.3020697,21.1243989],[106.3010731,21.1233566],[106.3003538,21.1225327],[106.2993336,21.1212543]]}},{"type":"Feature","properties":{"id":3},"geometry":{"type":"LineString","coordinates":[[107.0714235,21.5725686],[107.0719305,21.5723841],[107.0721887,21.5723391],[107.07237,21.572341],[107.0725544,21.572371],[107.0733467,21.572621],[107.0734686,21.572646],[107.0735935,21.5726457],[107.0737255,21.5726167],[107.0738553,21.5725538],[107.0739832,21.5724507],[107.0741031,21.5723116],[107.0741905,21.5721543],[107.0742428,21.5719855],[107.0742729,21.5716982],[107.0743229,21.5714821],[107.0747599,21.5704713],[107.0748246,21.5702414],[107.0748551,21.5699184],[107.0748369,21.5696022],[107.0748673,21.5693421],[107.0748525,21.5692333],[107.0747931,21.5690249],[107.0747707,21.5686665],[107.0748031,21.568428],[107.0748566,21.5683305],[107.0749426,21.5682559],[107.0750432,21.5682147],[107.0751402,21.5681991],[107.0752361,21.5682191],[107.0753467,21.5683074],[107.0755783,21.5687747],[107.0756229,21.5688332],[107.0757301,21.5688722],[107.0758404,21.5688373],[107.0760509,21.5686578],[107.076382,21.5684315],[107.0764902,21.5683157],[107.0765753,21.5681757],[107.0766276,21.5680224],[107.0766451,21.5678624],[107.0766444,21.5676697],[107.0767279,21.5674634],[107.0768281,21.5673084],[107.0772278,21.566854],[107.0775282,21.5665971],[107.0776676,21.5665139],[107.0778915,21.566437],[107.0781586,21.5664114],[107.0782511,21.5663851],[107.0783454,21.566323],[107.0784803,21.5661788],[107.0785662,21.5660585],[107.0787629,21.5656961],[107.0790437,21.5652676],[107.0792996,21.5647614],[107.079379,21.5646716],[107.0794836,21.5646078],[107.0796528,21.5645726],[107.0801234,21.5646463],[107.0802976,21.5646365],[107.0804888,21.5645649],[107.0806423,21.5644369],[107.0806944,21.5643232],[107.0806964,21.5641887],[107.0805176,21.5636686],[107.0805039,21.5635707],[107.0805399,21.563424],[107.0806393,21.5633034],[107.0807321,21.5632495],[107.0812967,21.5630525],[107.0815564,21.5628775],[107.0817813,21.5627813],[107.082037,21.5627407],[107.0822221,21.5627569],[107.0823267,21.562788],[107.0824063,21.5627864],[107.0824823,21.5627643],[107.0829383,21.5625137],[107.083303,21.5622692],[107.0833954,21.5621357],[107.083421,21.5620322],[107.0834148,21.561924],[107.0833314,21.5617252],[107.0833272,21.5616219],[107.0833553,21.5615236],[107.083413,21.5614373],[107.0838615,21.560978],[107.0840629,21.5607494],[107.0842293,21.560513],[107.0844361,21.5601513],[107.0846061,21.5599958],[107.084751,21.5599248],[107.084919,21.5598641],[107.0850146,21.559799],[107.0851028,21.5596998],[107.0853724,21.5593036],[107.085621,21.5591088],[107.0857388,21.5589836],[107.0858335,21.5588347],[107.0858981,21.5586655],[107.085937,21.5584911],[107.0860481,21.5582982],[107.086146,21.5580799],[107.0862602,21.5579451],[107.0864093,21.5578387],[107.086483,21.5577656],[107.0867336,21.5573175],[107.0868241,21.5571936],[107.0869316,21.5571028],[107.0870435,21.5570427],[107.0872778,21.5569626],[107.0876855,21.5568563],[107.0878172,21.5567837],[107.0878767,21.556717],[107.0880573,21.5564436],[107.0883487,21.5560733],[107.0885533,21.5557453],[107.0886643,21.5555316],[107.0886709,21.5554128],[107.0886379,21.5553322],[107.0885297,21.555238],[107.0884341,21.5552121],[107.0882334,21.5552207],[107.0880063,21.5552535],[107.0876367,21.555363],[107.0874869,21.5554281],[107.0874207,21.5555048],[107.0874127,21.5555627],[107.0874693,21.5557403],[107.087476,21.5558687],[107.0874487,21.5559882],[107.0873489,21.5561456],[107.0872103,21.5562478],[107.0869892,21.556311],[107.0867878,21.5563305],[107.0866245,21.5563081],[107.0862345,21.5561505],[107.0858641,21.5560314],[107.0857766,21.555975],[107.0856865,21.5558564],[107.0856067,21.5555714],[107.0854647,21.5552619],[107.0853948,21.555187],[107.0853191,21.555143],[107.085187,21.5551235],[107.0850077,21.5551408],[107.0848401,21.5551926],[107.0846595,21.5552696],[107.0845502,21.5552841],[107.0843869,21.5552586],[107.0842168,21.5551639],[107.0840856,21.5550554],[107.0839586,21.5549122],[107.0837812,21.5545927],[107.0836738,21.5544846],[107.0835794,21.5544328],[107.0830011,21.5542559],[107.0828024,21.5541262],[107.0826782,21.5539815],[107.0824496,21.5534689],[107.0823642,21.553317],[107.0821859,21.5531242],[107.0820415,21.5530252],[107.081919,21.552967],[107.081777,21.5529608],[107.0817293,21.552976],[107.081648,21.5530306],[107.0815649,21.5531846],[107.0814453,21.5535222],[107.0813747,21.5536007],[107.0812789,21.5536509],[107.0811193,21.553661],[107.0809824,21.5535999],[107.0807332,21.5532747],[107.0804978,21.5530095],[107.0803961,21.5529523],[107.0803159,21.5529472],[107.0802388,21.5529705],[107.0796189,21.553365],[107.0791977,21.5536007],[107.0787879,21.5537926],[107.0785777,21.5538781],[107.0784945,21.5538944],[107.0783699,21.5538664],[107.0783021,21.5538144],[107.0781777,21.553628],[107.078109,21.5534613],[107.0780676,21.5531968],[107.0780823,21.553019],[107.0781304,21.5528465],[107.078265,21.5523975],[107.078449,21.5516868],[107.0786047,21.5514038],[107.0786613,21.5506601],[107.0787603,21.550331],[107.0792981,21.5502849],[107.0794962,21.5500875],[107.0795953,21.5496729],[107.0795599,21.5494359],[107.0796024,21.549278],[107.0795528,21.5489555],[107.0798642,21.5487252],[107.0802109,21.5486067],[107.0806032,21.5485111],[107.0808225,21.548419],[107.0812542,21.5483729],[107.0815301,21.5482083],[107.0814169,21.5478924],[107.0808013,21.5477213],[107.080497,21.5474317],[107.0804475,21.5470105],[107.08049,21.5463853],[107.0808155,21.5462734],[107.0810914,21.5460167],[107.0817778,21.5457929],[107.0826057,21.545714],[107.0833416,21.545714],[107.0835822,21.5455297],[107.0837591,21.5452072],[107.0837449,21.5447662],[107.0839218,21.5444503],[107.0842473,21.5441739],[107.084778,21.5439567],[107.0849761,21.5439764],[107.0855068,21.5444437],[107.0859526,21.5445227],[107.0862074,21.5443647],[107.0864055,21.543858],[107.0863418,21.5434302],[107.0869503,21.5427457],[107.0870565,21.5423244],[107.086922,21.5420677],[107.0861649,21.5419822],[107.0851389,21.5422586],[107.084127,21.5422323],[107.083292,21.54241],[107.0826198,21.5424232],[107.0820467,21.5421072],[107.0813108,21.541561],[107.0806244,21.5408567],[107.0799027,21.5405869],[107.0791738,21.5407251],[107.0786856,21.5411529],[107.0781124,21.5422455],[107.0775393,21.5427391],[107.07722,21.5426538],[107.0768741,21.5425614],[107.0766123,21.5415478],[107.0763364,21.5408962],[107.0763859,21.5407646],[107.0770086,21.5404091],[107.077978,21.5389612],[107.077978,21.5386255],[107.0775817,21.5384149],[107.0768317,21.5381253],[107.0765416,21.537546],[107.076301,21.53646],[107.0748363,21.5356439],[107.0747372,21.5353411],[107.0745249,21.5346368],[107.0745957,21.5340839],[107.0748999,21.5336166],[107.0753387,21.5332414],[107.0758906,21.5328794],[107.0763434,21.5324911],[107.076676,21.5323462],[107.0771281,21.5320588],[107.077235,21.5319908],[107.0772775,21.531642],[107.0768105,21.5312207],[107.075926,21.5314642],[107.0754731,21.5318197],[107.0752254,21.5317604],[107.0750273,21.5314906],[107.0749283,21.5309903],[107.0745815,21.5306744],[107.0742136,21.5301478],[107.0732796,21.5287194],[107.0731663,21.5283772],[107.0732654,21.5281139],[107.0734281,21.5279691],[107.0748999,21.5273372],[107.0751264,21.5270475],[107.0750132,21.5267579],[107.0744895,21.5263959],[107.0733998,21.5263432],[107.0731239,21.5262708],[107.0729045,21.5259154],[107.0726569,21.5250531],[107.072204,21.5245199],[107.0709728,21.5238814],[107.0705482,21.5231573],[107.0700105,21.5223016],[107.0691967,21.5220975],[107.0676754,21.5225978],[107.0665078,21.5226109],[107.0662177,21.5224398],[107.0659488,21.5214919],[107.0660479,21.5207678],[107.0658498,21.5196027],[107.0645903,21.519155],[107.0633661,21.51903],[107.0624777,21.5190048],[107.0622057,21.518997],[107.0619651,21.5188522],[107.0620075,21.518635],[107.0630194,21.5179899],[107.0632175,21.5176015],[107.0633307,21.5168313],[107.0626161,21.515732],[107.0613141,21.514705],[107.0604933,21.5145602],[107.059722,21.514547],[107.0592054,21.5143166],[107.0584554,21.5135069],[107.0579601,21.5126972],[107.0575284,21.5127433],[107.0563963,21.5137834],[107.0563397,21.5143891],[107.0562901,21.5150408],[107.054783,21.515574],[107.0544858,21.5158834],[107.054599,21.5163178],[107.0552217,21.5169564],[107.0556745,21.5172987],[107.0565024,21.517641],[107.0570119,21.5181084],[107.0572029,21.5186877],[107.0567289,21.5191682],[107.0558797,21.5196422],[107.0550731,21.5204189],[107.0546414,21.5205506],[107.0540541,21.520544],[107.0533819,21.5201885],[107.0533041,21.5199647],[107.0537569,21.5187206],[107.0537569,21.5180952],[107.0533961,21.5178385],[107.0520587,21.5178451],[107.0516483,21.5181347],[107.0513016,21.5188522],[107.0509832,21.5189246],[107.0507001,21.5186745],[107.050785,21.5171341],[107.0505869,21.5162323],[107.0504808,21.5158702],[107.050318,21.5152975],[107.0499076,21.5148235],[107.0498439,21.5144154],[107.0499784,21.5141718],[107.0505445,21.5139151],[107.0510964,21.5138032],[107.0514006,21.5135069],[107.0513936,21.5133292],[107.0511105,21.5131646],[107.0508912,21.5126446],[107.0511318,21.5112884],[107.0509549,21.5109066],[107.0507992,21.5097612],[107.0504808,21.5086223],[107.0498439,21.5084445],[107.0493132,21.5086354],[107.0486481,21.5088461],[107.0480466,21.5090304],[107.0474381,21.5094518],[107.0473037,21.5101627],[107.0475655,21.5108079],[107.0473886,21.5112884],[107.0469923,21.5115123],[107.046681,21.5114069],[107.0461574,21.5108869],[107.0457116,21.5102549],[107.0457965,21.5096427],[107.0454002,21.509195],[107.0440063,21.5085959],[107.0433977,21.5081812],[107.0432208,21.5079442],[107.0434331,21.5073583],[107.0434119,21.507016],[107.0444733,21.5067],[107.0456267,21.5062457],[107.0459168,21.5058705],[107.0461361,21.5054492],[107.0468223,21.5039946],[107.0470416,21.5023623],[107.0471477,21.5016711],[107.0469638,21.5013815],[107.045273,21.500697],[107.0451386,21.5004008],[107.0453862,21.5000256],[107.0459097,21.4999005],[107.0472043,21.5001441],[107.0480391,21.5001507],[107.0487395,21.4998479],[107.0494823,21.4992292],[107.0500199,21.4985973],[107.0500482,21.4982682],[107.0496945,21.4979917],[107.0489234,21.4978008],[107.048216,21.4978469],[107.0471194,21.498018],[107.0465818,21.4979325],[107.0460936,21.4976231],[107.0458054,21.4973965],[107.0455953,21.4969917],[107.0459004,21.4967218],[107.0465156,21.4963355],[107.0466907,21.4960889],[107.0466578,21.4949151],[107.0461909,21.4941583],[107.0455402,21.4935001],[107.0440548,21.4924076],[107.043885,21.4918416],[107.0439911,21.4913809],[107.0454058,21.4898277],[107.0466507,21.4888733],[107.0474783,21.4880045],[107.0476763,21.4874319],[107.0475985,21.4865171],[107.0474075,21.4852139],[107.0474075,21.4842332],[107.0474005,21.4835948],[107.0467497,21.4831143],[107.0459716,21.4823442],[107.0450097,21.4811463],[107.0441467,21.4804223],[107.0440548,21.4801458],[107.0441397,21.479876],[107.0446136,21.4796785],[107.0452431,21.4798694],[107.0460353,21.4805539],[107.0466648,21.4808501],[107.0474924,21.4807974],[107.0480158,21.4810278],[107.0484897,21.4816004],[107.0488787,21.482127],[107.0492253,21.4822191],[107.0499963,21.4819098],[107.0512199,21.4811397],[107.0515453,21.481087],[107.0523728,21.4811331],[107.0530448,21.4806658],[107.054127,21.478915],[107.0545231,21.4784411],[107.0564746,21.4775604],[107.0569248,21.4774022],[107.0572449,21.4774767],[107.0574349,21.4777001],[107.057535,21.4786588],[107.057835,21.4791428],[107.0585352,21.4794128],[107.0602357,21.4793476],[107.0607259,21.4794128],[107.0618562,21.4802133],[107.0622763,21.4802598],[107.0626064,21.479962],[107.0637367,21.4788077],[107.0645169,21.4784447],[107.0654272,21.4785099],[107.0671277,21.4792918],[107.06848,21.4804128],[107.0686246,21.4806897],[107.0690682,21.4815909],[107.0701085,21.482289],[107.0705787,21.482289],[107.0710388,21.4818143],[107.0711088,21.4811348],[107.0706987,21.4805763],[107.0695684,21.4796455],[107.0695184,21.4792732],[107.0697584,21.4786123],[107.0703986,21.4783237],[107.0713289,21.478212],[107.0723092,21.4778769],[107.0739896,21.4765365],[107.0748899,21.4753916],[107.0748219,21.4749316],[107.0747421,21.4749097],[107.0741297,21.4747121],[107.0725992,21.47501],[107.0723792,21.4748889],[107.0721991,21.474619],[107.0712489,21.4736416],[107.0702886,21.4732413],[107.0691483,21.4730552],[107.0688882,21.4726921],[107.0692483,21.4720033],[107.0699785,21.4720685],[107.0705187,21.4717427],[107.0706387,21.4713052],[107.0700885,21.4703464],[107.0692583,21.469732],[107.068358,21.4694341],[107.068108,21.4690804],[107.068118,21.4686801],[107.0691083,21.4674885],[107.0691183,21.4668183],[107.0687381,21.4659433],[107.0680279,21.4652172],[107.0678079,21.4647145],[107.0678779,21.4636625],[107.068098,21.4629364],[107.0686681,21.4625175],[107.0703686,21.461931],[107.0714089,21.4613073],[107.0719091,21.4606743],[107.0719591,21.4601623],[107.071609,21.4593803],[107.0709188,21.4588776],[107.0695984,21.4587565],[107.0672177,21.4597061],[107.0663175,21.4598271],[107.0658973,21.4596689],[107.0652672,21.458589],[107.0651571,21.4573322],[107.0652672,21.4566526],[107.0655872,21.4562243],[107.0663775,21.4557402],[107.0667376,21.4550792],[107.0667076,21.4542321],[107.0663775,21.4533662],[107.0663475,21.4525004],[107.0664175,21.4518767],[107.0667076,21.4511691],[107.0673177,21.4508712],[107.068198,21.4506943],[107.0700785,21.4510295],[107.0711188,21.4509364],[107.0721691,21.450294],[107.0726593,21.4494468],[107.0726593,21.4486926],[107.0701486,21.445313],[107.0689582,21.4430599],[107.068298,21.4414771],[107.0665375,21.4384791],[107.0667576,21.4378832],[107.0672977,21.4375015],[107.068248,21.4376691],[107.0694383,21.4382743],[107.0700885,21.4382743],[107.0708488,21.4378553],[107.071799,21.4370639],[107.0725092,21.437157],[107.0735895,21.4378832],[107.0741197,21.4378739],[107.0746798,21.4374549],[107.07537,21.4362538],[107.0757702,21.4352389],[107.0754201,21.4330881],[107.0749299,21.4318962],[107.0736195,21.4307044],[107.0711288,21.4296243],[107.0700685,21.4294939],[107.0688482,21.4297453],[107.068118,21.4305554],[107.068148,21.4313189],[107.0684681,21.4321383],[107.0678779,21.4329856],[107.0670577,21.4328739],[107.0661074,21.4309837],[107.0657173,21.4297453],[107.0657973,21.4288142],[107.0659674,21.4281438],[107.0664275,21.4275199],[107.0661274,21.4269147],[107.0658773,21.4254248],[107.0661583,21.4246908],[107.0661774,21.4239908],[107.0661274,21.4231062],[107.0652672,21.4223427],[107.0651171,21.4218584],[107.0651971,21.4211507],[107.0654472,21.4203313],[107.0659173,21.4201544],[107.0669376,21.4200799],[107.0675678,21.4198378],[107.068118,21.4191952],[107.068148,21.4184317],[107.0679179,21.4179567],[107.0669977,21.4171745],[107.0663775,21.4164389],[107.0662474,21.415787],[107.0669776,21.4150048],[107.0670377,21.4142225],[107.0663075,21.4136638],[107.0633066,21.4154983],[107.0623587,21.4159865],[107.0613477,21.415664],[107.0604004,21.4151507],[107.0598137,21.4148809],[107.0586048,21.4145189],[107.0568445,21.414894],[107.0565052,21.4147887],[107.0558336,21.4139726],[107.055466,21.413229],[107.0548934,21.4128801],[107.0529423,21.4124589],[107.0515213,21.4125247],[107.050475,21.4126564],[107.0499378,21.4125313],[107.0497469,21.4120838],[107.0499236,21.4117021],[107.0499873,21.411215],[107.0505457,21.410162],[107.0504962,21.4092208],[107.0503195,21.4085298],[107.0503195,21.4079572],[107.0505387,21.4076412],[107.0514082,21.4068712],[107.0518677,21.4062525],[107.0519172,21.4054364],[107.0517192,21.4048967],[107.050673,21.4041003],[107.0500155,21.4034224],[107.0494005,21.4034026],[107.0487501,21.4036461],[107.0482199,21.4040081],[107.0477957,21.4038173],[107.0474918,21.4033236],[107.0473574,21.4023495],[107.0471878,21.401665],[107.0466152,21.401066],[107.0460355,21.4006909],[107.0456254,21.4005],[107.0453497,21.4002301],[107.0455053,21.3988479],[107.0458234,21.3981897],[107.0465657,21.3979593],[107.0469191,21.3977816],[107.0469262,21.3974788],[107.046495,21.3964784],[107.0461556,21.3961756],[107.0447135,21.3954976],[107.0434905,21.3955503],[107.0431017,21.3953133],[107.0429886,21.394925],[107.0429179,21.3936546],[107.0425785,21.3932991],[107.0421685,21.3933452],[107.0418221,21.3936414],[107.0414333,21.3941022],[107.0410091,21.3944708],[107.0406203,21.3949381],[107.0398922,21.3953528],[107.0391923,21.3954252],[107.0387469,21.3952936],[107.0387045,21.3950632],[107.0388388,21.3947341],[107.0387894,21.3940166],[107.0383935,21.3936414],[107.0383086,21.3931609],[107.0383511,21.3925619],[107.0385843,21.3916601],[107.0383511,21.390686],[107.0375805,21.3894024],[107.0370149,21.3888231],[107.0360889,21.3871907],[107.0350991,21.3861769],[107.0342862,21.3860255],[107.0328723,21.3858478],[107.0328369,21.3855779],[107.0329006,21.3852554],[107.0326076,21.3845702],[107.0327176,21.3839837],[107.0330875,21.3830528],[107.0330775,21.3822708],[107.0326876,21.3815353],[107.0320078,21.381377],[107.0315979,21.3815632],[107.030828,21.382429],[107.0300582,21.3829876],[107.0294684,21.3832482],[107.0288885,21.3832482],[107.0282587,21.3827642],[107.0275488,21.3825966],[107.026869,21.3826245],[107.0264591,21.3828014],[107.0258692,21.3826618],[107.0248995,21.3815446],[107.0248895,21.3811722],[107.0251194,21.3808278],[107.0254193,21.3809116],[107.0263091,21.3811443],[107.026949,21.380865],[107.0272089,21.3803437],[107.0271189,21.3796827],[107.026719,21.3793382],[107.0264391,21.3794593],[107.0262191,21.379692],[107.0257293,21.3796734],[107.0254793,21.3794965],[107.0254493,21.3788635],[107.0250773,21.3776082],[107.0244376,21.376575],[107.0241677,21.3760165],[107.0241977,21.3757001],[107.0243776,21.3754301],[107.0246775,21.3750671],[107.0246974,21.3745552],[107.0245275,21.3741456],[107.0237479,21.3741829],[107.0231981,21.3744528],[107.0214453,21.374818],[107.0202494,21.3750671],[107.0199396,21.3754767],[107.0199096,21.3770311],[107.0199096,21.3778967],[107.0196197,21.3784645],[107.0188307,21.3788432],[107.0163518,21.3794574],[107.0149325,21.3800438],[107.013953,21.3807512],[107.0136531,21.3816819],[107.0126236,21.3838226],[107.0119039,21.3862238],[107.0112143,21.3870522],[107.0106945,21.3874058],[107.0084655,21.3874617],[107.0076359,21.3870242],[107.0064565,21.3870894],[107.0054769,21.386652],[107.0049272,21.3860284],[107.0037777,21.3853676],[107.003268,21.3848929],[107.0028682,21.3841018],[107.0016088,21.3833014],[107.0006492,21.3833014],[106.9983103,21.3839901],[106.9975207,21.3839436],[106.9971409,21.3851908],[106.9967111,21.385926],[106.9958215,21.3863821],[106.9950419,21.3865124],[106.9943322,21.3870056],[106.9935625,21.387685],[106.9931328,21.3877595],[106.9921532,21.3876199],[106.9907722,21.3873595],[106.9898225,21.3877504],[106.9886129,21.388886],[106.9881731,21.3890722],[106.9874033,21.389007],[106.9866036,21.3884671],[106.9867236,21.3878621],[106.9875933,21.3875922],[106.9880831,21.3869127],[106.9880831,21.3859818],[106.9878832,21.3852092],[106.9872634,21.3840643],[106.9866436,21.3833289],[106.9833946,21.3824632],[106.9827549,21.3823887],[106.9813153,21.3817464],[106.9807755,21.3801733],[106.9811254,21.3787118],[106.9819451,21.3774365],[106.9808355,21.3749137],[106.9804156,21.3741317],[106.9801957,21.3733032],[106.9794559,21.3724095],[106.9780764,21.3716182],[106.9766669,21.3700822],[106.976177,21.3700822],[106.9754572,21.3703615],[106.9746175,21.3701287],[106.9743676,21.369114],[106.9742476,21.3682482],[106.9736278,21.3676804],[106.9726382,21.3664236],[106.9711387,21.3659301],[106.9678697,21.3655298],[106.9676298,21.3651854],[106.9679097,21.3631093],[106.9677398,21.3625041],[106.9665202,21.3603163],[106.9658104,21.3593015],[106.9637311,21.3571602],[106.9628114,21.3563781],[106.9615018,21.3562385],[106.9613619,21.3559312],[106.9614718,21.3543485],[106.9611119,21.3536781],[106.960852,21.3528495],[106.9602422,21.3523467],[106.9581629,21.351276],[106.9559236,21.3507546],[106.9545441,21.3502146],[106.9534045,21.350587],[106.9521449,21.3514063],[106.9506154,21.3523281],[106.9496857,21.3524212],[106.9492158,21.3521326],[106.9489559,21.3524491],[106.9488836,21.3527394],[106.948826,21.3529705],[106.9480862,21.3530636],[106.9476963,21.3526167],[106.9461468,21.3515181],[106.9453371,21.3504753],[106.9446773,21.3501122],[106.9440175,21.3488087],[106.9435477,21.3482779],[106.9430879,21.3458106],[106.9430079,21.3448515],[106.9431553,21.341125],[106.942477,21.3398614],[106.9414313,21.3392033],[106.939029,21.339098],[106.937305,21.3384399],[106.937128,21.3384112],[106.9370207,21.3384311],[106.9368544,21.3384836],[106.9355245,21.3387821],[106.9343375,21.3396245],[106.9337158,21.3404932],[106.9333766,21.3411776],[106.9326135,21.3416251],[106.9317939,21.3416778],[106.9312004,21.3412566],[106.9306352,21.3403616],[106.9299004,21.3379397],[106.9295895,21.3356231],[106.9300982,21.3344385],[106.931869,21.3331121],[106.9323575,21.3324162],[106.9318403,21.3313188],[106.9309783,21.328776],[106.9300587,21.326019],[106.9313805,21.3242523],[106.9315242,21.3232887],[106.9305472,21.3228336],[106.9283059,21.3231816],[106.9269266,21.3238776],[106.9232773,21.324172],[106.9226451,21.3239579],[106.9223865,21.3232887],[106.9221854,21.3210669],[106.9216969,21.3193002],[106.9218693,21.3159809],[106.9213521,21.3153117],[106.9202601,21.3152581],[106.9182356,21.3165676],[106.9174154,21.316784],[106.9160361,21.3163824],[106.9145994,21.3157132],[106.9128465,21.3158738],[106.9127029,21.316195],[106.9132776,21.3179618],[106.9130764,21.3189522],[106.9125592,21.3198356],[106.9124443,21.320371],[106.9113811,21.3217629],[106.9116109,21.3227801],[106.913019,21.3232619],[106.9133063,21.3237973],[106.9125879,21.3255372],[106.9107202,21.3267417],[106.9091685,21.3285886],[106.9086225,21.3290169],[106.9070996,21.3305426],[106.9057203,21.3311314],[106.9045709,21.3320415],[106.901956,21.3337545],[106.8987665,21.3364846],[106.8955769,21.3380905],[106.8942838,21.3391611],[106.8926459,21.3396161],[106.891554,21.3394555],[106.8910368,21.3403655],[106.8913528,21.341222],[106.8925597,21.3423461],[106.8922913,21.3431264],[106.8921287,21.3437111],[106.8899448,21.3451028],[106.8889391,21.3464945],[106.887215,21.3480468],[106.8852323,21.3491173],[106.8843415,21.3489567],[106.8820427,21.3469227],[106.8804623,21.3450493],[106.8801462,21.3438449],[106.8800888,21.3423193],[106.8799451,21.3413826],[106.8792267,21.3395091],[106.8774164,21.3373411],[106.8768992,21.3365381],[106.8753475,21.3356816],[106.8690258,21.3361099],[106.8674454,21.3355746],[106.8668707,21.3341292],[106.8660374,21.3330586],[106.865003,21.3326839],[106.8631065,21.3327374],[106.8616697,21.3322824],[106.8596295,21.3312117],[106.8580204,21.3312653],[106.8530492,21.3312385],[106.8519573,21.3306229],[106.8506355,21.3301143],[106.8499459,21.3293381],[106.8496585,21.3285351],[106.8497275,21.3280495],[106.8503771,21.3268997],[106.8504056,21.3265811],[106.8495436,21.3241452],[106.8491846,21.3236915],[106.8485887,21.3235496],[106.8473971,21.3234231],[106.8448369,21.3241045],[106.8422361,21.3243316],[106.8405294,21.3245209],[106.8374409,21.3272464],[106.836521,21.3278166],[106.8360275,21.3279965],[106.8354904,21.3280414],[106.8351692,21.3279865],[106.8344611,21.3277766],[106.8324655,21.3270121],[106.8307811,21.3264624],[106.8269241,21.3252731],[106.8257654,21.3248733],[106.8249071,21.3244535],[106.8243223,21.3240538],[106.823582,21.3233192],[106.8231154,21.3226496],[106.8227077,21.3217251],[106.822021,21.3198461],[106.8215865,21.3184069],[106.8215758,21.3180021],[106.8216884,21.3175423],[106.8218601,21.3171975],[106.8219835,21.3169226],[106.8220425,21.3165678],[106.8220103,21.316158],[106.8217903,21.3154084],[106.8215704,21.3149537],[106.8211627,21.3143789],[106.8192154,21.3120751],[106.8188828,21.3117103],[106.8185717,21.3114504],[106.8183276,21.3113179],[106.8180299,21.3111755],[106.8175739,21.3110206],[106.8173701,21.3109181],[106.8172306,21.3108107],[106.8170106,21.3104958],[106.81678,21.310131],[106.8165976,21.3098162],[106.8160772,21.3092714],[106.815573,21.3089416],[106.8151063,21.3087816],[106.8144679,21.3087267],[106.8140602,21.3087716],[106.8135667,21.3090565],[106.8132234,21.3093364],[106.8127191,21.3096562],[106.8120571,21.3100095],[106.8115968,21.310172],[106.8111128,21.310256],[106.8106363,21.3102599],[106.8103266,21.310221],[106.8101934,21.3101755],[106.8098172,21.3099912],[106.8095916,21.3098312],[106.8093895,21.309643],[106.809123,21.3093207],[106.8089147,21.3091177],[106.8086797,21.3089416],[106.8084549,21.3088117],[106.8082157,21.3087067],[106.8079918,21.308665],[106.8077696,21.3087023],[106.8075317,21.3088251],[106.8073498,21.3088714],[106.806994,21.3088532],[106.8066708,21.3087656],[106.80638,21.3086116],[106.8040342,21.3068706],[106.8034908,21.306414],[106.8032795,21.3062762],[106.8029398,21.3061229],[106.8025951,21.3060253],[106.802237,21.3059879],[106.8019932,21.3059975],[106.8017998,21.3060331],[106.8016049,21.306139],[106.8014432,21.3063355],[106.801312,21.3067649],[106.8009858,21.3074932],[106.8007886,21.308002],[106.8007629,21.3082891],[106.8008545,21.3089195],[106.8008585,21.309345],[106.8007995,21.3097872],[106.8006759,21.3102183],[106.8004898,21.3106307],[106.7997533,21.3119052],[106.7991611,21.3131203],[106.7988799,21.3135927],[106.7985463,21.3140491],[106.7983524,21.3142449],[106.7981352,21.3144155],[106.7977738,21.3146199],[106.7974263,21.3147352],[106.7969954,21.3148318],[106.7965714,21.3148963],[106.7959287,21.314939],[106.7936554,21.314875],[106.7914755,21.314857],[106.7911301,21.3147814],[106.7909127,21.3146938],[106.7907092,21.3145772],[106.7905256,21.3144348],[106.7903658,21.3142693],[106.7901693,21.314008],[106.7897218,21.3132895],[106.7895557,21.3129205],[106.7894533,21.3124647],[106.7894734,21.312155],[106.7895327,21.3119514],[106.7900839,21.3109281],[106.7903828,21.3101396],[106.7904358,21.3099046],[106.790448,21.3096647],[106.7904191,21.3094261],[106.7903499,21.3091947],[106.7902422,21.3089766],[106.7901019,21.308781],[106.7899307,21.3086082],[106.7897326,21.3084623],[106.7895126,21.3083468],[106.7892506,21.3082619],[106.7890674,21.3082369],[106.7888559,21.3082401],[106.7885477,21.308308],[106.788278,21.3084235],[106.7879463,21.3086002],[106.7872318,21.3090862],[106.7868277,21.3092897],[106.7859647,21.309616],[106.7848925,21.3100737],[106.7843904,21.3102588],[106.7836061,21.3104864],[106.7827803,21.3106508],[106.7823999,21.3106938],[106.7818254,21.3106957],[106.7813532,21.3106405],[106.7810648,21.3105736],[106.780684,21.3104172],[106.7804422,21.3102724],[106.7801115,21.3099944],[106.7799265,21.3097777],[106.7793578,21.3089116],[106.7792974,21.3087516],[106.7792739,21.3085835],[106.7792882,21.3084144],[106.7793365,21.3082595],[106.7794118,21.3081234],[106.779513,21.3080028],[106.7796367,21.307902],[106.7803664,21.3075071],[106.7807367,21.3072823],[106.7810829,21.3070265],[106.7816001,21.3065953],[106.7821593,21.3062475],[106.7823264,21.3060893],[106.7824638,21.3059079],[106.7825595,21.3057279],[106.7826259,21.3055368],[106.7826616,21.3053386],[106.782799,21.3035458],[106.7827838,21.3032534],[106.7827305,21.303047],[106.7826412,21.3028516],[106.7825182,21.3026729],[106.7822785,21.3024465],[106.7820883,21.3023295],[106.7818833,21.3022448],[106.7816662,21.3021924],[106.7814428,21.3021738],[106.7781571,21.3024537],[106.7764127,21.3026694],[106.7747203,21.3029567],[106.7716935,21.3035678],[106.7709903,21.3036561],[106.7702812,21.3036789],[106.7697808,21.3036554],[106.7690355,21.3035512],[106.7677331,21.3033691],[106.7674154,21.3033483],[106.7670972,21.3033606],[106.7667859,21.303405],[106.7663383,21.303529],[106.7654412,21.3040163],[106.7651933,21.3041127],[106.7648041,21.3042087],[106.7643499,21.3042443],[106.7632911,21.3041859],[106.7629035,21.3041847],[106.7623258,21.3042437],[106.7617862,21.3043673],[106.7614379,21.3044853],[106.7611018,21.3046308],[106.7596275,21.3053982],[106.7594157,21.3055335],[106.7591571,21.3057447],[106.7589623,21.3060129],[106.7587819,21.30655],[106.7585385,21.3068825],[106.7581878,21.3072544],[106.756304,21.3090225],[106.7558563,21.3095263],[106.7555094,21.3100349],[106.7550163,21.3110376],[106.7546617,21.3116357],[106.7532384,21.3135843],[106.7530889,21.3137296],[106.7529158,21.3138502],[106.752724,21.3139428],[106.7524123,21.3140241],[106.7520835,21.3140317],[106.7518676,21.3139944],[106.7512307,21.3137827],[106.7505041,21.3135906],[106.750066,21.3134232],[106.7478376,21.3122208],[106.7470469,21.31172],[106.7465436,21.3113554],[106.7458302,21.3109156],[106.7450201,21.3104758],[106.7445951,21.3103029],[106.7441552,21.3101658],[106.743704,21.3100656],[106.7430139,21.3099861],[106.7422578,21.3099973],[106.7419295,21.3100408],[106.7416558,21.3101156],[106.7412706,21.3102883],[106.7409313,21.3105254],[106.7406515,21.310814],[106.7405674,21.3109979],[106.74054,21.3112283],[106.7405682,21.3113918],[106.7407677,21.3119118],[106.7408549,21.3124667],[106.7409408,21.3128053],[106.7411319,21.3132904],[106.7413896,21.313737],[106.7420113,21.3146056],[106.7424572,21.3151763],[106.7428835,21.315669],[106.7439533,21.3167927],[106.7443928,21.317314],[106.7447595,21.317806],[106.7448923,21.3180433],[106.7449987,21.3182919],[106.7450866,21.3185867],[106.7451489,21.3190415],[106.7451423,21.3196528],[106.7450828,21.3202332],[106.7446446,21.3227695],[106.7445282,21.3231079],[106.7443442,21.3234191],[106.7441943,21.3235984],[106.7440217,21.3237592],[106.7431855,21.3243486],[106.7423952,21.3249871],[106.7421507,21.3251379],[106.7418873,21.3252581],[106.7416008,21.3253479],[106.741304,21.3254015],[106.7405513,21.3254405],[106.7396772,21.3255779],[106.7391426,21.3256362],[106.7383361,21.3256678],[106.7377206,21.3256468],[106.7371081,21.3255867],[106.7362205,21.325444],[106.7356646,21.325328],[106.7349052,21.3251044],[106.7344139,21.3249165],[106.7339373,21.3246984],[106.7334768,21.324448],[106.7328273,21.3240135],[106.732447,21.3237061],[106.7321115,21.3233944],[106.730613,21.3217603],[106.7288518,21.319991],[106.7277689,21.3188289],[106.7274488,21.3185431],[106.7271026,21.318285],[106.7267583,21.3180709],[106.7264224,21.3178967],[106.726073,21.3177472],[106.7258931,21.3176989],[106.7257066,21.3176837],[106.7255205,21.3177022],[106.7253393,21.3177547],[106.7250967,21.3178921],[106.7248129,21.3182246],[106.7246643,21.3184719],[106.7245548,21.3187247],[106.724458,21.3191064],[106.7243241,21.3201844],[106.7242725,21.3203625],[106.7241418,21.3206107],[106.7240075,21.3207729],[106.7238455,21.3209114],[106.7233388,21.3212167],[106.7230624,21.3214262],[106.7227911,21.321679],[106.7223448,21.3221548],[106.7217405,21.3226506],[106.7216159,21.3228399],[106.7214382,21.3234091],[106.7212665,21.3237789],[106.7201876,21.3254325],[106.7199457,21.325969],[106.7196129,21.3270373],[106.7193047,21.3278198],[106.7182195,21.3300952],[106.7178618,21.3309455],[106.7170393,21.3330584],[106.7169446,21.3332157],[106.7167503,21.3334103],[106.7165136,21.3335431],[106.7163112,21.3335983],[106.7159602,21.3336431],[106.7157111,21.3336378],[106.7154649,21.3336021],[106.7151865,21.3335284],[106.7145894,21.3332944],[106.7135149,21.3326936],[106.7122137,21.3320441],[106.710943,21.3313669],[106.7107297,21.3312014],[106.7105417,21.3310113],[106.710228,21.3305591],[106.7099567,21.3302405],[106.7097154,21.3300061],[106.7095877,21.3298395],[106.7092567,21.3291768],[106.7085393,21.3280332],[106.707843,21.3268045],[106.7076657,21.3265315],[106.7073444,21.3261584],[106.7070967,21.3259378],[106.7068255,21.3257428],[106.7063838,21.3254817],[106.7060835,21.3252159],[106.7054407,21.3244662],[106.7053289,21.3242948],[106.7052484,21.3241087],[106.705202,21.3239175],[106.7051888,21.3237219],[106.705302,21.3222698],[106.7054093,21.32187],[106.7056775,21.3212403],[106.7057677,21.3209608],[106.7058225,21.3206734],[106.7058411,21.320382],[106.7058234,21.3200905],[106.705772,21.3198133],[106.7056914,21.319553],[106.7055037,21.3190887],[106.7054315,21.3187057],[106.7054184,21.3182562],[106.7054603,21.3176641],[106.705414,21.3171139],[106.7054349,21.3169129],[106.7055386,21.3165195],[106.7055498,21.316347],[106.7055085,21.3161081],[106.7052532,21.315522],[106.7050778,21.3153251],[106.704857,21.3151867],[106.7045325,21.3150887],[106.704049,21.3150107],[106.7035312,21.3149968],[106.7031781,21.3150281],[106.7028303,21.3150922],[106.702491,21.3151885],[106.7021293,21.3153284],[106.7017997,21.3154931],[106.7013618,21.3157782],[106.7002634,21.3167182],[106.7000717,21.3169726],[106.6999333,21.3172945],[106.6998893,21.3175223],[106.6997906,21.3186878],[106.6998222,21.3188916],[106.6999137,21.3191387],[106.7001067,21.3195111],[106.7001682,21.3197212],[106.7001976,21.3199427],[106.7001765,21.3202765],[106.7001165,21.3205092],[106.700021,21.3207487],[106.6998947,21.3209755],[106.6997347,21.3211916],[106.6995466,21.3213871],[106.6990102,21.3217882],[106.6988271,21.3219674],[106.6972876,21.3241187],[106.6968516,21.3246818],[106.6961678,21.3254784],[106.694843,21.3268645],[106.6941995,21.3275069],[106.693542,21.3281268],[106.6925293,21.3290159],[106.6921136,21.3295001],[106.6917247,21.3300802],[106.6916471,21.3303072],[106.6916021,21.3305418],[106.6916038,21.3309568],[106.6916432,21.3311379],[106.6917144,21.3313188],[106.6918792,21.3315853],[106.6921307,21.3318387],[106.6926357,21.3322138],[106.6935217,21.3329634],[106.694448,21.3338403],[106.695111,21.3345879],[106.6954269,21.3350117],[106.6957783,21.3355672],[106.6958821,21.3358066],[106.695956,21.3360534],[106.6960907,21.3370464],[106.6964346,21.3384554],[106.6964614,21.3387197],[106.6964535,21.338972],[106.6963504,21.3395331],[106.6963541,21.339724],[106.6963966,21.3399266],[106.6964775,21.3401188],[106.6968008,21.3406246],[106.6971534,21.3411131],[106.6976373,21.3417076],[106.6978401,21.3420325],[106.6979688,21.3423635],[106.6980533,21.3427395],[106.6981138,21.3432708],[106.6981108,21.3435491],[106.6980299,21.3438399],[106.6978731,21.3440969],[106.6975976,21.3443606],[106.6975066,21.3444835],[106.6972897,21.345049],[106.6971803,21.3451902],[106.697011,21.3452979],[106.6966212,21.3454072],[106.6963058,21.34553],[106.696191,21.3456105],[106.6960696,21.3457661],[106.6956315,21.3472456],[106.695602,21.3475866],[106.6956429,21.3480785],[106.6956085,21.348246],[106.695541,21.3484043],[106.6938746,21.3504998],[106.6935306,21.3508256],[106.69298,21.3512417],[106.6926165,21.3516706],[106.6924523,21.3517997],[106.6922733,21.3518987],[106.6918532,21.3520775],[106.6915038,21.3522656],[106.6912952,21.3523433],[106.6909777,21.3524032],[106.6902267,21.3523834],[106.6897385,21.3524434],[106.6887906,21.3526485],[106.6883773,21.3527697],[106.6882699,21.3528244],[106.6879743,21.3530264],[106.6875733,21.3533996],[106.68725,21.3535661],[106.6871113,21.353679],[106.6870174,21.3538388],[106.6869288,21.3541296],[106.6868269,21.3542835],[106.6864783,21.3546182],[106.6859487,21.3550596],[106.6858378,21.3552332],[106.685754,21.3554696],[106.6856834,21.3555542],[106.6855379,21.3556395],[106.6853678,21.3556624],[106.6850643,21.3556192],[106.6842153,21.3553141],[106.6836941,21.3551578],[106.6831933,21.3550405],[106.6823155,21.3548805],[106.6820572,21.3548093],[106.6818004,21.3547057],[106.6815504,21.354568],[106.6807373,21.3539717],[106.6796716,21.3532731],[106.6790263,21.352894],[106.6783119,21.3525269],[106.6780451,21.3523667],[106.6778024,21.352176],[106.6775297,21.3518862],[106.6773349,21.3515796],[106.6772401,21.3513604],[106.6771746,21.3511336],[106.6771256,21.3507548],[106.6771245,21.3502796],[106.6772019,21.3497392],[106.6777109,21.3478309],[106.6777927,21.3472643],[106.6778094,21.346864],[106.6777772,21.3459997],[106.6776415,21.3443075],[106.6774771,21.3431692],[106.6772453,21.3420855],[106.67709,21.3418022],[106.6769471,21.3416424],[106.6767802,21.3415109],[106.6760123,21.3411281],[106.6751037,21.3405826],[106.6747093,21.3404251],[106.6744246,21.3403475],[106.6740233,21.3402777],[106.6735065,21.3402243],[106.6729867,21.3402087],[106.6723179,21.3402448],[106.6698431,21.3406442],[106.6695048,21.3407267],[106.669172,21.3408381],[106.6688475,21.3409782],[106.6685379,21.341145],[106.6679131,21.3415626],[106.6672518,21.342071],[106.6657233,21.3434465],[106.6649187,21.3442459],[106.6630948,21.3462145],[106.662671,21.3465992],[106.6621399,21.346944],[106.659683,21.348273],[106.6593768,21.3484211],[106.6590553,21.3485378],[106.658778,21.3486103],[106.6583979,21.3486693],[106.6581352,21.3486814],[106.6578508,21.3486682],[106.6557723,21.3483829],[106.655301,21.3483464],[106.6543941,21.3483549],[106.6539618,21.3483954],[106.6536313,21.3484504],[106.6531248,21.3485925],[106.6526003,21.348823],[106.6517919,21.3493422],[106.6509625,21.3497842],[106.6506667,21.3499872],[106.6502631,21.3503365],[106.6500839,21.3505306],[106.6498588,21.350852],[106.6496848,21.3512198],[106.6496149,21.3514843],[106.6495865,21.3517543],[106.6496033,21.3521608],[106.6497583,21.3528363],[106.6495747,21.3539967],[106.6495476,21.3544746],[106.6495725,21.3551384],[106.6496271,21.3555063],[106.6497776,21.3560299],[106.6499144,21.3563469],[106.6504211,21.3572562],[106.6505592,21.3576004],[106.65066,21.3579556],[106.6507357,21.3584512],[106.6507888,21.3603137],[106.6508243,21.3607745],[106.6509337,21.3615043],[106.6510989,21.3622049],[106.6511009,21.3624552],[106.6510302,21.3626967],[106.6508903,21.3629135],[106.6507639,21.3630345],[106.6504347,21.3632713],[106.6500846,21.3636852],[106.6499251,21.3638408],[106.6495871,21.3640656],[106.6492828,21.364186],[106.6489649,21.3642704],[106.6485196,21.3643254],[106.6476146,21.3643422],[106.6471007,21.3643792],[106.6451347,21.364735],[106.6444445,21.3648325],[106.643614,21.3649155],[106.64334,21.3649103],[106.6429476,21.3648397],[106.642598,21.364707],[106.6423827,21.3645852],[106.6421131,21.364391],[106.6418499,21.3641611],[106.6415996,21.3638937],[106.6413803,21.3636036],[106.6407477,21.3625108],[106.6403824,21.3617977],[106.6400122,21.3609982],[106.6397284,21.3603208],[106.639651,21.360038],[106.6396112,21.3597759],[106.6395973,21.3591365],[106.639541,21.3587106],[106.6394712,21.3584256],[106.6392338,21.3576958],[106.6390675,21.3569614],[106.6388744,21.3563319],[106.6386311,21.3557732],[106.6384389,21.3554382],[106.6382214,21.3551431],[106.6378745,21.3547687],[106.6375157,21.3544864],[106.636775,21.3540065],[106.6362415,21.3537078],[106.6356727,21.3534279],[106.6340947,21.3527796],[106.6313787,21.351714],[106.6291165,21.3507861],[106.6288131,21.3507036],[106.6285013,21.3506548],[106.6281856,21.3506405],[106.6278702,21.3506607],[106.6274072,21.3507553],[106.6271116,21.3508598],[106.6268313,21.350996],[106.6261906,21.3513968],[106.6255368,21.3518406],[106.6247246,21.3524581],[106.624447,21.3527325],[106.6241974,21.3530295],[106.6238701,21.3535291],[106.6237552,21.3537862],[106.6236452,21.3541673],[106.6235996,21.3544765],[106.6235796,21.3548446],[106.6235965,21.3552128],[106.6238767,21.3564266],[106.6242,21.3571617],[106.6242939,21.357441],[106.6243693,21.3578463],[106.6244146,21.3582511],[106.6244202,21.3590074],[106.6243744,21.3593095],[106.6241759,21.359984],[106.6240954,21.3603786],[106.6237628,21.3630714],[106.6235161,21.3645452],[106.6230536,21.3668442],[106.6228128,21.3684064],[106.6226967,21.3688299],[106.6225845,21.3690885],[106.622293,21.3695459],[106.6216546,21.3702303],[106.621464,21.3703677],[106.6212523,21.3704751],[106.621063,21.3705396],[106.6205896,21.3706287],[106.6201663,21.3707508],[106.6198703,21.3708741],[106.6191515,21.3712298],[106.6187021,21.3714119],[106.6179633,21.3716537],[106.6168861,21.371945],[106.6163964,21.3721193],[106.6153247,21.3725664],[106.6146461,21.3727761],[106.6139512,21.3729246],[106.6137166,21.3729603],[106.6133439,21.3729803],[106.6129706,21.3729711],[106.6124071,21.3729093],[106.6120785,21.3728504],[106.6118109,21.3727705],[106.6115819,21.3726715],[106.611367,21.3725482],[106.6098684,21.3715646],[106.6091591,21.3710162],[106.6084924,21.3704069],[106.6080688,21.3699611],[106.6075103,21.3692892],[106.6072069,21.3688661],[106.6068144,21.3682056],[106.6065972,21.3677566],[106.6064116,21.3672953],[106.6057955,21.3653668],[106.6054834,21.364505],[106.6050536,21.3634303],[106.6047621,21.3627937],[106.6044284,21.3621379],[106.6040492,21.3614656],[106.6036399,21.3608089],[106.6028805,21.3597904],[106.6027423,21.3596355],[106.6024433,21.3593445],[106.6019684,21.3589762],[106.6016244,21.3587648],[106.6011874,21.3585608],[106.6003954,21.3582753],[106.5998288,21.3581144],[106.5992528,21.3579856],[106.5987945,21.3579676],[106.5983394,21.3580217],[106.5980501,21.3580952],[106.597777,21.3581955],[106.597517,21.3583227],[106.5963871,21.3590136],[106.5944731,21.3602737],[106.5935841,21.3607807],[106.5926786,21.3612619],[106.5917561,21.3617177],[106.5908172,21.3621474],[106.5866578,21.3638796],[106.5860804,21.3640221],[106.5855148,21.3640882],[106.5849993,21.3640882],[106.5838613,21.3639771],[106.5833098,21.3639707],[106.5827008,21.3640239],[106.5812495,21.3642804],[106.5801612,21.3644423],[106.5794429,21.3645093],[106.5787348,21.3645448],[106.5780258,21.3645502],[106.5755153,21.3644603],[106.5728331,21.3644103],[106.5710386,21.3644989],[106.5702815,21.3646099],[106.5695491,21.3648004],[106.569078,21.3649698],[106.566948,21.3658391],[106.5664011,21.3660139],[106.5655694,21.3662103],[106.564928,21.3662986],[106.5643845,21.366293],[106.5640243,21.3662455],[106.5636702,21.3661632],[106.563161,21.3659765],[106.5598646,21.3643304],[106.559406,21.3640613],[106.558848,21.3636235],[106.5574351,21.3622714],[106.557097,21.3618393],[106.5569139,21.3615438],[106.5567157,21.3611498],[106.5564224,21.3604149],[106.5562139,21.3596742],[106.5560585,21.3588399],[106.5560327,21.3584474],[106.5560413,21.3580542],[106.5563375,21.3545433],[106.5563091,21.3540212],[106.5562416,21.3536833],[106.5561296,21.3534296],[106.5560007,21.3532556],[106.5557581,21.3530294],[106.5555583,21.3528915],[106.5553418,21.3527777],[106.5551117,21.3526897],[106.5543151,21.3524824],[106.5537459,21.3523014],[106.5533817,21.3521451],[106.5530547,21.3519743],[106.5512709,21.3508075],[106.5505832,21.3503219],[106.5499163,21.3498119],[106.5490238,21.3490623],[106.5485439,21.3486152],[106.5483031,21.3482979],[106.5481774,21.3480667],[106.5480816,21.3478233],[106.5480171,21.347571],[106.5479808,21.3471836],[106.5480574,21.3463799],[106.5480555,21.345974],[106.5479743,21.3453701],[106.5478484,21.3449481],[106.5476502,21.3445573],[106.5473922,21.3442118],[106.5471567,21.3439903],[106.546738,21.3436994],[106.5464448,21.3435424],[106.5461372,21.3434117],[106.5456128,21.3432675],[106.5445042,21.343042],[106.5437579,21.3429268],[106.5430433,21.3428435],[106.5419662,21.3427669],[106.5407365,21.3427529],[106.5395381,21.3427971],[106.5382832,21.3429033],[106.5380444,21.3429466],[106.5377015,21.3430617],[106.5374642,21.3431843],[106.5372471,21.3433475],[106.5370562,21.3435478],[106.5368358,21.3438725],[106.5366948,21.344195],[106.5362237,21.3457513],[106.5359114,21.3465634],[106.5355142,21.3473876],[106.5349924,21.348243],[106.5344667,21.3489625],[106.5340544,21.3494707],[106.5333938,21.3502016],[106.5329808,21.3505899],[106.5323102,21.3511209],[106.5317163,21.3515085],[106.5313017,21.3517404],[106.5305247,21.3520483],[106.5299488,21.352241],[106.5293164,21.3524197],[106.5279901,21.3527072],[106.5272629,21.3528412],[106.5265305,21.3529471],[106.5253967,21.3530548],[106.5246284,21.3530894],[106.524382,21.3530719],[106.5241408,21.3530218],[106.5239097,21.3529402],[106.5236934,21.3528288],[106.5234965,21.3526897],[106.5233291,21.3525326],[106.5231251,21.3522607],[106.5230244,21.3520602],[106.5229224,21.3517088],[106.5228961,21.3514672],[106.5229213,21.3510979],[106.5229822,21.3508555],[106.5230773,21.3506228],[106.5232675,21.3503141],[106.5237057,21.3497519],[106.5241733,21.3492729],[106.5245142,21.3489803],[106.5266872,21.3472984],[106.5274391,21.3466689],[106.5285194,21.3456776],[106.5291612,21.3450339],[106.5297299,21.3444142],[106.5302726,21.3437691],[106.5307877,21.3430994],[106.5322952,21.3409844],[106.5325537,21.3404956],[106.5327662,21.3399289],[106.5328352,21.3395935],[106.5328283,21.339252],[106.5327489,21.3389274],[106.5326589,21.3387247],[106.5326037,21.3386536],[106.5323056,21.338367],[106.5321092,21.3382371],[106.5318962,21.3381324],[106.5309209,21.3377603],[106.5288448,21.3368659],[106.5278041,21.3364812],[106.5251305,21.3356204],[106.5235394,21.3350071],[106.5230245,21.334832],[106.5222714,21.334635],[106.5215814,21.3345125],[106.5207343,21.3344653],[106.5201686,21.3344752],[106.5193592,21.3345471],[106.5185772,21.3346829],[106.5183198,21.3347423],[106.5158951,21.3354619],[106.5149236,21.3357763],[106.5139655,21.3361246],[106.5130822,21.3364808],[106.5118717,21.3370265],[106.5088999,21.3385498],[106.5080472,21.3390135],[106.5069119,21.3397015],[106.505352,21.3407627],[106.5046813,21.341185],[106.4999467,21.3440261],[106.4994222,21.3442961],[106.4990562,21.3444458],[106.4984956,21.3446207],[106.4981121,21.3447056],[106.4977342,21.3447538],[106.4971626,21.3447655],[106.49675,21.3447284],[106.4963639,21.3446465],[106.4961206,21.3445114],[106.4959878,21.3443858],[106.4958864,21.3442403],[106.4958183,21.3440789],[106.4957861,21.343908],[106.495741,21.3405385],[106.4958071,21.3390938],[106.4959029,21.3381339],[106.4960384,21.3371873],[106.4963139,21.3357923],[106.4966771,21.3344148],[106.4980792,21.3300929],[106.4985251,21.3289959],[106.500392,21.3250532],[106.500628,21.3243586],[106.5010464,21.3226395],[106.5011221,21.3220603],[106.5011162,21.3215352],[106.5010196,21.3209905],[106.5008188,21.320409],[106.500539,21.3198217],[106.5001675,21.3192062],[106.4997257,21.3186084],[106.4992562,21.3180865],[106.4988511,21.3177396],[106.4983766,21.317425],[106.4979993,21.3172298],[106.4975914,21.3170818],[106.4969846,21.3169372],[106.4964458,21.31688],[106.495904,21.3169029],[106.4953798,21.3170037],[106.4948921,21.3171738],[106.4941397,21.3175623],[106.4935536,21.3179532],[106.4928774,21.3184481],[106.4925608,21.3187643],[106.4905811,21.320938],[106.489702,21.3218113],[106.4887575,21.3227014],[106.4882918,21.3231352],[106.4862326,21.3250082],[106.4853944,21.3258771],[106.4845765,21.3267227],[106.4837944,21.3275867],[106.4833796,21.3279997],[106.48294,21.3283897],[106.4824769,21.3287555],[106.481992,21.3290958],[106.4817341,21.3292609],[106.4808507,21.3297659],[106.480133,21.3300412],[106.4796455,21.3301857],[106.4791489,21.3303001],[106.4779633,21.3304712],[106.4775225,21.3304993],[106.4770807,21.330493],[106.476641,21.3304523],[106.4759903,21.3303271],[106.475358,21.3301254],[106.4749539,21.3299503],[106.4745853,21.3297283],[106.4743642,21.3295495],[106.4741662,21.3293487],[106.4739937,21.3291283],[106.4737835,21.3287586],[106.4736829,21.3284957],[106.4736155,21.3282238],[106.4735912,21.3278968],[106.4736286,21.3273623],[106.4737033,21.3269515],[106.4738022,21.3265673],[106.474641,21.3243114],[106.474809,21.3237939],[106.4749271,21.3233292],[106.4749713,21.3230731],[106.4749836,21.322814],[106.4749637,21.3225553],[106.4748759,21.32218],[106.4747219,21.3218263],[106.4744189,21.3213834],[106.4743101,21.3212004],[106.4740958,21.3207969],[106.473942,21.3205033],[106.4736946,21.3199732],[106.4731514,21.3186018],[106.4729569,21.3181897],[106.4725445,21.3173754],[106.4721016,21.3165752],[106.4716287,21.3157901],[106.4713812,21.3154034],[106.4708495,21.3146217],[106.4702878,21.3138584],[106.4696967,21.3131146],[106.469621,21.3130365],[106.4694531,21.3128959],[106.4693618,21.3128339],[106.4691667,21.3127281],[106.4690637,21.3126848],[106.4688484,21.3126181],[106.4687376,21.3125952],[106.4683986,21.3125698],[106.4681063,21.3126083],[106.4678704,21.312677],[106.4676207,21.3127747],[106.4673655,21.3129127],[106.4671322,21.3130811],[106.4669176,21.3132777],[106.4667477,21.3134967],[106.4653564,21.3156689],[106.4649322,21.3162153],[106.4647195,21.3164447],[106.4645722,21.3165789],[106.4644177,21.316706],[106.4642566,21.3168257],[106.4640892,21.3169376],[106.463916,21.3170416],[106.4637373,21.3171373],[106.4635538,21.3172244],[106.4633657,21.3173029],[106.4631736,21.3173724],[106.462797,21.3174799],[106.462411,21.317553],[106.4620193,21.3175912],[106.4616254,21.3175941],[106.4614288,21.3175823],[106.4610386,21.3175323],[106.4599425,21.317294],[106.4588553,21.3170226],[106.4584408,21.3169027],[106.4580379,21.3167526],[106.4578415,21.3166665],[106.4574605,21.3164729],[106.4571025,21.3162552],[106.4566658,21.31592],[106.4563945,21.3156823],[106.456095,21.3153756],[106.4557716,21.314999],[106.4555303,21.3146789],[106.455274,21.3142973],[106.4549634,21.3137717],[106.454716,21.3132845],[106.4544994,21.3127847],[106.4524511,21.3072165],[106.4522018,21.3066573],[106.4520855,21.3063964],[106.4519405,21.3061079],[106.4517676,21.3058451],[106.4514558,21.3054858],[106.4512163,21.3052732],[106.4508211,21.3050033],[106.4503861,21.304793],[106.4500791,21.3046885],[106.4495458,21.3045817],[106.4490121,21.3045315],[106.4484544,21.3045425],[106.4478528,21.3046385],[106.4473303,21.3047926],[106.4469958,21.3049298],[106.4454776,21.3056507],[106.4450315,21.3058971],[106.4446041,21.306171],[106.4442036,21.3064662],[106.4436527,21.3069457],[106.4433145,21.3072923],[106.4421098,21.3087344],[106.4412653,21.3098561],[106.4406752,21.3107103],[106.4398491,21.3120251],[106.4375594,21.3160206],[106.4374019,21.3162021],[106.4372206,21.3163629],[106.4370023,21.3165104],[106.4367648,21.3166293],[106.4365125,21.3167177],[106.4362839,21.3167686],[106.4359331,21.3167977],[106.4355295,21.3167171],[106.4352733,21.3166228],[106.4350522,21.3165096],[106.4348473,21.3163723],[106.433723,21.3154234],[106.4284028,21.3108099],[106.4270689,21.3095415],[106.4262128,21.3086667],[106.4252043,21.3075572],[106.4242279,21.3063677],[106.4226106,21.304328],[106.4221972,21.3039014],[106.4217604,21.303529],[106.421227,21.303197],[106.420933,21.3030763],[106.4204689,21.3029567],[106.4201477,21.3029193],[106.4198217,21.3029171],[106.4193378,21.3029807],[106.4188334,21.3031329],[106.4184596,21.3032875],[106.4181011,21.3034708],[106.4177278,21.3036993],[106.417154,21.304114],[106.4140981,21.3068493],[106.4132939,21.3077026],[106.4125487,21.3086011],[106.4118478,21.3095673],[106.4113151,21.3104028],[106.4107864,21.3113979],[106.4104305,21.3122518],[106.4102347,21.3128347],[106.4095646,21.3150564],[106.4093992,21.3154708],[106.4091679,21.3158569],[106.4088666,21.3162154],[106.408503,21.3165295],[106.4080904,21.3167856],[106.4078018,21.3168627],[106.4075949,21.3168892],[106.4072908,21.3168568],[106.407094,21.316795],[106.4068268,21.3166465],[106.4066749,21.3165145],[106.4065492,21.3163605],[106.406375,21.316086],[106.4061786,21.3156444],[106.4054419,21.3133048],[106.4051187,21.3125269],[106.4047621,21.3117618],[106.4043805,21.3110254],[106.4037635,21.30997],[106.4034517,21.3095185],[106.4032805,21.3091978],[106.4030761,21.3086744],[106.402949,21.3081198],[106.4029059,21.3075542],[106.4029594,21.3068716],[106.4030372,21.3063812],[106.4031438,21.3058956],[106.403373,21.3051322],[106.4035653,21.3046349],[106.403886,21.3039068],[106.4046224,21.3023227],[106.4052387,21.3010877],[106.4063538,21.2989468],[106.407007,21.2975469],[106.407131,21.2971764],[106.407217,21.2967967],[106.4072634,21.2964236],[106.4072656,21.2958793],[106.4071907,21.2953395],[106.4070986,21.2949868],[106.4064064,21.2930915],[106.4060277,21.2919302],[106.4056839,21.2907574],[106.4048836,21.287795],[106.4042212,21.2855833],[106.4037635,21.2841655],[106.4023739,21.2801402],[106.4019808,21.2787081],[106.4016831,21.2773072],[106.4015299,21.2763658],[106.4012969,21.2745961],[106.4012145,21.2737687],[106.401166,21.2729391],[106.4011518,21.2720386],[106.4011777,21.2711383],[106.4012913,21.2697916],[106.4014525,21.2686062],[106.4014857,21.2680637],[106.4014863,21.2675203],[106.401413,21.2666037],[106.4011687,21.2650753],[106.4010063,21.2634616],[106.4008501,21.2584448],[106.4007881,21.257962],[106.4006879,21.2574848],[106.4004668,21.2567853],[106.4002735,21.2563337],[106.4000448,21.2558967],[106.3998007,21.2555047],[106.3995281,21.2551295],[106.3993815,21.2549488],[106.3990686,21.254602],[106.3985621,21.2541208],[106.397867,21.2535033],[106.3970573,21.2528259],[106.3958005,21.2518555],[106.3942,21.2507408],[106.3935934,21.2503592],[106.3929673,21.2500061],[106.3919949,21.2495316],[106.3909874,21.2491257],[106.3899205,21.2487821],[106.3888134,21.2485122],[106.3879542,21.2483654],[106.3864904,21.2481869],[106.3849712,21.2480751],[106.3834478,21.2480372],[106.3764784,21.2480974],[106.375757,21.2480699],[106.3750382,21.2480061],[106.3739695,21.2478432],[106.3729185,21.2476003],[106.371932,21.2472934],[106.371303,21.2470549],[106.3706878,21.2467871],[106.3701359,21.2464741],[106.3697952,21.2462284],[106.3693317,21.245809],[106.369058,21.2454989],[106.3687259,21.2450271],[106.36846,21.2445201],[106.3683869,21.2443447],[106.3682781,21.2437532],[106.3682554,21.2433535],[106.3682935,21.2427758],[106.3684118,21.2422186],[106.3685343,21.2418574],[106.368947,21.2410185],[106.3693693,21.24042],[106.3696614,21.2399329],[106.3698364,21.2395574],[106.3700033,21.2390965],[106.3700334,21.2388678],[106.3699881,21.2386413],[106.369875,21.2384424],[106.3697679,21.2383323],[106.3696397,21.2382438],[106.3692723,21.2381137],[106.3690442,21.2380767],[106.3687906,21.2380695],[106.36707,21.2383298],[106.3660849,21.238419],[106.3654253,21.2384363],[106.3647522,21.2384191],[106.3637272,21.2383249],[106.3627145,21.2381493],[106.3610711,21.2377851],[106.3594503,21.2373416],[106.3579047,21.2368372],[106.3564883,21.236288],[106.3555647,21.2358784],[106.3546594,21.2354348],[106.3533868,21.2347352],[106.352579,21.2342412],[106.3517917,21.2337192],[106.3506519,21.2328852],[106.3497118,21.2321072],[106.3491145,21.231648],[106.3481738,21.2310134],[106.3475191,21.230628],[106.3466161,21.2301635],[106.3456816,21.2297567],[106.3452297,21.229619],[106.3447587,21.2295578],[106.3444415,21.2295606],[106.3439719,21.2296301],[106.3436686,21.2297193],[106.3433788,21.2298413],[106.3431065,21.2299945],[106.3428555,21.2301766],[106.3426295,21.2303851],[106.3424315,21.2306171],[106.3422643,21.2308693],[106.3421304,21.2311381],[106.3397974,21.2368394],[106.3395894,21.2372991],[106.3393542,21.2377472],[106.3389336,21.2384209],[106.3386188,21.2388499],[106.3382982,21.2392324],[106.3379705,21.2395645],[106.337616,21.2398718],[106.337237,21.2401524],[106.3368502,21.2403963],[106.3364448,21.2406125],[106.335807,21.2408822],[106.3353411,21.2410179],[106.3348648,21.2411173],[106.3343813,21.2411795],[106.3336499,21.2412024],[106.3331054,21.2411673],[106.3325648,21.2410977],[106.3317665,21.240929],[106.3312465,21.2407746],[106.330739,21.2405874],[106.3302465,21.2403684],[106.3297561,21.2401098],[106.3292866,21.2398197],[106.3288401,21.2394994],[106.3284191,21.2391505],[106.3280255,21.2387748],[106.3277972,21.2384811],[106.3276021,21.2381672],[106.3274423,21.2378365],[106.3273189,21.237491],[106.3272339,21.2371356],[106.3271883,21.2367739],[106.3271946,21.236228],[106.3274551,21.2330114],[106.3274982,21.2316557],[106.3274503,21.2286918],[106.3269741,21.2236401],[106.326848,21.2209934],[106.3268063,21.2183444],[106.3268181,21.2170711],[106.326896,21.2159032],[106.3269951,21.2151284],[106.3272098,21.2139956],[106.3275022,21.2128883],[106.3290932,21.2081573],[106.3301014,21.2046879],[106.3303001,21.2042199],[106.3305317,21.2037651],[106.3307951,21.2033257],[106.3310892,21.2029035],[106.331585,21.2023066],[106.3321608,21.2017419],[106.3327957,21.2012353],[106.3332485,21.2009324],[106.3337225,21.2006592],[106.3346927,21.2001639],[106.335433,21.1998191],[106.3368109,21.1992287],[106.3374026,21.1988997],[106.337728,21.1986756],[106.337888,21.1984821],[106.3379592,21.198333],[106.3379989,21.198174],[106.3379964,21.1979297],[106.3379125,21.1976582],[106.3378043,21.1974418],[106.3376732,21.1972544],[106.3375273,21.1970964],[106.3372711,21.1968949],[106.3358783,21.1961973],[106.3340189,21.1952002],[106.3334862,21.19494],[106.3329354,21.1947149],[106.3324304,21.1945445],[106.3319766,21.1944211],[106.3309612,21.1942138],[106.3300038,21.1939715],[106.3280508,21.1933368],[106.3261148,21.1927394],[106.3250867,21.1924875],[106.3243898,21.1923665],[106.3236866,21.1922835],[106.3229794,21.192239],[106.3222706,21.192233],[106.321334,21.1922842],[106.3207132,21.1923558],[106.3197914,21.1925186],[106.3161057,21.1933763],[106.315637,21.1934569],[106.3151632,21.1935044],[106.3143723,21.1935109],[106.3138543,21.1934549],[106.3133414,21.1932986],[106.3130552,21.1931048]]}},{"type":"Feature","properties":{"id":4},"geometry":{"type":"LineString","coordinates":[[105.826583,21.4555962],[105.8273008,21.4543917],[105.8279387,21.4527993],[105.8284029,21.4520668],[105.8283155,21.450739],[105.8287611,21.4492088],[105.8298106,21.4449257],[105.8319097,21.4449632],[105.8321519,21.4440239],[105.8316271,21.4435355],[105.8318993,21.4417434],[105.8308113,21.440574],[105.8300866,21.4390281],[105.8304064,21.4386043],[105.8301787,21.4374342],[105.8303092,21.4343384],[105.8322065,21.432034],[105.8352428,21.4307864],[105.8371527,21.4298658],[105.8398485,21.4274885],[105.8401448,21.4266378],[105.8393331,21.4236521],[105.8390037,21.421572],[105.8379734,21.4206076],[105.836503,21.4199347],[105.8344407,21.4201216],[105.8328564,21.4189859],[105.8317032,21.4167136],[105.8301211,21.4135968],[105.8298034,21.4118793],[105.8306851,21.4104014],[105.8313179,21.4097608],[105.8336965,21.4083454],[105.8342821,21.4081597],[105.8348646,21.4081967],[105.8353076,21.4085134],[105.8362043,21.4092027],[105.836717,21.4093277],[105.8371332,21.4093028],[105.8373352,21.4090849],[105.8373912,21.4086574],[105.8374125,21.4065281],[105.8391407,21.4038885],[105.8388304,21.4009143],[105.8386254,21.3995007],[105.8391306,21.3984114],[105.8405012,21.3980896],[105.8419891,21.3978042],[105.8422881,21.3971412],[105.8421802,21.3968458],[105.8422086,21.3960689],[105.8436056,21.3955579],[105.8454916,21.3954728],[105.8489912,21.3950026],[105.8518896,21.3962726],[105.8529631,21.39611],[105.8535769,21.3950705],[105.8533076,21.3940016],[105.8525047,21.3925786],[105.8509272,21.3907887],[105.8503258,21.3891444],[105.8499062,21.3839938],[105.8500842,21.3823747],[105.8504314,21.3814311],[105.8522969,21.3791358],[105.8521201,21.3783715],[105.8507584,21.3783148],[105.848801,21.3796634],[105.8473333,21.3785757],[105.8486623,21.3765867],[105.8523725,21.3750297],[105.8562132,21.3758292],[105.8575777,21.3750486],[105.8582858,21.3734601],[105.8579355,21.3717276],[105.8579415,21.3701831],[105.8585283,21.3676394],[105.8550858,21.3673077],[105.8552634,21.3670758],[105.8545103,21.3640932],[105.8536126,21.3615751],[105.8537549,21.3593571],[105.8524915,21.3586927],[105.8516929,21.3574206],[105.8517072,21.3558612],[105.8520973,21.3553118],[105.8536626,21.3540931],[105.8547149,21.3525669],[105.854338,21.3520129],[105.8524715,21.3506953],[105.852341,21.3493627],[105.8529061,21.3484228],[105.8564772,21.3472273],[105.8588378,21.345761],[105.8585316,21.3450502],[105.8564484,21.3460563],[105.855624,21.3441397],[105.8558402,21.342729],[105.8566426,21.3420991],[105.8569494,21.3412684],[105.8573503,21.339605],[105.8580039,21.3385657],[105.8595916,21.3379629],[105.8617802,21.3383025],[105.8625937,21.3380518],[105.8631019,21.3375923],[105.8630312,21.3367091],[105.8657012,21.3335768],[105.8659262,21.3301648],[105.8668674,21.3278805],[105.8685913,21.3266514],[105.8692293,21.3272512],[105.8704327,21.3292266],[105.871138,21.3296257],[105.8718409,21.3294588],[105.8737062,21.3284278],[105.8761455,21.3277082],[105.8842125,21.3272373],[105.890924,21.326524]]}},{"type":"Feature","properties":{"id":5},"geometry":{"type":"LineString","coordinates":[[106.5879339,21.2858255],[106.5876442,21.2858605],[106.5872633,21.2859455],[106.5865606,21.2859705],[106.585705,21.285793],[106.5850425,21.2856755],[106.5846831,21.2855231],[106.5837765,21.2844359],[106.5833044,21.284066],[106.5829933,21.284026],[106.5824139,21.2838061],[106.5816843,21.2837661],[106.5812015,21.2837161],[106.5809226,21.2837161],[106.5804827,21.2836861],[106.5802896,21.2836362],[106.5801287,21.2834762],[106.5797853,21.2826264],[106.5796673,21.2823865],[106.5795278,21.2822466],[106.5790772,21.2821466],[106.5788197,21.2821166],[106.578573,21.2821266],[106.5783906,21.2822466],[106.5776718,21.2839161],[106.5774572,21.284266],[106.5773177,21.2845659],[106.5770388,21.2850057],[106.5767383,21.2853556],[106.5764916,21.2855756],[106.5762126,21.2858355],[106.5747106,21.2884047],[106.5745497,21.2887746],[106.5743458,21.2891444],[106.5741312,21.2899142],[106.5739918,21.2900741],[106.5737772,21.2901641],[106.5734446,21.2901141],[106.5731656,21.2899342],[106.5716636,21.2885646],[106.5702152,21.2875649],[106.5700221,21.287395],[106.5697646,21.2872101],[106.5694106,21.2870501],[106.5691316,21.2870001],[106.5687722,21.2870801],[106.5679139,21.2875749],[106.5665245,21.2880598],[106.5663421,21.2881897],[106.5656716,21.2885296],[106.5650225,21.2890095],[106.5647811,21.2892544],[106.5645558,21.2894393],[106.5643734,21.2895393],[106.564073,21.2896443],[106.5629733,21.2897292],[106.5627748,21.2896693],[106.5617448,21.2894044],[106.5615785,21.2893594],[106.5612674,21.2892844],[106.5610474,21.2889395],[106.5609831,21.2888145],[106.5609187,21.2885946],[106.5609348,21.2880898],[106.5608811,21.2877599],[106.5607578,21.28753],[106.5606075,21.287305],[106.5603447,21.2871551],[106.5601784,21.2871251],[106.5598243,21.2871551],[106.5593952,21.28731],[106.5590358,21.28751],[106.5585905,21.2876899],[106.5581882,21.2877049],[106.5574694,21.2877899],[106.557228,21.2878399],[106.5569812,21.2879348],[106.5563804,21.2886546],[106.5562087,21.2889395],[106.5560639,21.2891144],[106.5559673,21.2892394],[106.5557581,21.2894093],[106.554535,21.290364],[106.5540415,21.2906939],[106.5538377,21.2908589],[106.5536499,21.2910888],[106.5535587,21.2912287],[106.5534568,21.2913987],[106.5532154,21.2917286],[106.5528613,21.2927282],[106.5527862,21.2929731],[106.5526897,21.293203],[106.5525877,21.293343],[106.5523517,21.2935679],[106.5521532,21.2936729],[106.5519333,21.2938828],[106.5500826,21.2953273],[106.5499216,21.2955122],[106.5497768,21.2957621],[106.5497285,21.295932],[106.5497553,21.2962019],[106.5499163,21.2964918],[106.550104,21.2967367],[106.5504473,21.2970716],[106.5507048,21.2977014],[106.5506995,21.2980612],[106.5505654,21.2982212],[106.5499055,21.298641],[106.5497231,21.2987609],[106.5495139,21.2988459],[106.5490419,21.2989359],[106.5483391,21.2990059],[106.5479958,21.2990608],[106.5475559,21.2991508],[106.5473521,21.2992258],[106.5469658,21.2994007],[106.5468049,21.2995756],[106.5466762,21.2998405],[106.5466922,21.3000005],[106.5474701,21.3008451],[106.5475559,21.301065],[106.5474272,21.3013199],[106.5472287,21.3015448],[106.5470731,21.3018147],[106.5470678,21.3019097],[106.5471643,21.3021995],[106.5474379,21.3024644],[106.547808,21.3026444],[106.5503883,21.3036539],[106.5504795,21.3038039],[106.5505171,21.3040837],[106.5504688,21.3042687],[106.5503347,21.3044886],[106.5501577,21.3045735],[106.5488113,21.3051782],[106.5462685,21.3066276],[106.545775,21.3077871],[106.54526,21.3082069],[106.5439725,21.3087867],[106.5434146,21.3097412],[106.5432885,21.3099311],[106.543023,21.310161],[106.5427494,21.310266],[106.5425429,21.3102684],[106.5423176,21.3102385],[106.5418643,21.3101985],[106.5415692,21.3101885],[106.5413493,21.310221],[106.5411213,21.3103084],[106.540955,21.3103859],[106.5407619,21.3105433],[106.540601,21.3107207],[106.5402657,21.3110806],[106.5399814,21.3112855],[106.5395415,21.3114704],[106.5391901,21.3115653],[106.538879,21.3115953],[106.5385759,21.3115503],[106.5384096,21.3114604],[106.5382379,21.311278],[106.5381038,21.3110306],[106.5380368,21.3107257],[106.5379644,21.3077271],[106.5374065,21.3073273],[106.5360761,21.3071474],[106.5352822,21.3072673],[106.533866,21.3086467],[106.5331578,21.3102859],[106.5329433,21.3107058],[106.5327072,21.3109456],[106.5324336,21.3111355],[106.5320045,21.3113055],[106.5315485,21.3113005],[106.5307224,21.3112305],[106.5300143,21.3111755],[106.5289789,21.3111105],[106.5284747,21.3111405],[106.5281904,21.3112355],[106.5275627,21.3115054],[106.527037,21.3116953],[106.5265113,21.3118002],[106.5260339,21.3117852],[106.5255457,21.3117302],[106.5249449,21.3114804],[106.523931,21.3108857],[106.5232176,21.310236],[106.5226007,21.3096063],[106.5206266,21.3067676],[106.5166355,21.3050883],[106.5098656,21.305888],[106.5077198,21.3053682],[106.5070546,21.3055482],[106.5065826,21.3067676],[106.5052521,21.3086067],[106.5052521,21.3094863],[106.5076339,21.3098661],[106.5088999,21.3105658],[106.5095007,21.3114654],[106.5077197,21.3163829],[106.507827,21.3175223],[106.5082133,21.3186617],[106.5068614,21.3193014],[106.5046728,21.3213203],[106.5031439,21.3222935],[106.5028178,21.3224327],[106.5024788,21.3225418],[106.50213,21.3226199],[106.5017772,21.322666],[106.5014238,21.3226804],[106.5010464,21.3226395]]}},{"type":"Feature","properties":{"id":6},"geometry":{"type":"LineString","coordinates":[[106.1386801,21.4529152],[106.1388781,21.4525795],[106.1387225,21.452336],[106.1388427,21.4518622],[106.1393731,21.4506117],[106.1392953,21.4503155],[106.1395215,21.4498153],[106.1393872,21.4493019],[106.139069,21.4491177],[106.13897,21.4488741],[106.1391185,21.4487425],[106.1391114,21.4485056],[106.1392882,21.4482292],[106.1390831,21.448058],[106.1391538,21.4477948],[106.1388215,21.4476895],[106.1387578,21.4472353],[106.1381073,21.4472419],[106.1371385,21.4473209],[106.1368486,21.4472024],[106.1367991,21.4469721],[106.1370749,21.4467351],[106.1367213,21.4465508],[106.1366365,21.4463336],[106.1364385,21.4461888],[106.1363819,21.4457413],[106.1364667,21.4455636],[106.1367567,21.4455109],[106.1372234,21.445715],[106.1375416,21.445636],[106.1375699,21.445353],[106.1381426,21.4449975],[106.1382063,21.4444315],[106.1383689,21.4442736],[106.1389983,21.4441222],[106.1390902,21.4437338],[106.1405257,21.443306],[106.1410666,21.4433653],[106.1419116,21.442979],[106.1423766,21.4428906],[106.1425516,21.4433373],[106.1429165,21.4435281],[106.1433365,21.4434351],[106.1436965,21.443114],[106.1438915,21.4430628],[106.1440615,21.4434444],[106.1441315,21.4439563],[106.1446865,21.4441099],[106.1455364,21.4438027],[106.1453564,21.4432675],[106.1457264,21.4427742],[106.1462264,21.4426067],[106.1465614,21.4428254],[106.1466914,21.4431093],[106.1467564,21.4432955],[106.1470114,21.4431326],[106.1471264,21.4428534],[106.1475963,21.4422437],[106.1480263,21.441648],[106.1487313,21.4413828],[106.1487963,21.4412525],[106.1484113,21.4411547],[106.1477263,21.4410756],[106.1473764,21.4407499],[106.1472214,21.4402379],[106.1476763,21.4401449],[106.1476513,21.4398889],[106.1476863,21.4395771],[106.1481213,21.4398284],[106.1484913,21.4398145],[106.1486213,21.4390698],[106.1482313,21.4386882],[106.1482713,21.4384648],[106.1486863,21.4378226],[106.1487613,21.4375061],[106.1490113,21.4372316],[106.1496663,21.4368825],[106.1504362,21.436957],[106.1505862,21.4371571],[106.1505512,21.4375155],[106.1510312,21.4377388],[106.1512662,21.43779],[106.1516962,21.437441],[106.1524461,21.436943],[106.1527111,21.4369058],[106.1528111,21.4370221],[106.1525861,21.4371897],[106.1523661,21.4374317],[106.1523261,21.4377947],[106.1526761,21.4380227],[106.1535711,21.4377993],[106.1543061,21.4381577],[106.154606,21.4388883],[106.154636,21.4392932],[106.154871,21.4393118],[106.155306,21.4390978],[106.155481,21.4391117],[106.155631,21.4392001],[106.155801,21.4393118],[106.1569559,21.4391257],[106.1571109,21.4387348],[106.1574309,21.4385812],[106.1577309,21.4387208],[106.1578359,21.4390186],[106.1585509,21.4393305],[106.1586559,21.4393072],[106.1588009,21.4391769],[106.1587159,21.4385486],[106.1590409,21.4381996],[106.1595858,21.438395],[106.1598958,21.4383764],[106.1601858,21.4381205],[106.1601658,21.4378645],[106.1604258,21.4375899],[106.1608058,21.437441],[106.1609258,21.4372734],[106.1611008,21.4369104],[106.1613818,21.4362355],[106.1613323,21.4360907],[106.1610919,21.4358538],[106.1609717,21.4355708],[106.1612969,21.4351035],[106.1616646,21.434985],[106.1619474,21.4348665],[106.1625272,21.4347481],[106.162704,21.4346954],[106.1630646,21.4346098],[106.1633545,21.4341754],[106.1638424,21.434182],[106.164005,21.434057],[106.1636798,21.4334909],[106.1638636,21.4329117],[106.1637222,21.4326221],[106.1637505,21.4321088],[106.1636161,21.4317665],[106.163701,21.4316678],[106.1640899,21.4317139],[106.1644151,21.4315756],[106.1645141,21.431082],[106.1647121,21.4308582],[106.1651364,21.4307726],[106.1656172,21.4307002],[106.1656384,21.430358],[106.1649207,21.4300618],[106.1644807,21.4298291],[106.1644665,21.4296947],[106.1645938,21.429359],[106.1645867,21.4289312],[106.1646221,21.4283651],[106.1645867,21.4280623],[106.164707,21.4279174],[106.1651949,21.4282795],[106.1652514,21.428523],[106.165308,21.4292142],[106.1656828,21.4294907],[106.1660152,21.4294709],[106.1661778,21.4292142],[106.1660717,21.4288719],[106.1659162,21.4285428],[106.1660788,21.4283519],[106.1665314,21.4283651],[106.1668708,21.4282532],[106.1668991,21.4280425],[106.1665738,21.4275949],[106.1667082,21.4273974],[106.1674507,21.4269695],[106.1680164,21.426805],[106.1682639,21.4264627],[106.1683275,21.4261401],[106.1681931,21.4257518],[106.1683063,21.4256004],[106.1687518,21.4254358],[106.16907,21.4250737],[106.1693175,21.4248104],[106.1698125,21.4246722],[106.1705055,21.4244286],[106.1708308,21.424139],[106.1714403,21.4240432]]}},{"type":"Feature","properties":{"id":7},"geometry":{"type":"LineString","coordinates":[[106.0908775,21.5434984],[106.0906775,21.5433234],[106.090628,21.5431259],[106.0906704,21.5429219],[106.0916398,21.5424743],[106.0933805,21.5421782],[106.0945056,21.542086],[106.0952414,21.5421453],[106.0957155,21.5424743],[106.0960481,21.5424085],[106.0961542,21.5412962],[106.0961684,21.5407565],[106.0962462,21.5404209],[106.0964585,21.5402629],[106.0973642,21.5405262],[106.0978525,21.5404735],[106.0986662,21.5402497],[106.0991827,21.5403156],[106.0995082,21.5407499],[106.0993738,21.5412304],[106.0990837,21.541803],[106.0987369,21.5423888],[106.0982629,21.5425731],[106.0983832,21.5427639],[106.0986379,21.5428429],[106.0989563,21.542968],[106.0993242,21.5430404],[106.0998337,21.5429482],[106.1005908,21.5424151],[106.1013055,21.5418623],[106.1017867,21.5417438],[106.1020343,21.5415068],[106.1020131,21.541158],[106.1008031,21.5406512],[106.1003432,21.54023],[106.0992393,21.5397956],[106.0988926,21.5394863],[106.0989634,21.5393283],[106.099579,21.5391901],[106.1001451,21.538986],[106.1008809,21.5383015],[106.1019565,21.5378737],[106.1025933,21.5374788],[106.103032,21.537492],[106.1034353,21.537933],[106.103407,21.5381633],[106.1032301,21.5383871],[106.1031594,21.5385846],[106.1034707,21.5387952],[106.103775,21.5387294],[106.103959,21.5383608],[106.1040722,21.5377947],[106.1040863,21.5373932],[106.1040651,21.5370115],[106.104426,21.5366561],[106.104992,21.5365508],[106.105452,21.5364257],[106.1059402,21.5361229],[106.1068742,21.5362809],[106.1073363,21.5362524],[106.1080439,21.5355087],[106.1084967,21.5354297],[106.1088292,21.5356666],[106.1091901,21.5366801],[106.1096358,21.5369763],[106.1100108,21.5369039],[106.1105132,21.5364037],[106.1107325,21.535614],[106.1106547,21.5352783],[106.1103221,21.534811],[106.1101382,21.5341858],[106.1096146,21.5338567],[106.1095792,21.533679],[106.1099542,21.533192],[106.1111641,21.5322837],[106.1118079,21.5320665],[106.1120131,21.531823],[106.1116735,21.5313492],[106.1118433,21.5308753],[106.1126994,21.5300065],[106.1131876,21.5297235],[106.1133433,21.5295721],[106.1132089,21.529243],[106.1130886,21.5286704],[106.1129329,21.5277358],[106.1126216,21.5274265],[106.1118079,21.5270579],[106.111157,21.5265643],[106.1107466,21.526222],[106.1107608,21.5260114],[106.1114825,21.5259258],[106.1122042,21.5255901],[106.1128622,21.5254256],[106.113407,21.5256231],[106.1140579,21.5256955],[106.1147937,21.5255638],[106.1148503,21.5248793],[106.1150555,21.5241224],[106.1153102,21.5238525],[106.1155649,21.5232799],[106.1160461,21.5232536],[106.116513,21.5235761],[106.1165201,21.5241685],[106.1169234,21.5244646],[106.1179493,21.5245831],[106.1187276,21.5249846],[106.1196616,21.5251031],[106.1201993,21.5249912],[106.1203762,21.5247213],[106.1201498,21.5244054],[106.1197606,21.5235892],[106.1190389,21.523247],[106.1187276,21.5231614],[106.1184163,21.5230364],[106.1181757,21.5226217],[106.118579,21.5223255],[106.1189328,21.5222531],[106.1197465,21.522806],[106.1201922,21.5227007],[106.1203337,21.5224374],[106.1201993,21.522003],[106.1203691,21.5208972],[106.1204186,21.519956],[106.1216108,21.5188633],[106.1224031,21.518633],[106.1230327,21.5179354],[106.1234855,21.5176063],[106.1243667,21.5160385],[106.1246032,21.5156254],[106.1244971,21.5151976],[106.1240302,21.5147435],[106.1241505,21.5139669],[106.1250631,21.5128217],[106.1255512,21.5128217],[106.12582,21.5125124],[106.1262798,21.5113343],[106.1262162,21.511025],[106.125728,21.5104984],[106.1250701,21.5099785],[106.1249074,21.5096297],[106.1252116,21.5092874],[106.1266123,21.5088201],[106.1269448,21.5076157],[106.1269236,21.5066285],[106.1271358,21.5062665],[106.1275149,21.5060437]]}},{"type":"Feature","properties":{"id":8},"geometry":{"type":"LineString","coordinates":[[106.140383,21.4815852],[106.140763,21.4812594],[106.1416189,21.4811412],[106.1424957,21.4810754],[106.14391,21.4812267],[106.1456708,21.4809372],[106.1462648,21.4806082],[106.1463638,21.4804174],[106.146088,21.4794896],[106.1461587,21.4791145],[106.1467527,21.4787657],[106.1470851,21.4787197],[106.1474245,21.4791474],[106.147969,21.4797857],[106.1481104,21.480141],[106.148266,21.4812991],[106.1486125,21.4816874],[106.1491782,21.481819],[106.1495247,21.4816413],[106.149652,21.4812333],[106.1499348,21.4805819],[106.1499348,21.4787986],[106.1497015,21.478417],[106.1492065,21.4785091],[106.1488812,21.4784828],[106.1480821,21.4786078],[106.1477993,21.4782788],[106.1474033,21.4779037],[106.1471346,21.4775418],[106.1470356,21.4758572],[106.1474457,21.4756071],[106.1482023,21.4756861],[106.1486408,21.4755808],[106.1490721,21.4750676],[106.1495671,21.474699],[106.1496237,21.474245],[106.148471,21.4732316],[106.1482872,21.4727512],[106.1483579,21.472159],[106.149065,21.4712837],[106.1494681,21.4712048],[106.1501258,21.4714219],[106.1505288,21.471389],[106.1508895,21.4706849],[106.150741,21.4702242],[106.1509814,21.4696846],[106.151837,21.4685988],[106.1533079,21.4674603],[106.1535837,21.4673353],[106.153916,21.4674867],[106.1543191,21.467513],[106.1548848,21.4678618],[106.1548989,21.4684672],[106.1546656,21.4689607],[106.1532584,21.4688884],[106.1527775,21.4690529],[106.15253,21.4693424],[106.1527563,21.4697373],[106.1527634,21.4701321],[106.152728,21.4704085],[106.1531169,21.471185],[106.1535483,21.4715272],[106.1541706,21.4714285],[106.1549202,21.4709744],[106.1553374,21.4709481],[106.1557546,21.4711982],[106.15649,21.4713627],[106.1586107,21.4697582],[106.1589204,21.4692235],[106.1593044,21.467763],[106.1598489,21.4669339],[106.1608884,21.4664403],[106.1611995,21.4662297],[106.1613975,21.4657296],[106.1612773,21.4650781],[106.1613127,21.464624],[106.1613763,21.4636566],[106.1618925,21.4630906],[106.1624441,21.4627023],[106.1628189,21.4620442],[106.1632007,21.461827],[106.1637947,21.4618929],[106.1645231,21.4623535],[106.1653009,21.4623272],[106.1658596,21.4619389],[106.1666516,21.4621824],[106.1673799,21.4621429],[106.1685326,21.462393],[106.1688579,21.4623601],[106.1689781,21.462189]]}},{"type":"Feature","properties":{"id":9},"geometry":{"type":"LineString","coordinates":[[106.1689781,21.462189],[106.1689074,21.461781],[106.1680588,21.4613335],[106.1678679,21.4609254],[106.167981,21.4604121],[106.1683346,21.4600238],[106.1686811,21.4596882],[106.1694024,21.4592012],[106.1698479,21.4586089],[106.1704631,21.4583917],[106.1714389,21.4583654],[106.1716157,21.458214],[106.1715521,21.4577599],[106.1715662,21.4570886],[106.1711561,21.4561343],[106.1712551,21.4559369],[106.1721673,21.4554499],[106.1727188,21.4548707],[106.1732068,21.4547786],[106.1734543,21.4549233],[106.1739846,21.455055],[106.174522,21.4552853],[106.1750029,21.4560093],[106.1756393,21.4566016],[106.1761131,21.4567859],[106.1765586,21.4567661],[106.1767778,21.456595],[106.1771738,21.4563581],[106.1775062,21.4559698],[106.1778102,21.4542784],[106.1777183,21.4538966],[106.1764737,21.4535478],[106.176198,21.4529028],[106.1762262,21.4521526],[106.1763323,21.4511982],[106.1765657,21.4503097],[106.1771809,21.4493686],[106.1779587,21.4488749],[106.1794469,21.4482762],[106.1804549,21.4481773],[106.1812045,21.4478745],[106.1812328,21.4475849],[106.1805964,21.4471439],[106.1801721,21.4463344],[106.1794225,21.4456104],[106.1784396,21.4447811],[106.1780365,21.4441492],[106.1771172,21.4434581],[106.1761838,21.4426551],[106.1754837,21.4421088],[106.1743665,21.440595],[106.1742028,21.4401649],[106.1742548,21.4396757],[106.1744301,21.4391864],[106.1748054,21.4388326],[106.175512,21.4386138],[106.1764894,21.4378201],[106.1765367,21.4374578],[106.1764477,21.4372079],[106.1760044,21.4367278],[106.1757582,21.4359437],[106.175695,21.435574],[106.175736,21.4347578],[106.1756722,21.4345266],[106.1753929,21.4341973],[106.17511,21.4341517],[106.1746537,21.4342496],[106.1742065,21.4341971],[106.173723,21.4339667],[106.1725562,21.4326173],[106.1724518,21.4319694],[106.1725067,21.4314325],[106.1725845,21.4305307],[106.1730611,21.4272225],[106.1732092,21.4267333],[106.1735068,21.426305],[106.1738636,21.426063],[106.1752812,21.4256027],[106.1755012,21.4252862],[106.1754197,21.4250503],[106.1751674,21.4248976],[106.1745317,21.4249488],[106.1739811,21.4253695],[106.1734955,21.4254863],[106.172931,21.4254352],[106.171641,21.4246904],[106.1714403,21.4240432],[106.1740392,21.4231504],[106.1769819,21.4231689],[106.1771445,21.4231626],[106.177363,21.423108],[106.1775299,21.42302],[106.1776189,21.4229342],[106.177691,21.4228182],[106.1777289,21.4226889]]}},{"type":"Feature","properties":{"id":10},"geometry":{"type":"LineString","coordinates":[[106.7496655,21.4504329],[106.7500842,21.4497102],[106.749204,21.4478371],[106.7498955,21.4457989],[106.7499015,21.4449423],[106.7485293,21.4445941],[106.7471651,21.443965],[106.746706,21.443074],[106.7452804,21.4421813],[106.7451681,21.4408199],[106.7484805,21.4393813],[106.7489779,21.4384687],[106.7490304,21.4360746],[106.7515098,21.4344401],[106.7517471,21.4331026],[106.7514243,21.4316621],[106.7515028,21.4307308],[106.7520564,21.4294815],[106.7530197,21.4285916],[106.7523365,21.4274676],[106.7518035,21.4252424],[106.7510198,21.4237258],[106.7513319,21.4227733],[106.7535838,21.4227466],[106.7559074,21.4227771],[106.7569583,21.4226049],[106.7589965,21.4219836],[106.758808,21.4202151],[106.757488,21.4186445],[106.7550863,21.4168725],[106.7527462,21.4157977],[106.7514618,21.4145912],[106.75085,21.4130496],[106.7504904,21.4112193],[106.751221,21.4097813],[106.7535565,21.409341],[106.7555377,21.4090694],[106.7566549,21.4077621],[106.7556405,21.405776],[106.7543964,21.4037675],[106.754899,21.4026645],[106.7570944,21.4029056],[106.7590669,21.4030877],[106.7614638,21.4036419],[106.762828,21.4043339],[106.7634518,21.4040231],[106.7641102,21.4038258],[106.7648641,21.4036749],[106.7681557,21.4051504],[106.7687103,21.4056832],[106.7689685,21.4063233],[106.7695906,21.4068334],[106.7701184,21.4070317],[106.7708775,21.4069508],[106.7716194,21.406324],[106.772047,21.4055953],[106.7721382,21.4047721],[106.7717519,21.4040211],[106.7709816,21.4032659],[106.770797,21.4028229],[106.7708784,21.402502],[106.7717724,21.4016318],[106.7738449,21.4005724],[106.7741868,21.4002223],[106.7747796,21.3990211],[106.7752222,21.3987564],[106.7761206,21.3985671],[106.7770553,21.3982266],[106.7773255,21.397193],[106.77787,21.3961182],[106.7789246,21.3957294]]}},{"type":"Feature","properties":{"id":11},"geometry":{"type":"LineString","coordinates":[[106.7789246,21.3957294],[106.7795342,21.3949348],[106.7807533,21.3930429],[106.78246,21.3916808],[106.7824194,21.390924],[106.781119,21.3900159],[106.7781525,21.3900159],[106.7767708,21.3894105],[106.776527,21.3886916],[106.7777055,21.3877456],[106.7791278,21.3874807],[106.7799812,21.3866483],[106.7800218,21.3856645],[106.778884,21.3844915],[106.7779899,21.3835076],[106.7781815,21.3819838],[106.7780189,21.3806973],[106.7748898,21.3794107],[106.7744835,21.3780862],[106.7733863,21.3774808],[106.7734675,21.3761185],[106.7741584,21.3742264],[106.7753775,21.3732046],[106.7779783,21.372637],[106.7785472,21.3718801],[106.7776532,21.3710476],[106.7747679,21.3703286],[106.7738333,21.3689662],[106.7729799,21.3670362],[106.7717608,21.3654467],[106.7712731,21.3639708],[106.7731424,21.3608296],[106.7741177,21.3597699],[106.7767592,21.3604133],[106.7781815,21.3601106],[106.7785472,21.359013],[106.77745,21.3521249],[106.7792787,21.3478101],[106.7806603,21.3463719],[106.7820826,21.3460691],[106.7834237,21.3470153],[106.7847241,21.3469774],[106.7855368,21.3457284],[106.786187,21.3437981],[106.7860244,21.3425112],[106.7865934,21.3418677],[106.7885033,21.3408079],[106.7912667,21.3399752],[106.7930547,21.3372499],[106.7937664,21.3357112],[106.7941634,21.3349992],[106.7941158,21.3344119],[106.7938115,21.3339539],[106.7930057,21.3335381],[106.7883814,21.3325562],[106.7880563,21.3316855],[106.7885033,21.3301714],[106.7885806,21.3285731],[106.7899217,21.3268697],[106.7905312,21.3244091],[106.7921973,21.3226299],[106.794473,21.3217592],[106.7967081,21.3208507],[106.7974396,21.3191471],[106.7969519,21.3183143],[106.7952045,21.3178979],[106.7937822,21.3186171],[106.7920754,21.3200178],[106.7906938,21.3202071],[106.7891496,21.3197907],[106.7881743,21.3160429],[106.7873615,21.3156264],[106.7862237,21.3150586],[106.7861424,21.3143772],[106.7869551,21.31362],[106.7882962,21.3127114],[106.7895327,21.3119514]]}},{"type":"Feature","properties":{"id":12},"geometry":{"type":"LineString","coordinates":[[106.7878648,21.4046586],[106.7879461,21.4036749],[106.7878242,21.402502],[106.7883931,21.4014426],[106.7896122,21.4011021],[106.7890839,21.3992103],[106.7884337,21.3984158],[106.7884337,21.3976969],[106.7884337,21.3969401],[106.7844513,21.396751],[106.7826226,21.3964104],[106.7814847,21.3970537],[106.7808346,21.3976969],[106.7798593,21.3976212],[106.7794122,21.3970915],[106.7789652,21.3962213],[106.7789246,21.3957294]]}},{"type":"Feature","properties":{"id":13},"geometry":{"type":"LineString","coordinates":[[106.8978059,21.2476622],[106.8976167,21.2478272],[106.8974714,21.2478795],[106.8970675,21.2478548],[106.8966729,21.2479136],[106.8963964,21.2479831],[106.8962435,21.2481238],[106.8959986,21.2483771],[106.8959056,21.2486315],[106.896001,21.2489072],[106.8961471,21.2492131],[106.8965232,21.2496833],[106.8969189,21.2499236],[106.8974582,21.2502305],[106.8978079,21.2504259],[106.8983341,21.2505738],[106.899311,21.2497363],[106.8994472,21.2496453],[106.899813,21.2494776],[106.900443,21.2495818],[106.9005387,21.2498111],[106.9008642,21.2504818],[106.9010789,21.2506714],[106.901073,21.2514255],[106.9011194,21.2518877],[106.9013838,21.2522939],[106.9015018,21.2528044],[106.9021611,21.2565953],[106.90234,21.2583461],[106.9025044,21.2625821],[106.9020015,21.2630271],[106.9015269,21.2633123],[106.901238,21.2636335],[106.9006519,21.2640509],[106.9003973,21.264631],[106.8994928,21.2665623],[106.8974656,21.26834],[106.8966373,21.2684068],[106.8956586,21.2684261],[106.8948021,21.2686527],[106.8942324,21.2688413],[106.8936063,21.2687154],[106.8928022,21.2685547],[106.892384,21.2685203],[106.8911022,21.270293],[106.8904591,21.2706994],[106.8901554,21.2713763],[106.8900793,21.2716257],[106.8900926,21.272411],[106.8898498,21.2742834],[106.8892824,21.2759554],[106.88879,21.2765889],[106.8882108,21.2771323],[106.8876193,21.2774536],[106.887277,21.2780526],[106.8873215,21.2786151],[106.8869732,21.2795389],[106.8862033,21.2798231],[106.8861449,21.280619],[106.884322,21.2886986],[106.8849324,21.2894916],[106.8860033,21.2895876],[106.8869017,21.2900895],[106.88718,21.2907837],[106.8870767,21.2916013],[106.8866497,21.2923884],[106.8863421,21.292849],[106.8857555,21.2930847],[106.8849834,21.2931482],[106.8843771,21.2935534],[106.8837359,21.2939819],[106.8833978,21.2942079],[106.8840255,21.2961169],[106.8840829,21.2974823],[106.8849162,21.2979374],[106.8856059,21.29775],[106.8868989,21.2982051],[106.8870139,21.2988744],[106.886238,21.2994366],[106.8856059,21.300213],[106.8850312,21.3009626],[106.8850024,21.3021674],[106.8850312,21.302917],[106.8844852,21.3042823],[106.8834508,21.3050854],[106.8800888,21.3073342],[106.8788532,21.3086192],[106.8765256,21.3108144],[106.8745717,21.3104128],[106.8741119,21.3098239],[106.8734798,21.3094491],[106.8732499,21.3086192],[106.8727614,21.308057],[106.8720143,21.3083515],[106.8705775,21.3091278],[106.8687098,21.308753],[106.8664684,21.3078696],[106.865319,21.307013],[106.8643708,21.3065043],[106.8635087,21.3063169],[106.8625892,21.3067988],[106.8621295,21.3081373],[106.8617272,21.3086727],[106.8613536,21.3097435],[106.8608077,21.3103593],[106.8597445,21.30969],[106.8588537,21.3102254],[106.8568997,21.3100916],[106.8566124,21.3111088],[106.8548337,21.3125203],[106.8535333,21.3129746],[106.8522329,21.3127854],[106.8517453,21.3116117],[106.8511763,21.3106653],[106.8495509,21.3096431],[106.8458122,21.3096052],[106.8433334,21.3100217],[106.8426832,21.3105517],[106.8421955,21.3114982],[106.8418298,21.3118768],[106.84057,21.3127475],[106.8397166,21.3145268],[106.8397573,21.315814],[106.8393915,21.3163818],[106.8376035,21.3164575],[106.8359417,21.3156733],[106.8345151,21.315019],[106.8339971,21.3148612],[106.8334767,21.3147687],[106.832782,21.3147063],[106.8324628,21.3147612],[106.8322617,21.3148437],[106.8320793,21.3150611],[106.8319693,21.315316],[106.8317924,21.3156625],[106.8315187,21.3158907],[106.8312317,21.3160081],[106.8309393,21.3160506],[106.8306094,21.3160356],[106.8302608,21.3160056],[106.8296573,21.3159282],[106.8293783,21.3159057],[106.8291771,21.3159381],[106.8289304,21.3160256],[106.8284959,21.3162455],[106.8279675,21.3164154],[106.8272862,21.3165553],[106.8268597,21.3166153],[106.8264681,21.3166128],[106.825937,21.3165728],[106.8253148,21.3164154],[106.8246549,21.316293],[106.8235836,21.3161925],[106.8220103,21.316158]]}},{"type":"Feature","properties":{"id":14},"geometry":{"type":"LineString","coordinates":[[106.7669982,21.2740436],[106.7669815,21.2743234],[106.7670348,21.2747402],[106.7671774,21.2751329],[106.7673968,21.2754816],[106.7679579,21.2760512],[106.7689568,21.2768868],[106.7695141,21.2774178],[106.7700795,21.278064],[106.770633,21.2788494],[106.7707478,21.2791479],[106.7707751,21.2793478],[106.7707671,21.2795389],[106.7707265,21.2797264],[106.7704475,21.2805239],[106.7703241,21.280712],[106.7701388,21.2808609],[106.7690555,21.2813474],[106.7687255,21.2814068],[106.7685239,21.2813924],[106.7683295,21.2813409],[106.7670385,21.2808603],[106.766628,21.280752],[106.7662016,21.2806766],[106.7653906,21.2806151],[106.7642516,21.280587],[106.7635807,21.280631],[106.7634263,21.2806803],[106.7632887,21.280762],[106.7631866,21.2808582],[106.7631084,21.2809723],[106.7629897,21.2812553],[106.7629303,21.2814847],[106.7628998,21.2818367],[106.7629208,21.2819682],[106.7629698,21.2820888],[106.7632431,21.2825365],[106.7632682,21.2826253],[106.7632584,21.2827129],[106.7626324,21.2836289],[106.7621156,21.2844751],[106.7618054,21.2850457],[106.7615316,21.2856153],[106.7614324,21.2859191],[106.761419,21.2862357],[106.7614916,21.2865437],[106.7615855,21.2867352],[106.7618819,21.2871928],[106.7643202,21.2904113],[106.7670835,21.2920394],[106.7689122,21.2929481],[106.770497,21.294652],[106.770619,21.2955607],[106.7702126,21.2968859],[106.7696843,21.2973023],[106.7683839,21.2968859],[106.767368,21.2962801],[106.7660676,21.2955607],[106.7653361,21.2955985],[106.7648485,21.2960529],[106.765011,21.2966966],[106.7655605,21.2974065],[106.7657536,21.2977613],[106.7658396,21.2980702],[106.7658611,21.2982821],[106.7658707,21.2993435],[106.7659287,21.2996847],[106.7660379,21.2999805],[106.7662901,21.3003103],[106.766628,21.3005852],[106.7673147,21.30104],[106.7675756,21.3011735],[106.7680153,21.3013276],[106.7692358,21.301569],[106.7694877,21.3016934],[106.7696267,21.3018147],[106.7697312,21.3019535],[106.769832,21.3021607],[106.7698622,21.3023006],[106.7698598,21.3024509],[106.7698199,21.3026044],[106.7697174,21.3027857],[106.7693746,21.3031392],[106.7690355,21.3035512]]}},{"type":"Feature","properties":{"id":15},"geometry":{"type":"LineString","coordinates":[[106.9712777,21.3395815],[106.9698855,21.3401212],[106.9688397,21.3406939],[106.9679563,21.3421617],[106.9672991,21.3422341],[106.9669882,21.3417865],[106.9665995,21.3405162],[106.9658151,21.3393643],[106.9652498,21.3392787],[106.9644654,21.3393445],[106.9633912,21.3398119],[106.9626492,21.3403911],[106.9619991,21.3409243],[106.9616175,21.3411151],[106.9610875,21.3414508],[106.9609462,21.3421749],[106.9607766,21.3426224],[106.9604656,21.3438072],[106.9602324,21.3455119],[106.9598508,21.3461965],[106.9596459,21.346723],[106.9593774,21.3481052],[106.958487,21.3496453],[106.9581548,21.349823],[106.9578368,21.3497638],[106.9567768,21.3491254],[106.9551939,21.3486317],[106.9542842,21.3485852],[106.9532445,21.3481662],[106.951755,21.3482035],[106.9507653,21.3489018],[106.9500456,21.3493487],[106.9489959,21.3501587],[106.9485661,21.3501587],[106.9474664,21.3498701],[106.9470466,21.3501494],[106.9465367,21.3498608],[106.9461868,21.3501122],[106.945577,21.350466],[106.9453371,21.3504753]]}},{"type":"Feature","properties":{"id":16},"geometry":{"type":"LineString","coordinates":[[106.9111661,21.2300193],[106.9106624,21.2303902],[106.9104203,21.2306787],[106.9101392,21.2309564],[106.910128,21.2312009],[106.9099181,21.2314373],[106.9095522,21.2315602],[106.9091318,21.2317196],[106.9066275,21.2319843],[106.9064021,21.2322184],[106.9063518,21.2324121],[106.9065654,21.2326986],[106.9068907,21.233032],[106.9071926,21.2333171],[106.907245,21.233564],[106.9071128,21.233678],[106.9068855,21.2336506],[106.9064857,21.2336936],[106.9061506,21.233687],[106.9058143,21.2336876],[106.9055108,21.2338649],[106.9053294,21.234031],[106.9051104,21.2342287],[106.9048278,21.2344689],[106.9046398,21.2346265],[106.9045611,21.2348458],[106.9045422,21.2351339],[106.9044623,21.2354051],[106.9044081,21.2355759],[106.9042216,21.2358159],[106.9039958,21.2358707],[106.9036387,21.235898],[106.9033636,21.2359602],[106.9031782,21.2361034],[106.9030292,21.2362671],[106.9029296,21.2364682],[106.9028915,21.2366868],[106.9027147,21.2367784],[106.9024944,21.2369833],[106.9023335,21.2370333],[106.9021234,21.2371353],[106.901914,21.2370062],[106.9016256,21.2369171],[106.9013488,21.2368075],[106.9011814,21.2368938],[106.9009829,21.2369752],[106.9009522,21.2371943],[106.9009215,21.2374135],[106.9010996,21.237493],[106.9012574,21.2378231],[106.9013682,21.2380118],[106.9011286,21.2383721],[106.9009289,21.2385056],[106.9006461,21.2386562],[106.9003492,21.2388867],[106.9001601,21.2390964],[106.9002034,21.2393045],[106.9003948,21.2395353],[106.9004993,21.2398498],[106.9005373,21.2399974],[106.9005795,21.2403471],[106.9005853,21.2406315],[106.9005054,21.2409028],[106.90025,21.24108],[106.9000749,21.2412098],[106.8996184,21.2414829],[106.8994915,21.2416574],[106.8991881,21.2418795],[106.8988611,21.2419636],[106.8985768,21.2419871],[106.8984052,21.241916],[106.8978007,21.241577],[106.8975344,21.2415436],[106.8973726,21.2417799],[106.8973548,21.2419712],[106.8974059,21.2421804],[106.8977618,21.2425932],[106.8981337,21.242871],[106.8985249,21.2430579],[106.898715,21.243296],[106.8990896,21.2436221],[106.8994137,21.2439628],[106.8995156,21.244247],[106.8992029,21.2443855],[106.898772,21.2444686],[106.8984681,21.2444668],[106.89801,21.244568],[106.8974453,21.2445846],[106.8968326,21.2448216],[106.8967694,21.2449845],[106.896862,21.2451853],[106.896964,21.2455143],[106.8973148,21.2459188],[106.8975048,21.2460524],[106.8978064,21.2462031],[106.8982533,21.2469357],[106.8978059,21.2476622]]}},{"type":"Feature","properties":{"id":17},"geometry":{"type":"LineString","coordinates":[[106.8966087,21.3623561],[106.8965098,21.3617968],[106.896637,21.360836],[106.8964391,21.3603951],[106.8960787,21.3600595],[106.8960434,21.3596647],[106.8966016,21.3590132],[106.8965522,21.3584143],[106.8960717,21.3576049],[106.8954781,21.3573548],[106.8947715,21.3569797],[106.8946231,21.3567231],[106.8952026,21.3563348],[106.8956406,21.3558083],[106.8956124,21.355499],[106.895252,21.3550581],[106.8950047,21.3548344],[106.895252,21.3542289],[106.8959021,21.3538933],[106.8964956,21.3534589],[106.8970039,21.3527821],[106.8972022,21.3525179],[106.8974072,21.3519453],[106.8971457,21.3514254],[106.8968984,21.3514188],[106.8962695,21.3519519],[106.8961211,21.3525442],[106.8956972,21.3530904],[106.895252,21.3532286],[106.8946585,21.353097],[106.8945101,21.352735],[106.8945949,21.3521427],[106.8950118,21.3515175],[106.8951814,21.3508463],[106.8954781,21.3502869],[106.895464,21.3499973],[106.895252,21.349813],[106.8948563,21.3496617],[106.8948987,21.3493589],[106.89557,21.3489443],[106.8958385,21.3487337],[106.8960717,21.3485758],[106.8960434,21.347944],[106.8959162,21.3476347],[106.896107,21.3473056],[106.8962554,21.3469502],[106.8960717,21.3465619],[106.8956336,21.3462526],[106.895146,21.346167],[106.894503,21.3460288],[106.894013,21.346025],[106.8935915,21.3456274],[106.8934572,21.3453575],[106.8931887,21.3450877],[106.8932594,21.3448244],[106.8934784,21.3446731],[106.8938953,21.3446204],[106.8939872,21.3444296],[106.8938247,21.3442387],[106.8927577,21.3436661],[106.8922913,21.3431264]]}},{"type":"Feature","properties":{"id":18},"geometry":{"type":"LineString","coordinates":[[106.5898989,21.5625526],[106.5899241,21.562359],[106.5899101,21.5621743],[106.5898215,21.5619097],[106.5897202,21.5617503],[106.5888619,21.5606527],[106.5884174,21.5602573],[106.5879142,21.5599282],[106.5873906,21.5596831],[106.5868489,21.5595134],[106.586287,21.5594155],[106.5857744,21.5592744],[106.5852903,21.5590636],[106.5849888,21.5588866],[106.5845691,21.5585647],[106.5843207,21.5583186],[106.5840018,21.5579087],[106.5837702,21.5575201],[106.5834778,21.5571636],[106.5832488,21.5569458],[106.5827013,21.5565454],[106.5825635,21.5564037],[106.5824144,21.5561534],[106.5823434,21.5558713],[106.5823587,21.5555801],[106.582417,21.555393],[106.5825715,21.5551393],[106.5834875,21.554131],[106.5837707,21.553755],[106.5839232,21.5534835],[106.5840447,21.5531989],[106.5841662,21.5527522],[106.5842116,21.5522935],[106.5841989,21.5519863],[106.5840125,21.5506344],[106.5838121,21.5500561],[106.5835315,21.5495074],[106.5833023,21.5491628],[106.5829093,21.5486945],[106.5824604,21.5482817],[106.5819585,21.5479255],[106.5788571,21.5460335],[106.5784236,21.5456922],[106.5780475,21.5452964],[106.5778327,21.5450062],[106.5776378,21.5446771],[106.5774162,21.5441531],[106.5773177,21.5437887],[106.5768572,21.5414139],[106.5767084,21.5410101],[106.576482,21.5406388],[106.5762916,21.5404157],[106.5759586,21.5401291],[106.5755843,21.5399085],[106.5753138,21.5397975],[106.575031,21.5397174],[106.5747399,21.5396692],[106.5742402,21.5396359],[106.5731812,21.5396259],[106.5724763,21.5396644],[106.571779,21.5397383],[106.5707504,21.539914],[106.5697405,21.540167],[106.5687561,21.5404955],[106.56821,21.5407325],[106.5676484,21.5409354],[106.5670735,21.5411034],[106.5664981,21.5412339],[106.5659249,21.5413281],[106.5653464,21.5413881],[106.5630484,21.5415134],[106.5626593,21.5415755],[106.5621479,21.5416984],[106.5619004,21.5417911],[106.5616674,21.5419121],[106.5614527,21.5420594],[106.5612628,21.5422274],[106.5610994,21.5424124],[106.5609614,21.5426144],[106.560771,21.5430319],[106.5606731,21.5433534],[106.5606099,21.5436824],[106.5605816,21.5441967],[106.560639,21.544716],[106.5608144,21.5454462],[106.5608254,21.5455819],[106.5607738,21.5457796],[106.5606991,21.5458932],[106.5605969,21.5459866],[106.5603021,21.546138],[106.5600229,21.5462115],[106.5597224,21.5462174],[106.5595119,21.5461775],[106.559313,21.5461022],[106.5591323,21.5459941],[106.5586892,21.5456196],[106.558328,21.5453677],[106.5579606,21.5451877],[106.5575766,21.5450939],[106.5573121,21.545079],[106.5569465,21.5451224],[106.5566125,21.5452327],[106.5563106,21.5454054],[106.5558843,21.5457298],[106.5555191,21.5461134],[106.5553141,21.546397],[106.5551428,21.5466994],[106.5549519,21.5471843],[106.5548462,21.5476995],[106.5548323,21.5482239],[106.5549105,21.5487434],[106.5558939,21.5517919],[106.5559353,21.5520583],[106.5559406,21.5523274],[106.5559097,21.552595],[106.5557968,21.5529845],[106.5556047,21.5533522],[106.5553392,21.5536816],[106.5550112,21.5539579],[106.5546326,21.5541711],[106.5538623,21.5544703],[106.5532157,21.5546445],[106.5525789,21.5547428],[106.5521492,21.5547682],[106.5517188,21.5547612],[106.5512836,21.554721],[106.550847,21.5546464],[106.5504185,21.5545383],[106.5500012,21.5543973],[106.5495979,21.5542245],[106.5492116,21.5540211],[106.5488447,21.5537884],[106.5485,21.5535282],[106.5423202,21.5478602],[106.5382081,21.5441229],[106.5377304,21.5437349],[106.5372264,21.5433768],[106.5355735,21.542376],[106.5350085,21.5419801],[106.5344371,21.5415346],[106.5336299,21.5408149],[106.5301108,21.5373819],[106.5296184,21.5369695],[106.5292585,21.536731],[106.5286989,21.5364418],[106.5283121,21.5362907],[106.5279127,21.5361713],[106.5241778,21.5354757],[106.5236328,21.5354093],[106.5230834,21.535427],[106.5227221,21.5354855],[106.52237,21.5355805],[106.5220505,21.5357024],[106.5217462,21.5358544],[106.5214605,21.5360348],[106.5211964,21.5362418],[106.5204054,21.5370932],[106.5199084,21.5376875],[106.5194365,21.5383026],[106.5186331,21.539466],[106.5183169,21.5398689],[106.5177951,21.5404381],[106.5174277,21.5407895],[106.5170466,21.5411153],[106.5166426,21.5414161],[106.5162174,21.5416906],[106.5157731,21.5419376],[106.5153151,21.5421543],[106.5148424,21.5423416],[106.5143572,21.5424988],[106.5130968,21.5428312],[106.5122473,21.5430552],[106.5115316,21.5431783],[106.5108928,21.5432074]]}},{"type":"Feature","properties":{"id":19},"geometry":{"type":"LineString","coordinates":[[106.0830426,21.5690353],[106.0833681,21.5686405],[106.08392,21.5681141],[106.0840403,21.5676403],[106.08392,21.5672125],[106.0838846,21.5670283],[106.0843446,21.5669164],[106.0854413,21.5663571],[106.0860357,21.5657977],[106.0865735,21.5656266],[106.0866796,21.5648896],[106.0870971,21.5641723],[106.0872315,21.563863],[106.0868565,21.5635274],[106.0865169,21.5628562],[106.0860852,21.5627246],[106.0859932,21.5624416],[106.0861984,21.562231],[106.0866938,21.5616717],[106.0869768,21.5615203],[106.0872174,21.5612176],[106.0869839,21.5608754],[106.0870334,21.5603687],[106.0868353,21.5600133],[106.0867362,21.5597303],[106.0868494,21.559421],[106.0873235,21.5589999],[106.0872952,21.5587629],[106.0865735,21.5585655],[106.0857102,21.5586971],[106.0851229,21.5583286],[106.0853564,21.5579798],[106.0856324,21.5574665],[106.0854484,21.5571835],[106.0854413,21.5569729],[106.0857597,21.5567558],[106.0855545,21.5560977],[106.0851512,21.5557554],[106.0850097,21.5554198],[106.0852786,21.5548538],[106.085314,21.5545577],[106.0850805,21.5542352],[106.0848045,21.5539127],[106.0844153,21.5537087],[106.085025,21.5532758],[106.0857133,21.5531061],[106.0862016,21.5521555],[106.0865482,21.5512059],[106.086814,21.5502734],[106.0868282,21.5498587],[106.0866584,21.5491743],[106.0865027,21.5485227],[106.0864461,21.5479699],[106.0869202,21.5472262],[106.0879391,21.546318],[106.0884769,21.5459362],[106.0894604,21.5456861],[106.0903378,21.5453636],[106.0907058,21.5449951],[106.0913992,21.5446463],[106.0916257,21.544462],[106.0916327,21.5441592],[106.0908775,21.5434984]]}},{"type":"Feature","properties":{"id":20},"geometry":{"type":"LineString","coordinates":[[106.1275149,21.5060437],[106.1282252,21.5055556],[106.1289468,21.504983],[106.1294632,21.5047921],[106.1301777,21.5041405],[106.1303546,21.5037259],[106.1303546,21.5034363],[106.1300433,21.5032454],[106.1299372,21.5029821],[106.1296825,21.5026596],[106.1296967,21.5022779],[106.129962,21.5020146],[106.1303086,21.5017974],[106.1306198,21.5012117],[106.1310938,21.5007773],[106.1318153,21.5004285],[106.1323882,21.5004482],[106.1327914,21.500797],[106.1327136,21.5012775],[106.1327631,21.5017184],[106.1325439,21.5020475],[106.1326217,21.5024161],[106.1331663,21.5028702],[106.1337039,21.5031268],[106.134383,21.5030874],[106.1349914,21.5028175],[106.1352814,21.5021133],[106.1350833,21.5017053],[106.1349772,21.5009287],[106.135147,21.5002837],[106.135727,21.4991912],[106.1364697,21.4989345],[106.1375874,21.4980723],[106.137842,21.4975655],[106.137453,21.4973878],[106.1367244,21.4965454],[106.1365228,21.4959991],[106.1372028,21.495599],[106.1376428,21.495478],[106.1383529,21.4951616],[106.1391929,21.4950128],[106.1397129,21.4947243],[106.1399429,21.4948081],[106.1400929,21.4952733],[106.140503,21.4954501],[106.141593,21.4957013],[106.1424031,21.4955618],[106.1430331,21.4944266],[106.1434731,21.4938031],[106.1434831,21.4933658],[106.1430531,21.4931332],[106.1426731,21.4924353],[106.142033,21.4920817],[106.140993,21.4917002],[106.140773,21.4914117],[106.140903,21.4908999],[106.140743,21.4905929],[106.140903,21.4902951],[106.141203,21.4902765],[106.141523,21.4904161],[106.141763,21.4901555],[106.142033,21.4899787],[106.142083,21.4897554],[106.141833,21.4892901],[106.141413,21.4892343],[106.141213,21.4891319],[106.140843,21.4887318],[106.140413,21.488462],[106.140243,21.4882945],[106.140263,21.4880711],[106.140563,21.4878199],[106.141853,21.4876152],[106.142103,21.4874384],[106.142113,21.486573],[106.141323,21.485782],[106.140893,21.4856517],[106.140463,21.4854842],[106.140153,21.4851399],[106.1400529,21.4844141],[106.1399629,21.4841535],[106.1394929,21.4837906],[106.1395929,21.4834928],[106.1399329,21.4831764],[106.140233,21.482646],[106.140203,21.4820877],[106.140383,21.4815852]]}},{"type":"Feature","properties":{"id":21},"geometry":{"type":"LineString","coordinates":[[106.1133615,21.2960224],[106.1139809,21.2950916],[106.1145004,21.2933416],[106.1133002,21.291614],[106.1137797,21.2909625],[106.1138296,21.2904785],[106.1142791,21.2893616],[106.117126,21.2871744],[106.1166166,21.2869324],[106.116187,21.285713],[106.1164567,21.285015],[106.1174557,21.2848288],[106.1174657,21.2838794],[106.1176155,21.2837026],[106.1184146,21.283563],[106.1193636,21.2832093],[106.1212416,21.2821482],[106.1215812,21.2812732],[106.1222804,21.280994],[106.1227799,21.2810963],[106.1229097,21.2826042],[106.1235391,21.2831627],[106.1240285,21.2830696],[106.1249076,21.2819248],[106.1266557,21.2810126],[106.1279143,21.27876],[106.1286136,21.2772521],[106.1299621,21.2757441],[106.13188,21.275316],[106.1335382,21.2754463],[106.1345571,21.2767215],[106.1359955,21.2780247],[106.1374639,21.2784901],[106.1386826,21.2785739],[106.1400312,21.2793185],[106.1406005,21.2793371],[106.1406858,21.2790221],[106.1413424,21.2781197],[106.1436286,21.2769863],[106.1444859,21.2754349],[106.1456796,21.2750861],[106.146612,21.2751058],[106.1471276,21.2756719],[106.1477845,21.2758496],[106.1491689,21.275481],[106.1498894,21.2754612],[106.1512102,21.2766394],[106.1515846,21.2766921],[106.1519095,21.2757048],[106.1522768,21.2755336],[106.1528278,21.2756455],[106.1527995,21.2763498],[106.1523404,21.2773634],[106.1508924,21.2781467],[106.1505957,21.2787917],[106.150186,21.2789628],[106.1492184,21.2783046],[106.1488511,21.2783046],[106.148512,21.2787259],[106.1484273,21.2799567],[106.1486674,21.2804371],[106.1497269,21.2811085],[106.1505675,21.281431],[106.1516906,21.2816416],[106.1524958,21.2820168],[106.1532304,21.283162],[106.1537177,21.2835305],[106.1541839,21.283524],[106.1556456,21.2825274],[106.1567833,21.2820168],[106.1570234,21.2817008],[106.1569599,21.2812928],[106.1564583,21.2808452],[106.1562253,21.2804701],[106.1562464,21.2801344],[106.1567974,21.2796539],[106.1583231,21.2797987],[106.158987,21.2796802],[106.1595874,21.279779],[106.1600677,21.2804898],[106.1601243,21.2813191],[106.1603644,21.2821945],[106.1608235,21.2824709],[106.1617488,21.2821418],[106.1630061,21.2820628],[106.1634864,21.2819839],[106.1640444,21.2816482],[106.1644965,21.2810492],[106.1651181,21.2803384],[106.1656478,21.2789957],[106.1658174,21.2787193],[106.1661564,21.2786337],[106.166672,21.2789431],[106.1685297,21.2794959],[106.1690489,21.2795223],[106.17133,21.2788009],[106.173219,21.2783488],[106.174198,21.2779635],[106.17763,21.2766714],[106.1785345,21.27649],[106.1819278,21.2767684],[106.1830145,21.2770985],[106.1837897,21.2771264],[106.184077,21.2769694],[106.1848631,21.2770424],[106.1852616,21.277131]]}},{"type":"Feature","properties":{"id":22},"geometry":{"type":"LineString","coordinates":[[106.0824123,21.3813307],[106.082688,21.3815479],[106.0829,21.3818967],[106.0828859,21.3821534],[106.0824123,21.3821929],[106.0823629,21.382364],[106.0824972,21.3825022],[106.0836846,21.3827523],[106.084455,21.3824166],[106.0846388,21.3820547],[106.0844974,21.3809818],[106.0845611,21.380791],[106.0857202,21.3799748],[106.0858475,21.3797774],[106.0857697,21.3794812],[106.085699,21.3792311],[106.0863564,21.3783491],[106.0867875,21.3781253],[106.0872894,21.3780661],[106.0875155,21.3785598],[106.0877205,21.3787967],[106.0879467,21.3787835],[106.0880527,21.3784544],[106.0883213,21.3768287],[106.088187,21.3760718],[106.0882436,21.3754334],[106.088445,21.3751437],[106.0889609,21.37492],[106.0892719,21.3747752],[106.0893002,21.3744856],[106.0887419,21.3740578],[106.0883673,21.373551],[106.0878655,21.3728205],[106.0875333,21.3726098],[106.087604,21.3720438],[106.0881623,21.3713857],[106.0884521,21.3706222],[106.0886358,21.3700956],[106.0888761,21.3697995],[106.0892437,21.3696218],[106.0899504,21.3696876],[106.0903886,21.3695428],[106.0905936,21.3694111],[106.0906148,21.3690228],[106.0905865,21.3687398],[106.0908551,21.3686213],[106.0911166,21.368674],[106.0914841,21.3688978],[106.0923534,21.3689043],[106.0927139,21.3687135],[106.0936327,21.367871],[106.0938037,21.3678271],[106.0942136,21.3679851],[106.0944397,21.367893],[106.094468,21.3676297],[106.09415,21.3673994],[106.0939591,21.3671559],[106.0935775,21.366965],[106.0931959,21.366682],[106.0930334,21.3663398],[106.092991,21.3657672],[106.093203,21.3653723],[106.094263,21.3648458],[106.0946517,21.3644444],[106.0951393,21.363852],[106.095521,21.3636875],[106.0961428,21.3638323],[106.0971605,21.3633584],[106.0973937,21.3624963],[106.0975916,21.3622988],[106.0983124,21.362154],[106.0996339,21.3626279],[106.0999873,21.3626147],[106.1003124,21.3622198],[106.100694,21.362029],[106.101217,21.3623712],[106.1015067,21.3624502],[106.101959,21.3622659],[106.1024183,21.3614564],[106.1026728,21.3605745],[106.1026728,21.3602059],[106.1024466,21.3599624],[106.1015279,21.3595148],[106.1014643,21.3593635],[106.101747,21.358883],[106.1020085,21.3580011],[106.1024607,21.357672],[106.1031604,21.3576325],[106.1035349,21.3573955],[106.1036339,21.3571125],[106.1031604,21.3560792],[106.1033159,21.3558554],[106.1035844,21.3556843],[106.1049201,21.3553091],[106.1055561,21.3550854],[106.1056056,21.3549011],[106.1052381,21.3542758],[106.1052522,21.3539467],[106.1056056,21.3537427],[106.1065596,21.3536176],[106.106807,21.3538282],[106.1068564,21.3540652],[106.1070684,21.3542034],[106.1073087,21.3540718],[106.1072804,21.3537229],[106.107344,21.3533807],[106.1075419,21.3531042],[106.1077822,21.3529857],[106.1081567,21.3530318],[106.1086726,21.3533543],[106.1089907,21.3538348],[106.1091956,21.3540125],[106.1094924,21.3540783],[106.1099588,21.3539401],[106.1107574,21.3538282],[106.1117397,21.3538809],[106.1127432,21.3538348],[106.113563,21.3535123],[106.1142838,21.3531174],[106.1148563,21.3530567],[106.1158961,21.353126]]}},{"type":"Feature","properties":{"id":23},"geometry":{"type":"LineString","coordinates":[[106.0943196,21.3036178],[106.0956184,21.3025567],[106.096038,21.301477],[106.0961579,21.3012536],[106.097057,21.3013281],[106.0980761,21.3013094],[106.0986555,21.3011791],[106.0989153,21.300751],[106.098116,21.2990197],[106.0978563,21.2987404],[106.0965175,21.298666],[106.0961379,21.2984798],[106.0959181,21.2979958],[106.096018,21.2962458],[106.0966974,21.2955198],[106.0980561,21.2959107],[106.099215,21.2961341],[106.0997744,21.2958921],[106.0996545,21.2944772],[106.1000741,21.2936023],[106.1010532,21.2935836],[106.102332,21.2948123],[106.1033111,21.2950544],[106.1047697,21.2958735],[106.1071874,21.2970091],[106.1076012,21.2970041],[106.1092854,21.2970463],[106.110034,21.2970516],[106.1107448,21.2969691],[106.1109352,21.2969467],[106.1110935,21.2969117],[106.1133615,21.2960224]]}},{"type":"Feature","properties":{"id":24},"geometry":{"type":"LineString","coordinates":[[106.2041647,21.3525175],[106.2032498,21.3528853],[106.202315,21.3530017],[106.2018601,21.3528294],[106.2014352,21.3525314],[106.2011453,21.352145],[106.2008053,21.3515444],[106.2007404,21.351265],[106.2004804,21.3510509],[106.2001355,21.3509345],[106.1998505,21.3506179],[106.1998705,21.3503339],[106.2002155,21.3497938],[106.2004954,21.3491373],[106.2006554,21.3490255],[106.2010603,21.3487695],[106.2011103,21.3485087],[106.2004854,21.3480664],[106.1994356,21.3468279],[106.1990007,21.3468279],[106.1987758,21.346949],[106.1982209,21.3472842],[106.1971861,21.3475543],[106.1968611,21.3474472],[106.1959513,21.3465672],[106.1957064,21.3465579],[106.1955964,21.3467069],[106.1954064,21.3470887],[106.1952415,21.3471864],[106.1951515,21.3470654],[106.1950165,21.3468605],[106.1947966,21.3462832],[106.1947016,21.3449329],[106.1944566,21.3446908],[106.1936018,21.3443294]]}},{"type":"Feature","properties":{"id":25},"geometry":{"type":"LineString","coordinates":[[106.1607697,21.3347047],[106.1606213,21.3348758],[106.1600773,21.3351983],[106.1601267,21.3354287],[106.1602963,21.3354879],[106.1611159,21.3353826],[106.1613834,21.3354275],[106.161978,21.3355274],[106.1630449,21.3360671],[106.1631367,21.3364422],[106.1630237,21.3366528],[106.1626209,21.3369622],[106.1625997,21.3372188],[106.1629177,21.3372978],[106.1636102,21.3372386],[106.1638857,21.3370609],[106.1641895,21.3360473],[106.1645004,21.3357512],[106.1649456,21.3356788],[106.1656451,21.3356788],[106.1666131,21.3355932],[106.1678284,21.3357841],[106.1697291,21.3359157],[106.170365,21.3359486],[106.1707324,21.3362514],[106.1710433,21.3366792],[106.1712341,21.3367713],[106.1723293,21.3366989],[106.1729228,21.3368898],[106.173043,21.3370938],[106.172944,21.3372386],[106.1723689,21.3375961],[106.1721282,21.3378636],[106.1719996,21.3381572],[106.1719966,21.3383512],[106.1720637,21.3385105],[106.1722572,21.3386557],[106.172523,21.3387453],[106.172653,21.3387332],[106.1728344,21.3386906],[106.1730476,21.338725],[106.1731628,21.338868],[106.1731746,21.3390567],[106.1730352,21.3392676],[106.1726554,21.3395756],[106.1723159,21.3400429],[106.1721351,21.340197],[106.1718683,21.3402827],[106.1716085,21.3402628],[106.1711355,21.3401014],[106.1708465,21.3400751],[106.1706721,21.3401347],[106.1705946,21.3402696],[106.1706159,21.340411],[106.1707643,21.3405788],[106.1711818,21.3408024],[106.1714478,21.3410042],[106.171764,21.3414177],[106.1720197,21.3419354],[106.1722478,21.3420844],[106.1724848,21.3421077],[106.1734022,21.341964],[106.1745951,21.3417772],[106.1747876,21.3418282],[106.1749008,21.3419356],[106.1753279,21.3427682],[106.175442,21.3428873],[106.1755935,21.3429063],[106.1757309,21.3428505],[106.1758403,21.342645],[106.1759652,21.3422256],[106.1761509,21.3419585],[106.1765131,21.3418016],[106.1770866,21.341775],[106.1775564,21.3416483],[106.1779441,21.3414375],[106.1784955,21.3409583],[106.1790262,21.3402],[106.1794456,21.3399503],[106.1804738,21.339535],[106.1815743,21.3388165],[106.1821828,21.3382452],[106.1825676,21.3378178],[106.1827352,21.337491],[106.1829271,21.3367855],[106.1831423,21.3365265],[106.1835056,21.336388],[106.1838771,21.336386],[106.184189,21.3362881],[106.1844774,21.3360212],[106.1847933,21.3356064],[106.1849983,21.3355306],[106.1851891,21.3355406],[106.1857265,21.3357613],[106.1860794,21.33585],[106.1862911,21.3358598],[106.1864781,21.3358304],[106.1871608,21.3355784],[106.1879673,21.3354253],[106.1885038,21.3353991],[106.1890722,21.3352147],[106.1898002,21.3347807]]}},{"type":"Feature","properties":{"id":26},"geometry":{"type":"LineString","coordinates":[[106.1158961,21.353126],[106.11684,21.3530887],[106.1173715,21.3530564],[106.1178773,21.353045],[106.1183932,21.3529792],[106.1190504,21.3530647],[106.1195804,21.3529594],[106.1199832,21.3530779],[106.1200538,21.3533675],[106.1202446,21.3536044],[106.1203789,21.353565],[106.1204708,21.3533346],[106.1207534,21.3527686],[106.1212693,21.3522289],[106.1214601,21.3518208],[106.1216863,21.3513469],[106.1220608,21.3509586],[106.1224212,21.3508467],[106.1226261,21.3509455],[106.1226191,21.3513404],[106.1227321,21.3519195],[106.1229441,21.352117],[106.1232975,21.3519854],[106.1237215,21.3514193],[106.1245977,21.3501622],[106.1247815,21.3497344],[106.1250076,21.3492934],[106.1250783,21.3489643],[106.1249864,21.3487866],[106.1244917,21.3487076],[106.1242515,21.3486287],[106.1240677,21.348372],[106.1240324,21.348056],[106.12452,21.3476019],[106.1250429,21.3474439],[106.1255518,21.347332],[106.1262938,21.3475032],[106.1265835,21.3479112],[106.126958,21.3479902],[106.1282018,21.3482338],[106.1284844,21.3483588],[106.1286187,21.3485892],[106.1280322,21.3503202],[106.1281028,21.3505769],[106.1283572,21.3508007],[106.1289438,21.3508731],[106.1292901,21.3508336],[106.1299543,21.3498266],[106.1301805,21.349583],[106.130767,21.3493724],[106.1311345,21.3491684],[106.1313535,21.3486682],[106.1313394,21.3483588],[106.1312051,21.3481021],[106.1307953,21.3478388],[106.1304773,21.3475492],[106.1303289,21.3472662],[106.1303854,21.3465817],[106.1305903,21.3462921],[106.1311027,21.3461341],[106.1316821,21.345759],[106.1318164,21.3454957],[106.1312299,21.3448178],[106.1298802,21.3443505],[106.1296823,21.3440543],[106.1296117,21.343587],[106.1298378,21.3433501],[106.1302971,21.3426656],[106.1306999,21.342093],[106.1313995,21.3417836],[106.1319577,21.3414743],[106.13247,21.340487],[106.1326679,21.3398155],[106.1326114,21.3388806],[106.1324841,21.3382288],[106.1327669,21.337656],[106.1334525,21.3368791],[106.1339897,21.3363524],[106.1342795,21.3362997],[106.1346965,21.3365301],[106.1348591,21.3370305],[106.1348238,21.3374782],[106.1351984,21.3389333],[106.1355589,21.3390584]]}},{"type":"Feature","properties":{"id":27},"geometry":{"type":"LineString","coordinates":[[106.1382096,21.3348463],[106.1379621,21.3347722],[106.1375734,21.3344759],[106.1373331,21.3341665],[106.1370927,21.3340282],[106.1365273,21.3339953],[106.1363718,21.3338768],[106.1361668,21.3333962],[106.1362657,21.3327707],[106.1366545,21.3324678],[106.1372058,21.3323361],[106.1381883,21.3322176],[106.1395879,21.3322308],[106.139913,21.332402],[106.1400544,21.3325534],[106.140118,21.3329353],[106.1402382,21.3330538],[106.140528,21.333034],[106.1405987,21.3328036],[106.1404502,21.3319872],[106.1405775,21.3317567],[106.1408531,21.3316843],[106.1411571,21.3315131],[106.1412207,21.3311641],[106.1410016,21.3307428],[106.1410228,21.3303345],[106.141355,21.3302029],[106.1419134,21.3302753],[106.1423092,21.3303872],[106.1428676,21.3304135],[106.1432281,21.3305518],[106.1433129,21.3307428],[106.143221,21.3310522],[106.142804,21.3314341],[106.1428181,21.3316053],[106.1428818,21.3317106],[106.143836,21.3318094],[106.1441611,21.3317172],[106.1442884,21.3315263],[106.1444792,21.3309864],[106.1448609,21.3306308],[106.1454355,21.3301318],[106.1459316,21.3295744],[106.146089,21.3294542],[106.1462637,21.3294196],[106.1467088,21.329492],[106.147154,21.3296566],[106.1475497,21.3295907],[106.1487791,21.3287746],[106.1495351,21.3281757],[106.1503336,21.3276425],[106.1507081,21.3272081],[106.150701,21.3268395],[106.1508988,21.3266684],[106.1512239,21.3266882],[106.1520929,21.3274911],[106.1523756,21.3279058],[106.1526935,21.3287022],[106.1529762,21.3293406],[106.153499,21.3297816],[106.1539018,21.3306241],[106.1546649,21.331177],[106.1553715,21.3318285],[106.1560498,21.3324341],[106.1562688,21.3325723],[106.156502,21.3325328],[106.1565938,21.3323222],[106.1567705,21.3317693],[106.1570955,21.3315324],[106.1573711,21.3315126],[106.1581483,21.3318746],[106.158869,21.3318812],[106.1594696,21.3316179],[106.1598088,21.3316903],[106.1599006,21.3319668],[106.1599713,21.3323485],[106.160155,21.332467],[106.1605224,21.3325328],[106.1606496,21.3326644],[106.1606991,21.3331317],[106.1607485,21.3337438],[106.1608828,21.3342243],[106.1607697,21.3347047],[106.161017,21.3349351],[106.1611583,21.3352641],[106.1613834,21.3354275]]}},{"type":"Feature","properties":{"id":28},"geometry":{"type":"LineString","coordinates":[[106.070996,21.4193407],[106.0710528,21.4186777],[106.0706193,21.418399],[106.0703457,21.4174622],[106.0697832,21.4168039],[106.0694219,21.4155259],[106.0694632,21.4153241],[106.069645,21.4152684],[106.0698503,21.4153001],[106.0700722,21.4154538],[106.0703406,21.4158959],[106.0705418,21.41604],[106.0708205,21.416064],[106.0712747,21.4155067],[106.0715121,21.4154058],[106.0718321,21.4153818],[106.0719141,21.4152762],[106.0715993,21.4136666],[106.0715941,21.413191],[106.0717644,21.4126096],[106.0720173,21.4123117],[106.072265,21.4114324],[106.0723941,21.4104138],[106.0720956,21.4086688],[106.0719835,21.4085666],[106.0716667,21.4084464],[106.0709588,21.4086467],[106.070775,21.4086139],[106.070642,21.4084574],[106.0706302,21.4082498],[106.0706491,21.4081143],[106.0708589,21.4076224],[106.0713237,21.4068827],[106.0719763,21.4059899],[106.0732566,21.4054104],[106.0733118,21.4053035],[106.0733045,21.4051092],[106.0731959,21.4049828],[106.0728621,21.4049757],[106.0726245,21.4048871],[106.0719174,21.4041603],[106.0718473,21.4039433],[106.0719387,21.4035466],[106.0721945,21.4031209],[106.0723305,21.4022766],[106.0725224,21.402187],[106.0728311,21.4021476],[106.073215,21.402186],[106.0734705,21.4021037],[106.0738556,21.4017134],[106.074099,21.4013675],[106.0742345,21.4007582],[106.0746942,21.4003091],[106.0751554,21.3996704],[106.075287,21.3990539],[106.0751186,21.3988899],[106.0748739,21.3989351],[106.0747528,21.3988581],[106.0747173,21.3986707],[106.0750957,21.3984047],[106.0756347,21.3974879],[106.0757335,21.3970429],[106.0756122,21.3958239],[106.0757636,21.3956942],[106.0760408,21.3957152],[106.076438,21.3959377],[106.076602,21.3958603],[106.0763017,21.394353],[106.076587,21.3920341],[106.0764631,21.3913708],[106.0765244,21.3911689],[106.076703,21.3910068],[106.0775934,21.3903452],[106.0776291,21.390201],[106.0775515,21.3899945],[106.0770082,21.3890083],[106.0770216,21.3885954],[106.0776411,21.3874126],[106.0775611,21.3858862],[106.0773612,21.3843225],[106.0780409,21.3836896],[106.0793204,21.3835407],[106.0807998,21.3824982],[106.0812249,21.381301],[106.0818076,21.3808233],[106.0824123,21.3813307]]}},{"type":"Feature","properties":{"id":29},"geometry":{"type":"LineString","coordinates":[[106.3261959,21.440761],[106.3260603,21.4408156],[106.3259389,21.440894],[106.3257929,21.4410505],[106.3257024,21.4412428],[106.3255591,21.4418485],[106.3254905,21.4419593],[106.3254026,21.4420265],[106.3243183,21.4424146],[106.322878,21.4429904],[106.3226473,21.4430378],[106.3220155,21.4431152],[106.3217792,21.4430896],[106.320979,21.4428331],[106.3207919,21.4427554],[106.3206223,21.4426484],[106.3204184,21.4424487],[106.3197224,21.4414026],[106.3196507,21.4413409],[106.3195605,21.441306],[106.3194288,21.4413089],[106.3192257,21.4413872],[106.3190945,21.4414088],[106.3187245,21.4413907],[106.3185301,21.4414625],[106.3184211,21.4415647],[106.3183281,21.4416936],[106.3181064,21.4422839],[106.3179653,21.4425521],[106.3178305,21.442749],[106.3176852,21.4428406],[106.3174868,21.4428731],[106.3172159,21.4428731],[106.3170426,21.4428284],[106.3168806,21.4427557],[106.3167361,21.4426582],[106.3165365,21.4424764],[106.3164295,21.4424167],[106.3158862,21.4422544],[106.3157808,21.4421611],[106.3156341,21.4418906],[106.3154985,21.4417837],[106.3151103,21.441684],[106.3148262,21.4415858],[106.3135694,21.4409782],[106.3133,21.4408271],[106.3124655,21.4400241],[106.3112705,21.4401689],[106.3099976,21.4398464],[106.3090501,21.4399319],[106.3084844,21.4397081],[106.3082581,21.4398793],[106.3081025,21.4399451],[106.307756,21.4395962],[106.3072045,21.4393593],[106.3070913,21.4389841],[106.3064761,21.4389512],[106.306363,21.4386813],[106.3061225,21.4386879],[106.3056417,21.4383522],[106.3044466,21.4387208],[106.3042133,21.439175],[106.3039092,21.4394712],[106.3033364,21.4396226],[106.3029121,21.4394251],[106.3027424,21.4389775],[106.3022404,21.4385629],[106.3019575,21.4384378],[106.3015474,21.4382535],[106.3007766,21.4380034],[106.300218,21.4384246],[106.3000553,21.4384049],[106.2996169,21.4381087],[106.299327,21.4380955],[106.2991502,21.4386353],[106.2989168,21.4386287],[106.2986623,21.4387406],[106.2986976,21.4391487],[106.2985845,21.4392606],[106.2980188,21.4391289],[106.2975521,21.4391947],[106.2969156,21.4393527],[106.2960459,21.4390697],[106.295466,21.4389183],[106.2949498,21.4391421],[106.2948084,21.4395765],[106.2944477,21.4398464],[106.2936416,21.4398793],[106.2932951,21.4402873],[106.2933022,21.4408995],[106.2927506,21.4412746],[106.2921071,21.4412615],[106.2914919,21.4410179],[106.2911171,21.4411562],[106.2907918,21.4418933],[106.2893988,21.4422751],[106.2889604,21.4429596],[106.2888472,21.4437692],[106.2885078,21.4442299],[106.2881047,21.4444274],[106.2875178,21.4440654],[106.2868885,21.4441904],[106.286542,21.4451448],[106.2860965,21.4453488],[106.2854035,21.4452238],[106.2845691,21.4451119],[106.2842933,21.4448354],[106.2834801,21.4444932],[106.2821542,21.4435388],[106.2807545,21.4432038],[106.2793148,21.4434272],[106.2788499,21.4435069],[106.2770795,21.4422799],[106.2757626,21.4420619],[106.2751478,21.4416984],[106.2751311,21.4407095],[106.2749936,21.4403263],[106.2742176,21.4395869],[106.2731522,21.438432],[106.2725239,21.4380111]]}},{"type":"Feature","properties":{"id":30},"geometry":{"type":"LineString","coordinates":[[106.1512165,21.2492244],[106.153629,21.2489304],[106.1532749,21.2459705],[106.153511,21.2444105],[106.1542244,21.2430681],[106.154561,21.2428656],[106.1547126,21.2428406],[106.1561932,21.2434406],[106.1573519,21.2438006],[106.1583497,21.2447905],[106.1619116,21.2478604]]}},{"type":"Feature","properties":{"id":31},"geometry":{"type":"LineString","coordinates":[[105.9521803,21.3516716],[105.952309,21.3515967],[105.95247,21.3514368],[105.9525397,21.351182],[105.9525021,21.3509871],[105.9523519,21.3506224],[105.9523573,21.3504875],[105.9524324,21.3503676],[105.9525826,21.3502727],[105.9529528,21.3501078],[105.9531677,21.3498818],[105.9533822,21.349682],[105.9544444,21.3493422],[105.9553993,21.3488326],[105.955705,21.3486128],[105.9560162,21.348398],[105.9565527,21.3479233],[105.9567538,21.3476385],[105.9569549,21.3474236],[105.9570086,21.3472138],[105.95703,21.3467841],[105.9572124,21.3466642],[105.9576416,21.3466342],[105.9578347,21.3465143],[105.958178,21.3462245],[105.9585428,21.3457149],[105.9588539,21.34542],[105.9590739,21.3453002],[105.959334,21.3450878],[105.959444,21.3447468],[105.9595701,21.3446107],[105.960006,21.3445307],[105.9604311,21.344116],[105.9609514,21.3435364],[105.9611231,21.3434215],[105.9615094,21.3432666],[105.9615925,21.3431679],[105.9615952,21.3430293],[105.9615228,21.3427569],[105.9615456,21.3426208],[105.9617293,21.3425746],[105.9620162,21.3423323],[105.9621477,21.3419475],[105.9623086,21.3417776],[105.9627056,21.3415778],[105.963242,21.341218],[105.9635639,21.3406884],[105.9633708,21.3405685],[105.9632742,21.3403786],[105.9635746,21.339809],[105.9634995,21.3396091],[105.9633279,21.3394592],[105.9632742,21.3392494],[105.9632742,21.3388396],[105.9633064,21.3386398],[105.9634137,21.3384699],[105.9636068,21.3383799],[105.9637785,21.3380801],[105.9638498,21.3379184],[105.9637495,21.3375996],[105.963711,21.33749],[105.9636617,21.3373739],[105.9632635,21.3373606],[105.9632206,21.3371408],[105.9633064,21.3369509],[105.9632099,21.336761],[105.9627485,21.3366511],[105.9625876,21.3365012],[105.9624312,21.3363401],[105.9623884,21.3361204],[105.9624159,21.3359315],[105.962512,21.3358501],[105.9627805,21.3358194],[105.962831,21.3357769],[105.962796,21.3356217],[105.9627273,21.3354009],[105.9625594,21.3350133],[105.9625447,21.3348323],[105.9625103,21.3346053],[105.9625989,21.3342175],[105.962581,21.334057],[105.9622929,21.3337158],[105.9622872,21.3335131],[105.9623579,21.3333622],[105.9623507,21.3332428],[105.9622191,21.3329961]]}},{"type":"Feature","properties":{"id":32},"geometry":{"type":"LineString","coordinates":[[105.8859868,21.425905],[105.8858283,21.4255822],[105.8857671,21.4253182],[105.8858199,21.4250446],[105.8858616,21.4247676],[105.8858533,21.424646],[105.885806,21.424457],[105.8858922,21.4242267],[105.8860001,21.4241573],[105.8862174,21.4240576],[105.8863914,21.4240379],[105.8866382,21.4240379],[105.8871102,21.423958],[105.8873463,21.4238481],[105.8875072,21.4236683],[105.887726,21.4231614],[105.8878225,21.4229856],[105.8879352,21.4228254],[105.8880791,21.4226208],[105.8881504,21.4225003],[105.8881141,21.422167],[105.8880651,21.4219505],[105.8881724,21.4217507],[105.8885157,21.4214311],[105.8887303,21.4213312],[105.8890138,21.421358],[105.8895056,21.4211961],[105.8898943,21.4209267],[105.8901626,21.4208418],[105.890463,21.4208293],[105.8907285,21.4207844],[105.8911764,21.4207295],[105.8914125,21.420687],[105.8917585,21.4205821],[105.8920749,21.4204772],[105.8923057,21.4204423],[105.892649,21.4204423],[105.892885,21.4204023],[105.893239,21.4202576],[105.8934939,21.4200878],[105.8939258,21.4198505],[105.8939928,21.4198206],[105.8941671,21.4195584],[105.8942932,21.4194036],[105.8945339,21.4192107],[105.8948672,21.4189941],[105.8948886,21.4187943],[105.8948135,21.4181751],[105.8949745,21.4180253],[105.8956396,21.4177656],[105.8963263,21.4177856],[105.897249,21.4180552],[105.8978712,21.4180952],[105.8980858,21.4180752],[105.8982468,21.4179254],[105.8984184,21.4175059],[105.8986008,21.4173561],[105.8988261,21.4172562],[105.8990514,21.4172562],[105.8992123,21.417406],[105.89962,21.4176257],[105.8998668,21.4177056],[105.900296,21.4177256],[105.9004998,21.4178055],[105.9010684,21.418265],[105.9016585,21.4189841],[105.9020662,21.4192538],[105.9022701,21.4193437],[105.9025061,21.4193536],[105.9027529,21.4192937],[105.9028387,21.4184148],[105.902946,21.418205],[105.9031284,21.4180552],[105.9033859,21.4180852],[105.9034717,21.4183249],[105.9038579,21.4186245],[105.9040832,21.4186545],[105.9042871,21.4185846],[105.9043729,21.4183549],[105.9045017,21.4181851],[105.9055102,21.417436],[105.9058642,21.4171263],[105.9060144,21.4169266],[105.906229,21.4163073],[105.906347,21.4160876],[105.9066689,21.415738],[105.9067762,21.4155482],[105.9069478,21.414899],[105.9069478,21.4146793],[105.9068298,21.41406],[105.9068406,21.4137703],[105.9071624,21.4134607],[105.9073555,21.4133608],[105.9078061,21.4133309],[105.9082675,21.413221],[105.9095228,21.4125018],[105.909673,21.412352],[105.9096515,21.4121423],[105.9094798,21.4120024],[105.9088468,21.4117527],[105.9086645,21.4116329],[105.9085786,21.4107039],[105.9082675,21.409775],[105.9082782,21.4093655],[105.9084111,21.4089145],[105.9086192,21.4087827],[105.9090211,21.4086509],[105.9092978,21.4084154],[105.909457,21.4080416],[105.9096763,21.4077453],[105.9101284,21.4076056],[105.9103311,21.4074971],[105.9104788,21.4073792],[105.9105635,21.4072579],[105.9105253,21.4069673],[105.9102696,21.4065825],[105.9102578,21.4061128],[105.9104267,21.4058072],[105.9105609,21.4053773],[105.9107888,21.4048206],[105.9109282,21.4043484],[105.9112044,21.4035944],[105.9115076,21.4031925],[105.9116578,21.4030027],[105.9118805,21.4029111],[105.9123847,21.4029111],[105.9125912,21.4030027],[105.9127843,21.4031225],[105.9129989,21.4030926],[105.9130525,21.4028828],[105.912956,21.402733],[105.9124088,21.4023434],[105.9120548,21.4020337],[105.9115934,21.4014843],[105.9112501,21.4011947],[105.9106064,21.400865],[105.9101772,21.4006952],[105.9100807,21.4005154],[105.9100592,21.4003156],[105.9099734,21.4001058],[105.9097803,21.399966],[105.9093296,21.3998861],[105.9091258,21.3998062],[105.9089756,21.3996563],[105.9089863,21.3994366],[105.9093296,21.3991469],[105.9095979,21.3988073],[105.9099841,21.398078],[105.9098661,21.3973189],[105.9096944,21.3969093],[105.9096944,21.3966695],[105.9099305,21.3962899],[105.9100056,21.3960802],[105.9099519,21.3957305],[105.9096622,21.3954109],[105.9096086,21.3952111],[105.9096837,21.3950113],[105.9106922,21.3944119],[105.9108317,21.3942421],[105.9109068,21.3940223],[105.9108746,21.3938225],[105.9107673,21.3936427],[105.9106064,21.3934929],[105.9099734,21.3932931],[105.9092975,21.3929734],[105.9091258,21.3928236],[105.9087288,21.3922841],[105.9088898,21.3917247],[105.9091794,21.3910954],[105.9092331,21.3908956],[105.9092975,21.3900364],[105.9092653,21.3898267],[105.9088683,21.3892772],[105.9088683,21.3890774],[105.9089541,21.3888776],[105.9089434,21.3886678],[105.9082353,21.3880984],[105.9080744,21.3877787],[105.9080958,21.3875789],[105.9082138,21.3873891],[105.9082568,21.3867697],[105.908407,21.3865999],[105.9090721,21.3863402],[105.9091687,21.3861404],[105.909158,21.3859406],[105.9089434,21.3853012],[105.9088898,21.3848716],[105.9089112,21.3842322],[105.9089756,21.3837727],[105.9090721,21.3835729],[105.9101343,21.3830834],[105.9102094,21.3828836],[105.9101665,21.3819045],[105.9102416,21.3814649],[105.9103489,21.3812851],[105.9107458,21.3810453],[105.9108746,21.3808755],[105.910939,21.3802261],[105.9110355,21.3800363],[105.9111857,21.3798764],[105.9115827,21.3796367],[105.9117222,21.3794768],[105.9123337,21.379247],[105.9127092,21.3789973],[105.9133959,21.3788874],[105.9135997,21.3787475],[105.9135783,21.3785477],[105.913192,21.3779183],[105.9128272,21.3776685],[105.9127521,21.3774787],[105.9127951,21.3772789],[105.9136534,21.3768892],[105.9138143,21.3767194],[105.9139001,21.3765096],[105.913943,21.37608],[105.9136265,21.3751208]]}},{"type":"Feature","properties":{"id":33},"geometry":{"type":"LineString","coordinates":[[106.7568335,21.5437943],[106.7575287,21.543302],[106.7577509,21.5428907],[106.7581617,21.5421167],[106.7583005,21.5417212],[106.7586681,21.5414484],[106.7591191,21.5411597],[106.7594173,21.5409022],[106.7600716,21.5408022],[106.760675,21.5404693],[106.7610951,21.5401035],[106.7615835,21.5396963],[106.7615534,21.5392805],[106.7607055,21.5387226],[106.7597468,21.5385593],[106.758399,21.5384741],[106.7574267,21.5390094],[106.7562838,21.5389885],[106.7546921,21.5387927],[106.7543864,21.5385121],[106.7543503,21.538051],[106.7545581,21.5373927],[106.7543001,21.5361572],[106.7544917,21.535317],[106.7550921,21.5352709],[106.7558511,21.5357015],[106.7568283,21.5359814],[106.7574622,21.5357127],[106.7580925,21.5353529],[106.7585394,21.5345953],[106.758253,21.5340708],[106.7574816,21.5336797],[106.7559966,21.5325829],[106.7552631,21.5320863],[106.7544841,21.5315],[106.7539869,21.5309565],[106.7531945,21.5303837],[106.752961,21.5297791],[106.7532836,21.5294296],[106.7547127,21.529517],[106.7551448,21.5294634],[106.7556729,21.5293676],[106.756606,21.5292712],[106.7569276,21.5288957],[106.7571213,21.5284723],[106.7569988,21.5282028],[106.7564363,21.5281434],[106.7563248,21.5277954],[106.7558876,21.527354],[106.7556413,21.5271408],[106.755194,21.5264392],[106.7550284,21.5257802],[106.7553515,21.5254437],[106.755904,21.5252428],[106.756355,21.5249541],[106.7563713,21.5242891],[106.755522,21.5240569],[106.7549022,21.5234906],[106.7552877,21.5225917],[106.7569668,21.5222008],[106.7574561,21.5217007],[106.7567346,21.5211516],[106.7567824,21.5205767],[106.7561827,21.5199193],[106.7552205,21.520744],[106.7544595,21.5211726],[106.7536216,21.5205101],[106.7535274,21.519523],[106.7530182,21.5190846],[106.7524046,21.5183749],[106.7521254,21.5187621],[106.7524344,21.5195074],[106.7522411,21.5204021],[106.7506558,21.5217841],[106.749927,21.5217694],[106.7492338,21.5208675],[106.7484298,21.5199954],[106.7454906,21.518409],[106.7428286,21.5172993],[106.7409531,21.5166064],[106.7400995,21.5151756],[106.7404313,21.5139784],[106.7413891,21.5126694],[106.7410084,21.5122391],[106.7393998,21.512293],[106.7380922,21.5124715],[106.7378923,21.5116412],[106.7382292,21.5105745],[106.7396366,21.5093026],[106.7398875,21.5078217],[106.7389148,21.5076588],[106.7373771,21.5073715],[106.7369918,21.5050128],[106.7359639,21.5055945],[106.735466,21.5064842],[106.7349516,21.5069445],[106.7343625,21.5065602],[106.7344491,21.5051761],[106.735377,21.5041808],[106.7357729,21.5034602],[106.7347813,21.5015466],[106.7327451,21.499595],[106.731717,21.500897],[106.7319461,21.5020955],[106.7306374,21.5026605],[106.7293841,21.5028458],[106.7278106,21.5012696],[106.7278905,21.499714],[106.7278413,21.4980689],[106.7274302,21.4979017],[106.7270223,21.4979056],[106.7267392,21.4972962],[106.724804,21.4970579],[106.7243347,21.4964576],[106.7243028,21.4962745],[106.7260206,21.4943718],[106.7270267,21.4943121],[106.7280829,21.4926471],[106.7276797,21.4922403],[106.7271084,21.4919221],[106.7270011,21.4918871],[106.7265848,21.4920292],[106.7263734,21.491982],[106.7261857,21.4918722],[106.7259711,21.4917075],[106.7258209,21.4915228],[106.7258485,21.4913382],[106.7261904,21.4908825],[106.7284871,21.4892901],[106.7298577,21.4893784],[106.7311983,21.4885516],[106.732209,21.4856491],[106.7314539,21.4839654],[106.7309922,21.483666],[106.7303753,21.4834564],[106.7300427,21.4834065],[106.7296779,21.4834264],[106.7293185,21.4835013],[106.7289001,21.4836111],[106.7284816,21.4835812],[106.7281705,21.4835263],[106.7279881,21.4834214],[106.7279237,21.4832517],[106.7282616,21.4825751],[106.7287775,21.480851],[106.7307105,21.4797697],[106.7321179,21.4797898],[106.7327678,21.4795179],[106.7330468,21.4791485],[106.7328858,21.4770119],[106.7336034,21.4751076],[106.730052,21.4750979],[106.729658,21.4743752],[106.7317899,21.4725655],[106.7304719,21.4699099],[106.7274032,21.4702647],[106.727396,21.4679959],[106.7285794,21.466669],[106.7276806,21.4644437],[106.7279938,21.4636428],[106.7287369,21.4631682],[106.7297292,21.4623539],[106.7297308,21.4616383],[106.730165,21.4609356],[106.7322176,21.4615687],[106.7336358,21.4604158],[106.7347124,21.4593397],[106.7347812,21.458656],[106.7342038,21.4579257],[106.7342925,21.4566212],[106.7348442,21.4561189],[106.7346856,21.4548568],[106.7349696,21.4542476],[106.735775,21.4540571],[106.7370699,21.454409],[106.7386544,21.4552369],[106.7400723,21.4551807],[106.7412882,21.4545449],[106.7423598,21.4543935],[106.7437333,21.4526098],[106.7444063,21.4527849],[106.7451398,21.4524401],[106.7446411,21.4509031],[106.7454011,21.4501076],[106.7464774,21.4502964],[106.7487061,21.450615],[106.7496655,21.4504329]]}},{"type":"Feature","properties":{"id":34},"geometry":{"type":"LineString","coordinates":[[106.8080702,21.5313505],[106.8087751,21.5299684],[106.8077975,21.5293967],[106.8067962,21.5293819],[106.8050274,21.52916],[106.8047331,21.5284494],[106.8041171,21.5276912],[106.8020882,21.5281759],[106.7990189,21.5307765],[106.7961343,21.5319634],[106.7950489,21.5310157],[106.7954085,21.5296683],[106.7968184,21.5289932],[106.7983859,21.5267041],[106.7984182,21.5251748],[106.7974961,21.5248649],[106.7956987,21.5239718],[106.7943511,21.5231319],[106.7920053,21.5228014],[106.7923542,21.5206001],[106.7942794,21.517897],[106.7933564,21.5171733],[106.7920163,21.5172951],[106.789693,21.5182184],[106.7882242,21.5182594],[106.7877245,21.5180787],[106.7872767,21.5170919],[106.7866802,21.5161364],[106.7862766,21.5151428],[106.7859738,21.5142308],[106.7858623,21.5133738],[106.7853706,21.5127273],[106.7835371,21.5134697],[106.7811835,21.5140214],[106.7813635,21.512634],[106.7816074,21.511376],[106.7820817,21.5106991],[106.7827986,21.509778],[106.7830122,21.5091159],[106.7825851,21.5080921],[106.7810622,21.5081536],[106.779112,21.5091589],[106.7770929,21.5099805],[106.773503,21.5076885],[106.7722048,21.5078789],[106.7718185,21.5070858],[106.7718123,21.5062901],[106.7723663,21.5035586],[106.7719421,21.503172],[106.770941,21.5029207],[106.7695877,21.5042657],[106.7676526,21.5057748],[106.7669545,21.5055095],[106.7670171,21.5036642],[106.7672057,21.5019443],[106.7668348,21.4991065],[106.7667246,21.4985456],[106.7664134,21.498286],[106.765995,21.4980564],[106.7655337,21.4979067],[106.764847,21.4979466],[106.7645788,21.4980365],[106.7637956,21.4985256],[106.7632162,21.4989449],[106.7628622,21.4990247],[106.7624652,21.498865],[106.7617464,21.4984957],[106.7611992,21.4977669],[106.7608237,21.4972379],[106.7606735,21.4967986],[106.760695,21.4962596],[106.7609095,21.4954809],[106.7627227,21.4932748],[106.7629051,21.4928854],[106.7629158,21.4921767],[106.762476,21.4917474],[106.7620683,21.4915477],[106.7605233,21.4917174],[106.7598259,21.491987],[106.7589891,21.4921168],[106.7586565,21.4920369],[106.7584419,21.4915378],[106.7586136,21.4909687],[106.7589891,21.4904895],[106.7598903,21.4900303],[106.7604697,21.4896909],[106.7607701,21.4893715],[106.7630875,21.4858374],[106.7633343,21.4852284],[106.7634094,21.4844497],[106.7633343,21.4833516],[106.763463,21.4820837],[106.7641175,21.4802267],[106.764214,21.4798174],[106.764214,21.4792683],[106.7638495,21.4786731],[106.7632131,21.4778124],[106.7629543,21.4774186],[106.7631519,21.4769421],[106.763879,21.4764129],[106.7651391,21.4752626],[106.7653648,21.4746513],[106.7649471,21.4731416],[106.7654026,21.4721627],[106.765759,21.4718402],[106.7661415,21.4718961],[106.7667577,21.4714585],[106.7669369,21.4709171],[106.7664306,21.4701658],[106.7651271,21.4693264],[106.7640781,21.4688701],[106.7632699,21.4687351],[106.7627014,21.4691705],[106.7621543,21.4708495],[106.761564,21.4710945],[106.7605121,21.4705231],[106.7597353,21.4673754],[106.7621495,21.4651413],[106.7617687,21.4622786],[106.7620146,21.4618656],[106.7626905,21.4613264],[106.7632699,21.4607373],[106.7633557,21.4603579],[106.7632913,21.4598786],[106.7622614,21.4599185],[106.7613494,21.4600983],[106.7604697,21.4610668],[106.7595577,21.4613963],[106.758799,21.4609866],[106.7568991,21.4572659],[106.7521835,21.455165],[106.7519268,21.4551281],[106.7516237,21.4551256],[106.7513072,21.4552105],[106.7510658,21.4553503],[106.7504972,21.455877],[106.7502961,21.4559819],[106.7501137,21.4559969],[106.7499527,21.455932],[106.7497838,21.4558096],[106.749376,21.4553928],[106.7490864,21.4549709],[106.7490327,21.4545665],[106.7490536,21.4537996],[106.7497372,21.4519744],[106.7496655,21.4504329]]}},{"type":"Feature","properties":{"id":35},"geometry":{"type":"LineString","coordinates":[[106.3264366,21.4406815],[106.3261959,21.440761]]}},{"type":"Feature","properties":{"id":36},"geometry":{"type":"LineString","coordinates":[[106.329248,21.440546],[106.3289103,21.4403565],[106.3285894,21.4401233],[106.3283819,21.440007],[106.3280524,21.439875],[106.3277706,21.4398175],[106.3276043,21.439851],[106.3274681,21.4399187],[106.3273843,21.4400146],[106.3272902,21.4402192],[106.3271454,21.440349],[106.3268501,21.4405227],[106.3264366,21.4406815]]}},{"type":"Feature","properties":{"id":37},"geometry":{"type":"LineString","coordinates":[[106.0306057,21.3115472],[106.0306214,21.3116509],[106.0305558,21.3117051],[106.0304946,21.3117897],[106.0304906,21.3118531],[106.0304818,21.3119374],[106.0305226,21.3120298],[106.0305897,21.312137],[106.0305907,21.3121846],[106.0306248,21.3122468],[106.0306693,21.3123469],[106.0306383,21.3123948],[106.0306758,21.3124834],[106.0307111,21.3125257],[106.0307772,21.3126215],[106.0307639,21.3126998],[106.030748,21.3127907],[106.0307281,21.3128408],[106.0307025,21.3128845],[106.0306831,21.3128556],[106.0306308,21.3128446],[106.0305748,21.3128535],[106.0305508,21.3128847],[106.0305303,21.3129127],[106.0304905,21.3129155],[106.0304548,21.3128986],[106.030417,21.3128933],[106.030417,21.3129296],[106.0304036,21.3129792],[106.0303358,21.3130054],[106.0303162,21.3130536],[106.0296838,21.3142196],[106.0292341,21.3150134],[106.0290763,21.3153017]]}},{"type":"Feature","properties":{"id":38},"geometry":{"type":"LineString","coordinates":[[106.1444452,21.2498335],[106.1492345,21.249388],[106.1509304,21.2492499]]}},{"type":"Feature","properties":{"id":39},"geometry":{"type":"LineString","coordinates":[[106.1509304,21.2492499],[106.1512165,21.2492244]]}},{"type":"Feature","properties":{"id":40},"geometry":{"type":"LineString","coordinates":[[106.1672369,21.2525807],[106.1678554,21.2529801],[106.1702587,21.2548099],[106.175501,21.2587089],[106.1815772,21.2632129],[106.1821314,21.263555],[106.1827397,21.2637981],[106.1831639,21.2642737],[106.1841291,21.2648338],[106.1844143,21.265156],[106.184649,21.2657194],[106.1848688,21.2659528],[106.1851378,21.2659801],[106.1853474,21.2658763],[106.1859466,21.2653214],[106.1860776,21.2652601],[106.1862157,21.265251],[106.1881076,21.2667763],[106.1893608,21.2678016],[106.1903287,21.2682223]]}},{"type":"Feature","properties":{"id":41},"geometry":{"type":"LineString","coordinates":[[106.1668448,21.2523274],[106.1672369,21.2525807]]}},{"type":"Feature","properties":{"id":42},"geometry":{"type":"LineString","coordinates":[[106.162696,21.2485796],[106.163242,21.2490803],[106.1646046,21.2504103],[106.1656453,21.2514602],[106.1663534,21.2520101],[106.1668448,21.2523274]]}},{"type":"Feature","properties":{"id":43},"geometry":{"type":"LineString","coordinates":[[106.1619116,21.2478604],[106.162696,21.2485796]]}},{"type":"Feature","properties":{"id":44},"geometry":{"type":"LineString","coordinates":[[106.1355589,21.3390584],[106.1360113,21.3388938],[106.1364566,21.3383736],[106.13681,21.337814],[106.1368453,21.3375111],[106.1364636,21.3365301],[106.1365061,21.3363195],[106.1368312,21.3358783],[106.1372694,21.3355228],[106.1377148,21.3355096],[106.1378255,21.3355402]]}},{"type":"Feature","properties":{"id":45},"geometry":{"type":"LineString","coordinates":[[106.1378255,21.3355402],[106.1381369,21.3356489]]}},{"type":"Feature","properties":{"id":46},"geometry":{"type":"LineString","coordinates":[[106.1381369,21.3356489],[106.138252,21.3356676],[106.1385559,21.3355952],[106.1387679,21.3352397],[106.1386124,21.3349697]]}},{"type":"Feature","properties":{"id":47},"geometry":{"type":"LineString","coordinates":[[106.1386124,21.3349697],[106.1382096,21.3348463]]}},{"type":"Feature","properties":{"id":48},"geometry":{"type":"LineString","coordinates":[[106.2127808,21.1548568],[106.2138052,21.153501],[106.2144168,21.1526983],[106.2150111,21.1520186],[106.2153611,21.1517198],[106.2154154,21.1516657],[106.2154991,21.1515589],[106.2155336,21.1514876],[106.2155411,21.1514003],[106.2155158,21.1512378],[106.2154464,21.1510952],[106.2152896,21.1509382],[106.2151844,21.1508044],[106.2149911,21.1504669],[106.2146537,21.1499348],[106.2145582,21.1498061]]}},{"type":"Feature","properties":{"id":49},"geometry":{"type":"LineString","coordinates":[[106.7737808,21.2195875],[106.7735807,21.2198039],[106.7729243,21.2200576],[106.7716594,21.2203412],[106.7707868,21.2203188],[106.7700023,21.2204979],[106.769562,21.2206845],[106.7693699,21.2209009],[106.7692978,21.2212815],[106.7693779,21.2226546],[106.769562,21.223759],[106.7696821,21.224356],[106.7696261,21.224759],[106.7694659,21.2250052],[106.7690177,21.2251993],[106.7684733,21.2252216],[106.7678008,21.2249306],[106.7669603,21.2247366],[106.7664079,21.2247142],[106.7661124,21.2248098],[106.7659436,21.2249231],[106.7657355,21.225147],[106.7655914,21.2262141],[106.7655353,21.2265723],[106.7652311,21.2267589],[106.7649109,21.2268111],[106.7643105,21.2272066],[106.7637661,21.2278409],[106.7633899,21.2288333],[106.7631898,21.2302064],[106.7629896,21.2310048],[106.7628215,21.2312585],[106.7626134,21.2313555],[106.7623652,21.2315048],[106.7611004,21.2330195],[106.7602278,21.2336836],[106.7597395,21.2341463],[106.7594753,21.2346462],[106.7594032,21.2350118],[106.7595233,21.23537],[106.7598836,21.2358849],[106.76054,21.236258],[106.7611644,21.2367728],[106.7616928,21.2371161],[106.7629736,21.2376235],[106.7632858,21.237907],[106.7634219,21.2384069],[106.7633659,21.2387427],[106.7630857,21.2392725],[106.7625653,21.2396456],[106.7611404,21.2412498],[106.7602518,21.2420332],[106.7592511,21.2424958],[106.759027,21.2426675],[106.7588989,21.2429883],[106.7587468,21.2435628],[106.7584026,21.2441373],[106.7573218,21.2454058],[106.7568175,21.2465623],[106.7563452,21.2472189],[106.7554166,21.2478531],[106.7551364,21.2482186],[106.7550723,21.2486439],[106.7552405,21.2488976],[106.7556327,21.2491438],[106.7559289,21.249502],[106.7571377,21.2503898],[106.7582184,21.2511359],[106.7584506,21.2513896],[106.7584906,21.2518223],[106.7583866,21.2522625],[106.758104,21.2531982],[106.7580661,21.2535384],[106.7581021,21.2538434],[106.7581579,21.2540292],[106.758476,21.2547517],[106.7585452,21.2549842],[106.7586699,21.2556017],[106.7587647,21.2558401],[106.7589097,21.2560436],[106.7593411,21.2564494],[106.7595442,21.2568138],[106.7596924,21.2570063],[106.7608023,21.2579514],[106.7609546,21.2581027],[106.7610775,21.2582757],[106.7611663,21.2584623],[106.7612201,21.2586567],[106.761238,21.2589246],[106.7612126,21.2590913],[106.7611524,21.2592658],[106.7610027,21.2595023],[106.7608679,21.2596358],[106.7605044,21.2598956],[106.760103,21.2602348],[106.7597401,21.2606161],[106.7594954,21.2609316],[106.759178,21.2614655],[106.7589623,21.2620834],[106.7588174,21.2623808],[106.758002,21.2635956],[106.757826,21.2639569],[106.7576829,21.2643305],[106.7575725,21.2647193],[106.7574603,21.265396],[106.7574157,21.2659598],[106.7573912,21.2670237],[106.757287,21.2680839],[106.7573139,21.268297],[106.7574093,21.2684923],[106.7575156,21.2686115],[106.7576477,21.2687058],[106.757799,21.2687704],[106.7596837,21.2690165],[106.7601884,21.2691327],[106.7606521,21.2692946],[106.7609781,21.2694713],[106.761741,21.2700395],[106.76275,21.2706608],[106.7630478,21.2708786],[106.7633097,21.2711533],[106.7636374,21.2716863],[106.7637125,21.2717541],[106.7638308,21.271798],[106.7644573,21.2718998],[106.7647126,21.2719724],[106.7650739,21.2721324],[106.7654568,21.2723875],[106.7655578,21.272479],[106.765799,21.2727706],[106.7665318,21.2732936],[106.7667806,21.2735327],[106.7669561,21.273773],[106.7669928,21.2738787],[106.7669982,21.2740436]]}},{"type":"Feature","properties":{"id":50},"geometry":{"type":"LineString","coordinates":[[105.9624092,21.3250312],[105.9624915,21.3250282],[105.9624683,21.3246138],[105.962398,21.3243495],[105.9624119,21.3241401],[105.9626623,21.3241988],[105.9629295,21.3243985],[105.963121,21.3241792],[105.9631117,21.3238895],[105.9629847,21.3237329],[105.9626218,21.3237055],[105.9623598,21.3234197],[105.9624915,21.3231534],[105.9630154,21.3229655],[105.9630371,21.3223824],[105.9632252,21.3221482],[105.9633229,21.3220918],[105.9634134,21.3219679],[105.9633011,21.3213747],[105.9632342,21.3210175],[105.9631564,21.320886],[105.9630896,21.3206907],[105.9628981,21.3205855],[105.9626563,21.3205586],[105.9622146,21.3205517],[105.9622081,21.3203682],[105.9625463,21.3201612],[105.9625753,21.3198254]]}},{"type":"Feature","properties":{"id":51},"geometry":{"type":"LineString","coordinates":[[105.9620227,21.3250609],[105.9624092,21.3250312]]}},{"type":"Feature","properties":{"id":52},"geometry":{"type":"LineString","coordinates":[[105.9621949,21.3329006],[105.9621552,21.3327434],[105.9620945,21.3324807],[105.9620297,21.3321839],[105.9619974,21.3320777],[105.9619651,21.3318079],[105.9619209,21.3314634],[105.9617661,21.3311587],[105.9618077,21.330629],[105.9618747,21.3304184],[105.9618973,21.3301058],[105.961975,21.3299618],[105.9619397,21.3298306],[105.9617976,21.3296978],[105.9616178,21.3296654],[105.961491,21.3296868],[105.9612973,21.3295882],[105.9612679,21.3294656],[105.9612731,21.3293306],[105.9613981,21.3291924],[105.9615282,21.3291743],[105.9616242,21.3291063],[105.9616347,21.3289798],[105.9616006,21.3287706],[105.9617411,21.3285137],[105.9616881,21.3284203],[105.9615564,21.3282822],[105.9614981,21.328231],[105.9614842,21.3281383],[105.9614155,21.3280422],[105.9613157,21.3280828],[105.9612829,21.328178],[105.9612056,21.3282286],[105.9610339,21.3282054],[105.9610113,21.3279852],[105.961071,21.3278168],[105.9611991,21.3277027],[105.9613941,21.327587],[105.9614384,21.3274426],[105.9613432,21.3273815],[105.9611726,21.3273204],[105.9610158,21.3272816],[105.9609275,21.3271982],[105.9611016,21.3269994],[105.9611185,21.3268745],[105.9610517,21.3267332],[105.9610713,21.3266131],[105.9611525,21.3265791],[105.9613269,21.3263825],[105.9613915,21.3260627],[105.9613893,21.3254845],[105.9615582,21.3252982],[105.9617682,21.325166],[105.9620227,21.3250609]]}},{"type":"Feature","properties":{"id":53},"geometry":{"type":"LineString","coordinates":[[105.9622191,21.3329961],[105.9621949,21.3329006]]}}]}